Order_ID,Order_Date,Day_Name,Order_Time,City,Store,Customer_ID,Customer_Type,Gender,Age,Product_Category,Product_Name,Quantity,Unit_Price,Discount,Payment_Method,Employee,Channel,Revenue
ORD500001,2026-06-11,Thursday,21:30,Antalya,Muratpaşa,CUST10869,New,Female,20.0,Ofis,Defter,1,179,0,PayPal,EMP_08,Web,179.0
ORD500002,2026-06-21,Sunday,18:00,Bursa,Nilüfer,CUST10211,New,Male,52.0,Elektronik,Powerbank,2,899,15,Wallet,EMP_04,Mobile,1528.3
ORD500003,2026-06-18,Thursday,19:45,İstanbul,Kadıköy,CUST10499,New,Male,47.0,Spor,Koşu Çantası,1,499,0,Bank Transfer,EMP_17,Mobile,499.0
ORD500004,2026-06-16,Tuesday,20:55,İzmir,Bornova,CUST11792,Returning,Male,44.0,Elektronik,Kablosuz Mouse,1,499,0,Card,EMP_23,Mobile,499.0
ORD500005,2026-06-12,Friday,18:45,Konya,Selçuklu,CUST11369,Returning,Female,62.0,Ofis,Masa Düzenleyici,1,399,10,PayPal,EMP_15,Web,359.1
ORD500006,2026-06-12,Friday,13:05,İzmir,Bornova,CUST10280,Returning,Male,49.0,Ofis,Kalem Seti,2,229,0,PayPal,EMP_23,Web,458.0
ORD500007,2026-06-14,Sunday,21:50,Eskişehir,Odunpazarı,CUST10756,Returning,Female,55.0,Elektronik,Powerbank,1,899,10,Unknown,EMP_23,Mobile,809.1
ORD500008,2026-06-28,Sunday,17:45,Antalya,Muratpaşa,CUST10225,Returning,Female,43.0,Spor,Koşu Çantası,1,499,0,Card,EMP_04,Mobile,499.0
ORD500009,2026-06-01,Monday,18:40,İstanbul,Şişli,CUST10999,Returning,Male,34.0,Kitap,Veri Analizi 101,3,549,5,Wallet,EMP_16,Web,1564.65
ORD500010,2026-06-10,Wednesday,12:05,Konya,Selçuklu,CUST11316,New,Male,41.0,Spor,Dambıl Seti,1,1899,0,Card,EMP_17,Web,1899.0
ORD500011,2026-06-12,Friday,20:25,Konya,Selçuklu,CUST11497,New,Female,33.0,Kitap,Finans,3,459,20,Bank Transfer,EMP_26,Mobile,1101.6
ORD500012,2026-06-09,Tuesday,17:15,Adana,Seyhan,CUST11843,New,Male,32.0,Spor,Pilates Bandı,4,349,0,Wallet,EMP_30,Mobile,1396.0
ORD500013,2026-06-21,Sunday,16:50,İstanbul,Bakırköy,CUST11478,Returning,Male,45.0,Elektronik,Kablosuz Mouse,3,499,10,Wallet,EMP_13,Mobile,1347.3
ORD500014,2026-06-24,Wednesday,21:55,İstanbul,Kadıköy,CUST10043,New,Female,56.0,Elektronik,Laptop Standı,3,999,10,Wallet,EMP_17,Mobile,2697.3
ORD500015,2026-06-24,Wednesday,20:30,Gaziantep,Şehitkamil,CUST11515,Returning,Male,55.0,Ofis,Kalem Seti,1,229,0,PayPal,EMP_22,Web,229.0
ORD500016,2026-06-19,Friday,19:40,İzmir,Bornova,CUST11485,New,Female,,Spor,Koşu Çantası,1,499,15,Bank Transfer,EMP_11,Mobile,424.15
ORD500017,2026-06-22,Monday,17:40,İzmir,Bornova,CUST10907,Returning,Female,50.0,Kozmetik,Güneş Kremi,1,599,0,Card,EMP_23,Mobile,599.0
ORD500018,2026-06-09,Tuesday,17:40,Konya,Selçuklu,CUST11374,New,Male,46.0,Kitap,Kişisel Gelişim,4,349,15,Card,EMP_03,Web,1186.6
ORD500019,2026-06-07,Sunday,18:05,Eskişehir,Odunpazarı,CUST10458,New,Male,24.0,Kozmetik,Serum,2,899,15,PayPal,EMP_17,Mobile,1528.3
ORD500020,2026-06-13,Saturday,16:15,Ankara,Çankaya,CUST10468,New,Female,51.0,Ofis,Defter,1,179,5,Card,EMP_09,Mobile,170.05
ORD500021,2026-06-09,Tuesday,10:10,İstanbul,Kadıköy,CUST10375,Returning,Female,49.0,Ofis,Masa Düzenleyici,1,399,5,Card,EMP_09,Mobile,379.05
ORD500022,2026-06-01,Monday,18:20,İstanbul,Kadıköy,CUST10224,New,Male,35.0,Elektronik,Bluetooth Kulaklık,1,1299,0,Card,EMP_02,Web,1299.0
ORD500023,2026-06-06,Saturday,14:20,Antalya,Muratpaşa,CUST10915,New,Male,,Ev,Saklama Kabı,2,299,0,Bank Transfer,EMP_22,Web,598.0
ORD500024,2026-06-16,Tuesday,18:30,Gaziantep,Şehitkamil,CUST10029,New,Male,58.0,Kitap,Roman,1,299,10,Wallet,EMP_14,Mobile,269.1
ORD500025,2026-06-06,Saturday,11:50,Kocaeli,İzmit,CUST10500,New,Male,34.0,Kitap,Kişisel Gelişim,2,349,0,Wallet,EMP_07,Mobile,698.0
ORD500026,2026-06-12,Friday,14:25,Ankara,Yenimahalle,CUST11289,New,Female,23.0,Ev,Termos,1,549,10,Card,EMP_19,Web,494.1
ORD500027,2026-06-17,Wednesday,20:10,Antalya,Muratpaşa,CUST10285,New,Female,20.0,Ofis,Ajanda,1,319,10,PayPal,EMP_03,Mobile,287.1
ORD500028,2026-06-01,Monday,10:50,Ankara,Çankaya,CUST11532,New,Female,61.0,Ev,Blender,2,2199,5,Unknown,EMP_24,Mobile,4178.1
ORD500029,2026-06-24,Wednesday,17:05,Kocaeli,İzmit,CUST11316,New,Female,42.0,Ofis,Kalem Seti,1,229,5,Wallet,EMP_20,Mobile,217.55
ORD500030,2026-06-05,Friday,16:50,Konya,Selçuklu,CUST11057,Returning,Male,61.0,Kitap,Roman,1,299,0,Bank Transfer,EMP_15,Web,299.0
ORD500031,2026-06-15,Monday,19:40,İstanbul,Kadıköy,CUST10431,New,Female,46.0,Kozmetik,Güneş Kremi,1,599,0,PayPal,EMP_05,Mobile,599.0
ORD500032,2026-06-24,Wednesday,17:25,İstanbul,Bakırköy,CUST10923,Returning,Male,49.0,Spor,Yoga Matı,2,699,0,Unknown,EMP_24,Mobile,1398.0
ORD500033,2026-06-05,Friday,17:30,Ankara,Yenimahalle,CUST10799,New,Male,,Elektronik,Akıllı Saat,3,3499,0,Wallet,EMP_30,Web,10497.0
ORD500034,2026-06-14,Sunday,19:00,Ankara,Çankaya,CUST10059,Returning,Female,38.0,Ofis,Masa Düzenleyici,3,399,0,Wallet,EMP_24,Mobile,1197.0
ORD500035,2026-06-03,Wednesday,11:55,İzmir,Bornova,CUST11512,Returning,Male,28.0,Kitap,Kişisel Gelişim,1,349,15,Wallet,EMP_21,Web,296.65
ORD500036,2026-06-08,Monday,15:40,Antalya,Muratpaşa,CUST10285,New,Female,53.0,Elektronik,Powerbank,1,899,5,Wallet,EMP_03,Mobile,854.05
ORD500037,2026-06-06,Saturday,16:05,Ankara,Yenimahalle,CUST11020,Returning,Male,65.0,Ev,Saklama Kabı,2,299,0,PayPal,EMP_05,Mobile,598.0
ORD500038,2026-06-22,Monday,17:50,Konya,Selçuklu,CUST11564,Returning,Male,37.0,Elektronik,Powerbank,1,899,5,Card,EMP_01,Mobile,854.05
ORD500039,2026-06-03,Wednesday,16:40,Kocaeli,İzmit,CUST10002,New,Female,24.0,Elektronik,Bluetooth Kulaklık,1,1299,0,PayPal,EMP_19,Mobile,1299.0
ORD500040,2026-06-30,Tuesday,10:55,Ankara,Çankaya,CUST11230,New,Female,22.0,Kitap,Finans,2,459,10,Bank Transfer,EMP_18,Web,826.2
ORD500041,2026-06-10,Wednesday,21:20,Gaziantep,Şehitkamil,CUST11325,Returning,Female,59.0,Spor,Dambıl Seti,1,1899,0,Card,EMP_09,Mobile,1899.0
ORD500042,2026-06-08,Monday,18:25,İstanbul,Kadıköy,CUST10638,New,Female,36.0,Kitap,Bilim,1,429,0,Card,EMP_15,Mobile,429.0
ORD500043,2026-06-08,Monday,15:20,İstanbul,Bakırköy,CUST10048,New,Male,21.0,Spor,Dambıl Seti,3,1899,5,Bank Transfer,EMP_02,Web,5412.15
ORD500044,2026-06-23,Tuesday,11:30,İzmir,Karşıyaka,CUST11718,Returning,Male,51.0,Ofis,Defter,4,179,0,Card,EMP_15,Mobile,716.0
ORD500045,2026-06-06,Saturday,12:05,İstanbul,Şişli,CUST10400,Returning,Male,37.0,Ev,French Press,3,649,10,PayPal,EMP_07,Mobile,1752.3
ORD500046,2026-06-11,Thursday,16:35,İstanbul,Şişli,CUST10557,Returning,Female,21.0,Elektronik,Kablosuz Mouse,1,499,0,Card,EMP_09,Web,499.0
ORD500047,2026-06-24,Wednesday,19:25,Eskişehir,Odunpazarı,CUST11953,Returning,Male,19.0,Elektronik,Laptop Standı,3,999,5,Card,EMP_30,Mobile,2847.15
ORD500048,2026-06-14,Sunday,19:10,Eskişehir,Odunpazarı,CUST10327,New,Male,38.0,Elektronik,Akıllı Saat,3,3499,10,Card,EMP_03,Web,9447.3
ORD500049,2026-06-21,Sunday,10:40,Bursa,Nilüfer,CUST10943,New,Female,44.0,Kozmetik,Güneş Kremi,5,599,0,PayPal,EMP_25,Web,2995.0
ORD500050,2026-06-27,Saturday,15:20,Bursa,Nilüfer,CUST10503,New,Female,36.0,Ev,Masa Lambası,1,899,0,Bank Transfer,EMP_21,Web,899.0
ORD500051,2026-06-15,Monday,21:05,İstanbul,Kadıköy,CUST11773,New,Male,30.0,Ofis,Masa Düzenleyici,1,399,0,Bank Transfer,EMP_20,Web,399.0
ORD500052,2026-06-09,Tuesday,19:50,Gaziantep,Şehitkamil,CUST11871,New,Female,20.0,Kitap,Finans,1,459,0,Wallet,EMP_27,Mobile,459.0
ORD500053,2026-06-11,Thursday,16:25,İstanbul,Şişli,CUST10335,Returning,Male,24.0,Elektronik,Bluetooth Kulaklık,2,1299,5,Bank Transfer,EMP_14,Web,2468.1
ORD500054,2026-06-10,Wednesday,18:30,Gaziantep,Şehitkamil,CUST10012,Returning,Female,41.0,Ofis,Masa Düzenleyici,1,399,0,PayPal,EMP_14,Web,399.0
ORD500055,2026-06-04,Thursday,20:30,Bursa,Nilüfer,CUST10712,Returning,Female,43.0,Spor,Dambıl Seti,1,1899,0,Wallet,EMP_17,Web,1899.0
ORD500056,2026-06-06,Saturday,20:05,Ankara,Çankaya,CUST11271,Returning,Female,58.0,Ev,French Press,4,649,5,Bank Transfer,EMP_27,Mobile,2466.2
ORD500057,2026-06-16,Tuesday,14:15,İstanbul,Bakırköy,CUST10798,Returning,Male,30.0,Elektronik,Akıllı Saat,1,3499,0,Card,EMP_21,Web,3499.0
ORD500058,2026-06-14,Sunday,15:15,İzmir,Karşıyaka,CUST10819,New,Female,46.0,Spor,Suluk,2,249,0,PayPal,EMP_05,Mobile,498.0
ORD500059,2026-06-12,Friday,17:05,Konya,Selçuklu,CUST10052,New,Female,50.0,Elektronik,Powerbank,1,899,10,PayPal,EMP_07,Mobile,809.1
ORD500060,2026-06-05,Friday,21:35,Ankara,Çankaya,CUST10520,Returning,Female,28.0,Kitap,Roman,1,299,0,Wallet,EMP_19,Mobile,299.0
ORD500061,2026-06-09,Tuesday,18:15,Ankara,Çankaya,CUST11303,Returning,Male,42.0,Elektronik,Kablosuz Mouse,1,499,15,Wallet,EMP_18,Mobile,424.15
ORD500062,2026-06-17,Wednesday,18:05,İstanbul,Bakırköy,CUST10471,New,Female,41.0,Kitap,Bilim,2,429,0,Wallet,EMP_10,Web,858.0
ORD500063,2026-06-27,Saturday,17:20,Antalya,Muratpaşa,CUST10093,New,Female,41.0,Ofis,Defter,2,179,0,Bank Transfer,EMP_01,Mobile,358.0
ORD500064,2026-06-19,Friday,16:05,Bursa,Nilüfer,CUST10305,Returning,Female,48.0,Ev,Masa Lambası,2,899,0,Card,EMP_03,Web,1798.0
ORD500065,2026-06-21,Sunday,13:50,Konya,Selçuklu,CUST10090,New,Female,55.0,Ofis,Defter,2,179,10,PayPal,EMP_13,Mobile,322.2
ORD500066,2026-06-06,Saturday,14:00,Eskişehir,Odunpazarı,CUST10633,New,Male,56.0,Elektronik,Laptop Standı,3,999,0,PayPal,EMP_21,Web,2997.0
ORD500067,2026-06-02,Tuesday,21:55,Konya,Selçuklu,CUST10252,Returning,Male,46.0,Ev,Blender,2,2199,5,Card,EMP_23,Mobile,4178.1
ORD500068,2026-06-02,Tuesday,15:40,Adana,Seyhan,CUST10669,New,Male,33.0,Ev,Termos,1,549,5,Bank Transfer,EMP_11,Mobile,521.55
ORD500069,2026-06-20,Saturday,14:50,Eskişehir,Odunpazarı,CUST11198,New,Female,32.0,Spor,Koşu Çantası,3,499,15,Wallet,EMP_05,Web,1272.45
ORD500070,2026-06-02,Tuesday,10:05,Antalya,Muratpaşa,CUST11209,Returning,Female,59.0,Ev,Termos,2,549,0,Card,EMP_27,Web,1098.0
ORD500071,2026-06-27,Saturday,17:50,İstanbul,Bakırköy,CUST11621,New,Male,58.0,Kozmetik,Güneş Kremi,1,599,0,Wallet,EMP_11,Web,599.0
ORD500072,2026-06-11,Thursday,17:00,Ankara,Yenimahalle,CUST11062,New,Male,48.0,Elektronik,Akıllı Saat,3,3499,10,Card,EMP_16,Web,9447.3
ORD500073,2026-06-23,Tuesday,10:45,İstanbul,Kadıköy,CUST11690,New,Male,,Spor,Pilates Bandı,1,349,0,PayPal,EMP_19,Mobile,349.0
ORD500074,2026-06-12,Friday,21:40,İstanbul,Kadıköy,CUST11611,New,Male,58.0,Ev,Termos,4,549,0,PayPal,EMP_12,Mobile,2196.0
ORD500075,2026-06-04,Thursday,16:30,Eskişehir,Odunpazarı,CUST11933,Returning,Female,52.0,Ev,French Press,1,649,0,PayPal,EMP_18,Mobile,649.0
ORD500076,2026-06-20,Saturday,19:45,Antalya,Muratpaşa,CUST10946,New,Female,46.0,Kitap,Finans,2,459,10,Wallet,EMP_09,Web,826.2
ORD500077,2026-06-10,Wednesday,19:45,İstanbul,Kadıköy,CUST10400,Returning,Female,30.0,Kozmetik,Serum,2,899,0,Card,EMP_05,Mobile,1798.0
ORD500078,2026-06-26,Friday,15:20,İzmir,Bornova,CUST11295,Returning,Male,18.0,Elektronik,Bluetooth Kulaklık,1,1299,15,PayPal,EMP_01,Mobile,1104.15
ORD500079,2026-06-05,Friday,15:55,İzmir,Bornova,CUST10929,Returning,Male,32.0,Kozmetik,Şampuan,2,319,5,Bank Transfer,EMP_09,Mobile,606.1
ORD500080,2026-06-21,Sunday,19:30,İstanbul,Şişli,CUST10021,Returning,Male,44.0,Ofis,Kalem Seti,2,229,0,Bank Transfer,EMP_30,Web,458.0
ORD500081,2026-06-04,Thursday,10:40,İstanbul,Bakırköy,CUST11697,Returning,Male,52.0,Ofis,Kalem Seti,1,229,0,PayPal,EMP_14,Mobile,229.0
ORD500082,2026-06-24,Wednesday,21:15,Gaziantep,Şehitkamil,CUST11874,Returning,Male,34.0,Ev,French Press,2,649,5,PayPal,EMP_19,Web,1233.1
ORD500083,2026-06-09,Tuesday,12:20,Konya,Selçuklu,CUST10462,New,Male,22.0,Kozmetik,Şampuan,1,319,0,Bank Transfer,EMP_22,Mobile,319.0
ORD500084,2026-06-21,Sunday,20:30,İzmir,Karşıyaka,CUST11649,Returning,Male,42.0,Ofis,Kalem Seti,2,229,5,PayPal,EMP_08,Mobile,435.1
ORD500085,2026-06-21,Sunday,15:35,İzmir,Bornova,CUST11192,New,Female,54.0,Kitap,Kişisel Gelişim,2,349,0,Bank Transfer,EMP_07,Web,698.0
ORD500086,2026-06-03,Wednesday,18:20,Antalya,Muratpaşa,CUST11600,New,Male,43.0,Kozmetik,Yüz Temizleyici,2,429,0,Bank Transfer,EMP_07,Mobile,858.0
ORD500087,2026-06-16,Tuesday,19:40,İstanbul,Şişli,CUST11434,Returning,Female,26.0,Kitap,Veri Analizi 101,2,549,0,Card,EMP_16,Mobile,1098.0
ORD500088,2026-06-06,Saturday,18:55,İstanbul,Şişli,CUST11324,New,Female,44.0,Spor,Koşu Çantası,2,499,0,Card,EMP_20,Web,998.0
ORD500089,2026-06-02,Tuesday,19:25,Konya,Selçuklu,CUST10699,Returning,Female,44.0,Spor,Suluk,2,249,0,Wallet,EMP_10,Mobile,498.0
ORD500090,2026-06-14,Sunday,16:20,Bursa,Nilüfer,CUST10649,Returning,Female,40.0,Ev,Blender,2,2199,5,PayPal,EMP_19,Web,4178.1
ORD500091,2026-06-21,Sunday,12:00,Ankara,Yenimahalle,CUST11252,Returning,Female,48.0,Spor,Yoga Matı,1,699,0,Card,EMP_21,Mobile,699.0
ORD500092,2026-06-22,Monday,19:45,Kocaeli,İzmit,CUST10755,New,Male,20.0,Elektronik,Kablosuz Mouse,2,499,0,Card,EMP_18,Mobile,998.0
ORD500093,2026-06-23,Tuesday,15:20,İstanbul,Kadıköy,CUST10862,Returning,Male,49.0,Ev,Blender,2,2199,5,Card,EMP_03,Mobile,4178.1
ORD500094,2026-06-01,Monday,19:45,Antalya,Muratpaşa,CUST10249,New,Female,27.0,Spor,Suluk,1,249,0,Unknown,EMP_28,Mobile,249.0
ORD500095,2026-06-04,Thursday,12:00,İstanbul,Bakırköy,CUST11020,Returning,Male,62.0,Elektronik,Powerbank,4,899,0,Card,EMP_30,Mobile,3596.0
ORD500096,2026-06-02,Tuesday,19:00,İstanbul,Bakırköy,CUST11943,Returning,Male,28.0,Kitap,Finans,1,459,0,PayPal,EMP_22,Web,459.0
ORD500097,2026-06-06,Saturday,13:05,Ankara,Çankaya,CUST11440,Returning,Female,54.0,Kitap,Bilim,2,429,10,Wallet,EMP_27,Mobile,772.2
ORD500098,2026-06-05,Friday,18:20,Bursa,Nilüfer,CUST11201,New,Male,36.0,Ev,Blender,2,2199,15,Wallet,EMP_27,Mobile,3738.3
ORD500099,2026-06-05,Friday,19:45,İstanbul,Bakırköy,CUST10809,Returning,Female,42.0,Kitap,Bilim,1,429,0,Bank Transfer,EMP_30,Web,429.0
ORD500100,2026-06-09,Tuesday,18:00,Konya,Selçuklu,CUST10976,New,Female,55.0,Spor,Koşu Çantası,3,499,10,Wallet,EMP_07,Mobile,1347.3
ORD500101,2026-06-07,Sunday,12:55,Ankara,Yenimahalle,CUST11223,New,Male,24.0,Ev,Saklama Kabı,4,299,0,PayPal,EMP_09,Web,1196.0
ORD500102,2026-06-17,Wednesday,18:05,İstanbul,Bakırköy,CUST10411,New,Male,24.0,Spor,Koşu Çantası,1,499,15,Bank Transfer,EMP_03,Web,424.15
ORD500103,2026-06-01,Monday,11:40,Ankara,Yenimahalle,CUST10183,Returning,Female,63.0,Spor,Yoga Matı,3,699,5,Wallet,EMP_15,Web,1992.15
ORD500104,2026-06-28,Sunday,13:15,Gaziantep,Şehitkamil,CUST11546,New,Female,21.0,Elektronik,Akıllı Saat,4,3499,0,PayPal,EMP_22,Web,13996.0
ORD500105,2026-06-24,Wednesday,15:45,İzmir,Bornova,CUST10958,New,Female,28.0,Spor,Pilates Bandı,1,349,0,Bank Transfer,EMP_06,Mobile,349.0
ORD500106,2026-06-30,Tuesday,20:05,Eskişehir,Odunpazarı,CUST11685,New,Male,42.0,Kozmetik,Yüz Temizleyici,2,429,20,Card,EMP_04,Web,686.4
ORD500107,2026-06-21,Sunday,16:25,İstanbul,Kadıköy,CUST10685,New,Male,44.0,Elektronik,Kablosuz Mouse,2,499,0,Card,EMP_16,Mobile,998.0
ORD500108,2026-06-04,Thursday,16:35,İstanbul,Bakırköy,CUST11894,New,Female,30.0,Elektronik,Powerbank,2,899,10,PayPal,EMP_13,Mobile,1618.2
ORD500109,2026-06-10,Wednesday,17:10,İstanbul,Bakırköy,CUST11078,Returning,Female,39.0,Kozmetik,Yüz Temizleyici,4,429,0,Unknown,EMP_12,Mobile,1716.0
ORD500110,2026-06-14,Sunday,10:30,İstanbul,Bakırköy,CUST10280,New,Male,23.0,Elektronik,Powerbank,1,899,0,PayPal,EMP_07,Web,899.0
ORD500111,2026-06-01,Monday,11:55,Bursa,Nilüfer,CUST11785,Returning,Female,49.0,Spor,Pilates Bandı,1,349,10,PayPal,EMP_06,Mobile,314.1
ORD500112,2026-06-19,Friday,20:25,İstanbul,Bakırköy,CUST11772,Returning,Male,51.0,Ev,Saklama Kabı,3,299,0,Wallet,EMP_19,Mobile,897.0
ORD500113,2026-06-25,Thursday,20:20,Kocaeli,İzmit,CUST11137,New,Female,23.0,Spor,Yoga Matı,1,699,5,Bank Transfer,EMP_04,Web,664.05
ORD500114,2026-06-30,Tuesday,19:15,İstanbul,Bakırköy,CUST11199,Returning,Female,24.0,Kitap,Bilim,1,429,10,Card,EMP_04,Mobile,386.1
ORD500115,2026-06-04,Thursday,16:10,Bursa,Nilüfer,CUST11234,New,Male,19.0,Kozmetik,Yüz Temizleyici,2,429,5,PayPal,EMP_02,Mobile,815.1
ORD500116,2026-06-25,Thursday,16:30,İstanbul,Şişli,CUST10510,Returning,Female,53.0,Ofis,Monitör Yükseltici,3,1199,15,Bank Transfer,EMP_12,Mobile,3057.45
ORD500117,2026-06-04,Thursday,17:05,Ankara,Çankaya,CUST10544,Returning,Female,47.0,Spor,Yoga Matı,1,699,0,Card,EMP_20,Mobile,699.0
ORD500118,2026-06-04,Thursday,15:40,İstanbul,Kadıköy,CUST11908,New,Male,21.0,Kozmetik,Serum,1,899,0,Wallet,EMP_04,Mobile,899.0
ORD500119,2026-06-17,Wednesday,12:20,Eskişehir,Odunpazarı,CUST10943,Returning,Male,62.0,Ev,French Press,2,649,0,PayPal,EMP_16,Mobile,1298.0
ORD500120,2026-06-27,Saturday,15:15,Ankara,Çankaya,CUST10442,Returning,Female,33.0,Spor,Suluk,5,249,0,Wallet,EMP_25,Web,1245.0
ORD500121,2026-06-01,Monday,13:05,Antalya,Muratpaşa,CUST10287,New,Male,24.0,Spor,Yoga Matı,1,699,10,Bank Transfer,EMP_27,Mobile,629.1
ORD500122,2026-06-27,Saturday,17:55,Kocaeli,İzmit,CUST10855,Returning,Female,55.0,Ev,Termos,2,549,0,PayPal,EMP_13,Mobile,1098.0
ORD500123,2026-06-28,Sunday,17:35,Ankara,Yenimahalle,CUST11099,Returning,Female,65.0,Ev,Blender,2,2199,5,PayPal,EMP_14,Web,4178.1
ORD500124,2026-06-19,Friday,16:15,İstanbul,Şişli,CUST11834,Returning,Male,45.0,Ev,Saklama Kabı,3,299,20,Card,EMP_30,Web,717.6
ORD500125,2026-06-18,Thursday,19:40,Antalya,Muratpaşa,CUST10139,New,Female,20.0,Spor,Koşu Çantası,2,499,0,Wallet,EMP_14,Web,998.0
ORD500126,2026-06-12,Friday,17:50,Bursa,Nilüfer,CUST10153,Returning,Female,55.0,Kozmetik,Şampuan,1,319,0,Card,EMP_04,Web,319.0
ORD500127,2026-06-21,Sunday,20:55,Ankara,Yenimahalle,CUST11303,New,Male,21.0,Kitap,Finans,1,459,5,Card,EMP_01,Mobile,436.05
ORD500128,2026-06-26,Friday,09:55,Adana,Seyhan,CUST11053,New,Female,30.0,Kozmetik,Şampuan,3,319,5,Wallet,EMP_14,Mobile,909.15
ORD500129,2026-06-20,Saturday,12:10,Bursa,Nilüfer,CUST10564,New,Female,21.0,Elektronik,Bluetooth Kulaklık,2,1299,5,Wallet,EMP_09,Web,2468.1
ORD500130,2026-06-21,Sunday,12:45,İstanbul,Kadıköy,CUST11906,New,Male,20.0,Spor,Suluk,2,249,0,Bank Transfer,EMP_01,Web,498.0
ORD500131,2026-06-29,Monday,20:35,Ankara,Yenimahalle,CUST11457,Returning,Female,61.0,Kozmetik,Şampuan,4,319,0,Bank Transfer,EMP_26,Web,1276.0
ORD500132,2026-06-28,Sunday,14:10,İstanbul,Şişli,CUST11869,Returning,Female,42.0,Elektronik,Akıllı Saat,2,3499,0,Card,EMP_13,Mobile,6998.0
ORD500133,2026-06-07,Sunday,17:25,İstanbul,Kadıköy,CUST11628,New,Female,35.0,Ev,French Press,1,649,0,Bank Transfer,EMP_12,Mobile,649.0
ORD500134,2026-06-12,Friday,14:30,Ankara,Çankaya,CUST10753,New,Male,26.0,Ev,Blender,1,2199,0,Wallet,EMP_20,Mobile,2199.0
ORD500135,2026-06-17,Wednesday,14:05,Adana,Seyhan,CUST11422,New,Female,63.0,Spor,Pilates Bandı,2,349,10,Wallet,EMP_11,Mobile,628.2
ORD500136,2026-06-07,Sunday,18:05,İstanbul,Şişli,CUST11861,Returning,Female,26.0,Ofis,Masa Düzenleyici,1,399,10,PayPal,EMP_30,Mobile,359.1
ORD500137,2026-06-09,Tuesday,13:25,Adana,Seyhan,CUST11869,New,Female,43.0,Kozmetik,Güneş Kremi,2,599,10,Card,EMP_13,Web,1078.2
ORD500138,2026-06-02,Tuesday,18:30,İstanbul,Şişli,CUST10890,Returning,Female,54.0,Elektronik,Bluetooth Kulaklık,2,1299,5,PayPal,EMP_04,Web,2468.1
ORD500139,2026-06-27,Saturday,19:50,Ankara,Çankaya,CUST11871,New,Male,20.0,Kozmetik,Parfüm,2,1799,0,Bank Transfer,EMP_23,Web,3598.0
ORD500140,2026-06-24,Wednesday,16:55,Antalya,Muratpaşa,CUST10421,Returning,Female,39.0,Ev,French Press,1,649,15,PayPal,EMP_16,Mobile,551.65
ORD500141,2026-06-25,Thursday,14:55,Kocaeli,İzmit,CUST10412,Returning,Female,33.0,Elektronik,Powerbank,4,899,5,Bank Transfer,EMP_05,Mobile,3416.2
ORD500142,2026-06-22,Monday,19:50,İzmir,Bornova,CUST11289,New,Male,26.0,Elektronik,Kablosuz Mouse,1,499,5,Bank Transfer,EMP_25,Web,474.05
ORD500143,2026-06-06,Saturday,19:10,Antalya,Muratpaşa,CUST10226,Returning,Male,49.0,Ofis,Ajanda,4,319,0,Card,EMP_04,Web,1276.0
ORD500144,2026-06-06,Saturday,16:35,Bursa,Nilüfer,CUST10889,Returning,Female,63.0,Elektronik,Bluetooth Kulaklık,2,1299,5,Wallet,EMP_26,Mobile,2468.1
ORD500145,2026-06-18,Thursday,16:25,Eskişehir,Odunpazarı,CUST11306,New,Female,19.0,Kitap,Kişisel Gelişim,2,349,0,Bank Transfer,EMP_26,Web,698.0
ORD500146,2026-06-24,Wednesday,20:55,Antalya,Muratpaşa,CUST11160,Returning,Female,41.0,Elektronik,Akıllı Saat,1,3499,0,Wallet,EMP_07,Web,3499.0
ORD500147,2026-06-16,Tuesday,17:55,İstanbul,Şişli,CUST10981,New,Female,58.0,Kitap,Veri Analizi 101,1,549,0,Card,EMP_24,Mobile,549.0
ORD500148,2026-06-12,Friday,09:45,Kocaeli,İzmit,CUST11851,New,Male,39.0,Elektronik,Bluetooth Kulaklık,2,1299,5,Card,EMP_10,Mobile,2468.1
ORD500149,2026-06-01,Monday,17:45,Adana,Seyhan,CUST11661,New,Male,58.0,Spor,Koşu Çantası,1,499,5,PayPal,EMP_20,Mobile,474.05
ORD500150,2026-06-22,Monday,15:45,İzmir,Karşıyaka,CUST10174,New,Male,19.0,Spor,Dambıl Seti,1,1899,0,Bank Transfer,EMP_18,Mobile,1899.0
ORD500151,2026-06-19,Friday,21:25,Bursa,Nilüfer,CUST11372,Returning,Male,65.0,Ev,French Press,1,649,20,Wallet,EMP_08,Web,519.2
ORD500152,2026-06-18,Thursday,17:40,Bursa,Nilüfer,CUST11055,New,Male,46.0,Ofis,Monitör Yükseltici,2,1199,15,Card,EMP_27,Mobile,2038.3
ORD500153,2026-06-22,Monday,16:10,Gaziantep,Şehitkamil,CUST10436,Returning,Male,33.0,Spor,Yoga Matı,1,699,10,Card,EMP_04,Mobile,629.1
ORD500154,2026-06-23,Tuesday,13:05,Antalya,Muratpaşa,CUST11509,Returning,Male,65.0,Spor,Pilates Bandı,1,349,10,Wallet,EMP_02,Web,314.1
ORD500155,2026-06-27,Saturday,18:05,Ankara,Yenimahalle,CUST10232,New,Male,30.0,Ofis,Defter,1,179,15,Card,EMP_04,Mobile,152.15
ORD500156,2026-06-03,Wednesday,19:10,İstanbul,Şişli,CUST10701,New,Male,62.0,Kozmetik,Şampuan,3,319,5,Wallet,EMP_17,Web,909.15
ORD500157,2026-06-16,Tuesday,20:00,İstanbul,Bakırköy,CUST10637,New,Female,46.0,Ofis,Monitör Yükseltici,1,1199,5,Card,EMP_07,Mobile,1139.05
ORD500158,2026-06-06,Saturday,20:55,İzmir,Karşıyaka,CUST10294,Returning,Male,19.0,Ev,Masa Lambası,2,899,0,Card,EMP_09,Mobile,1798.0
ORD500159,2026-06-03,Wednesday,17:20,Ankara,Çankaya,CUST11628,New,Female,30.0,Kozmetik,Güneş Kremi,3,599,15,Card,EMP_22,Web,1527.45
ORD500160,2026-06-03,Wednesday,15:25,Adana,Seyhan,CUST11657,New,Male,60.0,Ev,Saklama Kabı,2,299,0,PayPal,EMP_05,Mobile,598.0
ORD500161,2026-06-05,Friday,14:50,İzmir,Karşıyaka,CUST11893,New,Female,64.0,Ev,Masa Lambası,4,899,5,Wallet,EMP_10,Web,3416.2
ORD500162,2026-06-19,Friday,16:35,Ankara,Yenimahalle,CUST10041,New,Female,34.0,Ofis,Defter,3,179,0,Bank Transfer,EMP_13,Web,537.0
ORD500163,2026-06-15,Monday,14:45,Ankara,Çankaya,CUST11315,New,Male,54.0,Elektronik,Bluetooth Kulaklık,4,1299,5,Unknown,EMP_30,Web,4936.2
ORD500164,2026-06-01,Monday,14:25,Kocaeli,İzmit,CUST11012,Returning,Male,44.0,Kitap,Bilim,2,429,10,Card,EMP_15,Web,772.2
ORD500165,2026-06-28,Sunday,09:25,Bursa,Nilüfer,CUST10704,New,Male,27.0,Elektronik,Laptop Standı,2,999,10,Card,EMP_08,Web,1798.2
ORD500166,2026-06-24,Wednesday,18:55,İzmir,Bornova,CUST10974,New,Male,53.0,Ofis,Masa Düzenleyici,2,399,5,Wallet,EMP_05,Web,758.1
ORD500167,2026-06-21,Sunday,14:05,Eskişehir,Odunpazarı,CUST11752,New,Female,56.0,Elektronik,Laptop Standı,1,999,5,Bank Transfer,EMP_12,Mobile,949.05
ORD500168,2026-06-25,Thursday,19:35,Gaziantep,Şehitkamil,CUST10822,Returning,Female,19.0,Elektronik,Akıllı Saat,3,3499,0,Card,EMP_08,Mobile,10497.0
ORD500169,2026-06-19,Friday,16:30,Gaziantep,Şehitkamil,CUST11021,New,Female,31.0,Elektronik,Bluetooth Kulaklık,1,1299,0,PayPal,EMP_16,Web,1299.0
ORD500170,2026-06-28,Sunday,20:20,Gaziantep,Şehitkamil,CUST11601,New,Male,61.0,Ofis,Masa Düzenleyici,1,399,0,PayPal,EMP_02,Web,399.0
ORD500171,2026-06-25,Thursday,19:35,İstanbul,Kadıköy,CUST10199,New,Male,18.0,Kozmetik,Serum,2,899,10,Wallet,EMP_22,Mobile,1618.2
ORD500172,2026-06-13,Saturday,12:25,Antalya,Muratpaşa,CUST10098,Returning,Female,50.0,Kozmetik,Güneş Kremi,2,599,0,PayPal,EMP_29,Mobile,1198.0
ORD500173,2026-06-04,Thursday,12:35,Gaziantep,Şehitkamil,CUST10158,Returning,Female,50.0,Elektronik,Powerbank,2,899,0,Wallet,EMP_28,Mobile,1798.0
ORD500174,2026-06-29,Monday,14:05,İstanbul,Kadıköy,CUST10084,Returning,Male,44.0,Elektronik,Akıllı Saat,1,3499,0,Wallet,EMP_18,Web,3499.0
ORD500175,2026-06-11,Thursday,19:55,Adana,Seyhan,CUST10489,Returning,Male,42.0,Ev,Saklama Kabı,1,299,20,Bank Transfer,EMP_08,Mobile,239.2
ORD500176,2026-06-27,Saturday,14:05,İstanbul,Bakırköy,CUST10963,Returning,Male,38.0,Ofis,Defter,2,179,5,Card,EMP_08,Mobile,340.1
ORD500177,2026-06-27,Saturday,18:55,Kocaeli,İzmit,CUST11756,Returning,Male,52.0,Ofis,Ajanda,5,319,0,Wallet,EMP_19,Mobile,1595.0
ORD500178,2026-06-08,Monday,21:05,Eskişehir,Odunpazarı,CUST11752,New,Male,27.0,Spor,Koşu Çantası,1,499,0,PayPal,EMP_13,Mobile,499.0
ORD500179,2026-06-12,Friday,20:30,İstanbul,Kadıköy,CUST10913,New,Male,51.0,Ofis,Ajanda,1,319,0,Card,EMP_21,Web,319.0
ORD500180,2026-06-16,Tuesday,19:10,Konya,Selçuklu,CUST10001,Returning,Female,41.0,Elektronik,Powerbank,1,899,5,PayPal,EMP_19,Mobile,854.05
ORD500181,2026-06-06,Saturday,15:40,İstanbul,Şişli,CUST10089,Returning,Male,30.0,Ev,Masa Lambası,4,899,0,Wallet,EMP_12,Web,3596.0
ORD500182,2026-06-02,Tuesday,19:20,Gaziantep,Şehitkamil,CUST11761,New,Female,57.0,Kitap,Kişisel Gelişim,1,349,0,Wallet,EMP_25,Web,349.0
ORD500183,2026-06-15,Monday,16:40,İzmir,Bornova,CUST11006,New,Female,44.0,Elektronik,Laptop Standı,1,999,5,Bank Transfer,EMP_22,Mobile,949.05
ORD500184,2026-06-08,Monday,19:30,Bursa,Nilüfer,CUST11542,New,Male,22.0,Spor,Suluk,2,249,0,Card,EMP_02,Web,498.0
ORD500185,2026-06-27,Saturday,19:55,Ankara,Çankaya,CUST10381,Returning,Male,58.0,Spor,Suluk,4,249,0,Wallet,EMP_03,Mobile,996.0
ORD500186,2026-06-11,Thursday,16:50,Kocaeli,İzmit,CUST10424,Returning,Male,42.0,Spor,Suluk,2,249,0,Wallet,EMP_22,Web,498.0
ORD500187,2026-06-16,Tuesday,19:10,Ankara,Yenimahalle,CUST10899,Returning,Female,22.0,Elektronik,Laptop Standı,2,999,10,Wallet,EMP_23,Web,1798.2
ORD500188,2026-06-07,Sunday,19:45,Antalya,Muratpaşa,CUST11221,Returning,Female,58.0,Kozmetik,Şampuan,1,319,0,Bank Transfer,EMP_01,Web,319.0
ORD500189,2026-06-30,Tuesday,19:55,Konya,Selçuklu,CUST10187,New,Male,63.0,Elektronik,Akıllı Saat,3,3499,5,Card,EMP_08,Web,9972.15
ORD500190,2026-06-22,Monday,20:55,Eskişehir,Odunpazarı,CUST11447,New,Male,46.0,Elektronik,Bluetooth Kulaklık,4,1299,0,Bank Transfer,EMP_30,Mobile,5196.0
ORD500191,2026-06-09,Tuesday,16:15,İstanbul,Bakırköy,CUST10376,Returning,Male,36.0,Kozmetik,Şampuan,4,319,0,Card,EMP_22,Web,1276.0
ORD500192,2026-06-13,Saturday,12:25,İstanbul,Kadıköy,CUST10620,New,Female,49.0,Kozmetik,Parfüm,2,1799,0,Card,EMP_05,Web,3598.0
ORD500193,2026-06-16,Tuesday,15:15,Bursa,Nilüfer,CUST10985,New,Male,27.0,Elektronik,Laptop Standı,1,999,0,Card,EMP_24,Web,999.0
ORD500194,2026-06-12,Friday,13:20,Konya,Selçuklu,CUST10850,Returning,Female,20.0,Elektronik,Laptop Standı,1,999,0,Card,EMP_12,Mobile,999.0
ORD500195,2026-06-24,Wednesday,18:10,Ankara,Çankaya,CUST10664,Returning,Female,33.0,Ev,Blender,1,2199,0,PayPal,EMP_06,Mobile,2199.0
ORD500196,2026-06-19,Friday,17:40,İstanbul,Kadıköy,CUST11000,New,Female,52.0,Ev,Saklama Kabı,1,299,0,Card,EMP_03,Mobile,299.0
ORD500197,2026-06-25,Thursday,13:20,Gaziantep,Şehitkamil,CUST11050,New,Female,60.0,Ev,Saklama Kabı,1,299,5,Bank Transfer,EMP_03,Mobile,284.05
ORD500198,2026-06-20,Saturday,16:05,İstanbul,Bakırköy,CUST11615,New,Female,,Ofis,Kalem Seti,4,229,0,PayPal,EMP_24,Web,916.0
ORD500199,2026-06-17,Wednesday,19:10,Konya,Selçuklu,CUST10675,New,Female,18.0,Elektronik,Powerbank,2,899,10,PayPal,EMP_07,Mobile,1618.2
ORD500200,2026-06-28,Sunday,18:25,Konya,Selçuklu,CUST11852,New,Male,65.0,Kitap,Kişisel Gelişim,3,349,10,Wallet,EMP_27,Mobile,942.3
ORD500201,2026-06-26,Friday,19:45,İstanbul,Şişli,CUST10491,New,Male,58.0,Ofis,Monitör Yükseltici,1,1199,20,Wallet,EMP_18,Mobile,959.2
ORD500202,2026-06-08,Monday,20:45,Eskişehir,Odunpazarı,CUST11621,Returning,Male,42.0,Ev,Blender,2,2199,10,Card,EMP_26,Mobile,3958.2
ORD500203,2026-06-10,Wednesday,09:35,Antalya,Muratpaşa,CUST11268,New,Male,39.0,Kozmetik,Şampuan,1,319,5,Card,EMP_11,Mobile,303.05
ORD500204,2026-06-03,Wednesday,21:10,Adana,Seyhan,CUST10309,Returning,Female,20.0,Ev,Saklama Kabı,3,299,0,Bank Transfer,EMP_08,Web,897.0
ORD500205,2026-06-12,Friday,20:45,Eskişehir,Odunpazarı,CUST11747,New,Female,30.0,Ev,Masa Lambası,4,899,5,Bank Transfer,EMP_08,Web,3416.2
ORD500206,2026-06-15,Monday,18:50,İstanbul,Şişli,CUST11277,Returning,Male,26.0,Kitap,Finans,2,459,10,Wallet,EMP_09,Web,826.2
ORD500207,2026-06-10,Wednesday,16:50,Adana,Seyhan,CUST11538,New,Male,19.0,Kozmetik,Güneş Kremi,3,599,5,Card,EMP_02,Mobile,1707.15
ORD500208,2026-06-11,Thursday,17:00,Gaziantep,Şehitkamil,CUST11582,New,Male,29.0,Elektronik,Laptop Standı,3,999,5,Wallet,EMP_18,Web,2847.15
ORD500209,2026-06-14,Sunday,18:50,Antalya,Muratpaşa,CUST11653,New,Female,49.0,Kozmetik,Serum,2,899,0,Wallet,EMP_10,Web,1798.0
ORD500210,2026-06-24,Wednesday,17:50,Ankara,Çankaya,CUST10897,Returning,Female,35.0,Kitap,Bilim,2,429,0,PayPal,EMP_22,Web,858.0
ORD500211,2026-06-09,Tuesday,16:25,Ankara,Yenimahalle,CUST11097,Returning,Male,44.0,Ev,Termos,4,549,5,Wallet,EMP_25,Web,2086.2
ORD500212,2026-06-03,Wednesday,15:25,Adana,Seyhan,CUST10543,New,Female,18.0,Spor,Pilates Bandı,3,349,0,Wallet,EMP_29,Mobile,1047.0
ORD500213,2026-06-18,Thursday,12:45,Adana,Seyhan,CUST11925,Returning,Male,64.0,Ofis,Defter,4,179,0,Card,EMP_13,Web,716.0
ORD500214,2026-06-16,Tuesday,19:25,Kocaeli,İzmit,CUST10006,New,Male,31.0,Spor,Koşu Çantası,1,499,15,Card,EMP_13,Web,424.15
ORD500215,2026-06-07,Sunday,18:20,Konya,Selçuklu,CUST11441,Returning,Male,59.0,Elektronik,Powerbank,1,899,15,Wallet,EMP_23,Mobile,764.15
ORD500216,2026-06-03,Wednesday,19:45,Kocaeli,İzmit,CUST10447,New,Male,23.0,Kitap,Roman,1,299,0,Card,EMP_21,Mobile,299.0
ORD500217,2026-06-25,Thursday,13:20,İzmir,Karşıyaka,CUST10677,New,Female,25.0,Kitap,Finans,3,459,0,Wallet,EMP_18,Web,1377.0
ORD500218,2026-06-26,Friday,20:20,Kocaeli,İzmit,CUST10819,Returning,Male,22.0,Elektronik,Powerbank,1,899,5,Wallet,EMP_08,Mobile,854.05
ORD500219,2026-06-22,Monday,20:00,Konya,Selçuklu,CUST10229,Returning,Female,47.0,Kitap,Kişisel Gelişim,1,349,5,PayPal,EMP_10,Mobile,331.55
ORD500220,2026-06-25,Thursday,14:55,Eskişehir,Odunpazarı,CUST11884,New,Female,30.0,Spor,Dambıl Seti,2,1899,10,Wallet,EMP_12,Mobile,3418.2
ORD500221,2026-06-07,Sunday,17:50,Adana,Seyhan,CUST11460,Returning,Female,20.0,Spor,Dambıl Seti,3,1899,0,Wallet,EMP_11,Web,5697.0
ORD500222,2026-06-04,Thursday,20:25,Konya,Selçuklu,CUST10515,New,Female,26.0,Spor,Yoga Matı,3,699,10,Wallet,EMP_23,Web,1887.3
ORD500223,2026-06-09,Tuesday,21:40,İzmir,Karşıyaka,CUST11609,New,Male,55.0,Elektronik,Kablosuz Mouse,1,499,0,Unknown,EMP_25,Mobile,499.0
ORD500224,2026-06-02,Tuesday,14:45,Bursa,Nilüfer,CUST10783,New,Female,58.0,Kozmetik,Serum,2,899,15,Card,EMP_19,Mobile,1528.3
ORD500225,2026-06-29,Monday,12:15,İzmir,Karşıyaka,CUST11803,Returning,Female,43.0,Ofis,Monitör Yükseltici,2,1199,0,Bank Transfer,EMP_04,Mobile,2398.0
ORD500226,2026-06-30,Tuesday,17:30,İstanbul,Kadıköy,CUST10409,New,Female,32.0,Ofis,Kalem Seti,1,229,5,Card,EMP_15,Mobile,217.55
ORD500227,2026-06-02,Tuesday,16:15,Konya,Selçuklu,CUST10197,New,Female,19.0,Kozmetik,Parfüm,3,1799,0,Card,EMP_26,Mobile,5397.0
ORD500228,2026-06-17,Wednesday,13:40,Ankara,Yenimahalle,CUST11259,Returning,Male,23.0,Kozmetik,Güneş Kremi,1,599,0,Card,EMP_13,Mobile,599.0
ORD500229,2026-06-22,Monday,09:55,İstanbul,Kadıköy,CUST11064,Returning,Female,60.0,Ofis,Ajanda,1,319,10,Card,EMP_03,Web,287.1
ORD500230,2026-06-24,Wednesday,14:05,İstanbul,Şişli,CUST11571,New,Male,,Ev,Masa Lambası,1,899,5,Card,EMP_15,Mobile,854.05
ORD500231,2026-06-14,Sunday,20:45,Antalya,Muratpaşa,CUST10904,Returning,Female,45.0,Kozmetik,Güneş Kremi,2,599,0,Card,EMP_09,Mobile,1198.0
ORD500232,2026-06-26,Friday,15:25,İstanbul,Şişli,CUST10844,New,Male,48.0,Elektronik,Kablosuz Mouse,1,499,15,Wallet,EMP_08,Web,424.15
ORD500233,2026-06-18,Thursday,20:25,İstanbul,Kadıköy,CUST11977,Returning,Female,38.0,Kozmetik,Güneş Kremi,1,599,0,Wallet,EMP_07,Mobile,599.0
ORD500234,2026-06-17,Wednesday,11:50,Bursa,Nilüfer,CUST10242,New,Male,31.0,Kozmetik,Parfüm,2,1799,20,Card,EMP_20,Mobile,2878.4
ORD500235,2026-06-22,Monday,13:55,Ankara,Yenimahalle,CUST11423,Returning,Male,59.0,Elektronik,Akıllı Saat,4,3499,0,Bank Transfer,EMP_03,Mobile,13996.0
ORD500236,2026-06-03,Wednesday,19:40,İstanbul,Şişli,CUST10620,Returning,Male,62.0,Elektronik,Laptop Standı,1,999,5,PayPal,EMP_23,Web,949.05
ORD500237,2026-06-23,Tuesday,13:55,Kocaeli,İzmit,CUST10389,New,Female,31.0,Ev,Termos,1,549,10,Wallet,EMP_06,Web,494.1
ORD500238,2026-06-26,Friday,18:45,Ankara,Yenimahalle,CUST10549,New,Male,34.0,Elektronik,Powerbank,1,899,10,Bank Transfer,EMP_12,Web,809.1
ORD500239,2026-06-18,Thursday,19:10,Ankara,Yenimahalle,CUST11328,New,Female,28.0,Ev,Termos,1,549,0,PayPal,EMP_25,Web,549.0
ORD500240,2026-06-13,Saturday,20:15,Antalya,Muratpaşa,CUST11457,Returning,Female,19.0,Ev,French Press,2,649,10,PayPal,EMP_13,Mobile,1168.2
ORD500241,2026-06-04,Thursday,17:10,Eskişehir,Odunpazarı,CUST11524,New,Male,33.0,Spor,Yoga Matı,1,699,0,Card,EMP_04,Web,699.0
ORD500242,2026-06-02,Tuesday,21:40,İstanbul,Bakırköy,CUST10650,New,Female,47.0,Elektronik,Akıllı Saat,1,3499,0,Bank Transfer,EMP_09,Mobile,3499.0
ORD500243,2026-06-22,Monday,19:05,İstanbul,Şişli,CUST11021,New,Male,19.0,Spor,Dambıl Seti,1,1899,5,Card,EMP_05,Web,1804.05
ORD500244,2026-06-13,Saturday,19:25,Konya,Selçuklu,CUST11718,New,Male,23.0,Kitap,Roman,3,299,0,Card,EMP_24,Mobile,897.0
ORD500245,2026-06-11,Thursday,18:05,İzmir,Bornova,CUST11707,Returning,Female,65.0,Elektronik,Kablosuz Mouse,1,499,5,Bank Transfer,EMP_10,Web,474.05
ORD500246,2026-06-26,Friday,17:15,Gaziantep,Şehitkamil,CUST11244,Returning,Male,41.0,Elektronik,Powerbank,1,899,10,Bank Transfer,EMP_16,Web,809.1
ORD500247,2026-06-18,Thursday,18:30,İstanbul,Kadıköy,CUST10479,Returning,Female,51.0,Spor,Pilates Bandı,4,349,0,Wallet,EMP_03,Web,1396.0
ORD500248,2026-06-19,Friday,20:30,İstanbul,Bakırköy,CUST10035,Returning,Female,44.0,Kitap,Roman,4,299,0,PayPal,EMP_10,Web,1196.0
ORD500249,2026-06-25,Thursday,21:10,İzmir,Karşıyaka,CUST10394,Returning,Female,51.0,Ofis,Monitör Yükseltici,2,1199,0,Wallet,EMP_19,Mobile,2398.0
ORD500250,2026-06-29,Monday,15:30,İstanbul,Bakırköy,CUST11376,Returning,Female,22.0,Kozmetik,Yüz Temizleyici,1,429,20,Card,EMP_15,Mobile,343.2
ORD500251,2026-06-16,Tuesday,16:55,Gaziantep,Şehitkamil,CUST10476,Returning,Male,31.0,Spor,Pilates Bandı,2,349,0,PayPal,EMP_13,Mobile,698.0
ORD500252,2026-06-22,Monday,17:25,İstanbul,Kadıköy,CUST10680,Returning,Male,57.0,Kitap,Kişisel Gelişim,1,349,5,Card,EMP_23,Mobile,331.55
ORD500253,2026-06-25,Thursday,17:10,Kocaeli,İzmit,CUST11979,New,Male,36.0,Kitap,Roman,1,299,0,Bank Transfer,EMP_25,Mobile,299.0
ORD500254,2026-06-28,Sunday,15:20,İstanbul,Kadıköy,CUST10509,New,Female,35.0,Kitap,Finans,2,459,15,Card,EMP_08,Web,780.3
ORD500255,2026-06-06,Saturday,15:55,Konya,Selçuklu,CUST10980,Returning,Male,39.0,Elektronik,Bluetooth Kulaklık,1,1299,0,Wallet,EMP_02,Mobile,1299.0
ORD500256,2026-06-30,Tuesday,11:10,İstanbul,Kadıköy,CUST11648,New,Female,50.0,Kitap,Kişisel Gelişim,1,349,15,Bank Transfer,EMP_27,Mobile,296.65
ORD500257,2026-06-23,Tuesday,17:20,Adana,Seyhan,CUST10473,New,Male,30.0,Ev,French Press,3,649,0,PayPal,EMP_19,Mobile,1947.0
ORD500258,2026-06-14,Sunday,13:15,Eskişehir,Odunpazarı,CUST11050,Returning,Female,39.0,Elektronik,Kablosuz Mouse,2,499,0,Card,EMP_21,Web,998.0
ORD500259,2026-06-23,Tuesday,19:45,İstanbul,Kadıköy,CUST11963,Returning,Male,21.0,Elektronik,Akıllı Saat,5,3499,15,Wallet,EMP_11,Mobile,14870.75
ORD500260,2026-06-17,Wednesday,19:00,Konya,Selçuklu,CUST11607,Returning,Male,58.0,Elektronik,Bluetooth Kulaklık,1,1299,0,PayPal,EMP_17,Web,1299.0
ORD500261,2026-06-10,Wednesday,19:05,Antalya,Muratpaşa,CUST10915,Returning,Female,38.0,Spor,Yoga Matı,1,699,10,PayPal,EMP_04,Web,629.1
ORD500262,2026-06-25,Thursday,17:50,Eskişehir,Odunpazarı,CUST10806,New,Female,37.0,Elektronik,Laptop Standı,1,999,5,Wallet,EMP_02,Web,949.05
ORD500263,2026-06-10,Wednesday,20:50,İstanbul,Kadıköy,CUST10692,Returning,Female,28.0,Ofis,Masa Düzenleyici,1,399,5,PayPal,EMP_29,Mobile,379.05
ORD500264,2026-06-08,Monday,17:40,İstanbul,Şişli,CUST10265,New,Male,36.0,Kozmetik,Şampuan,1,319,20,PayPal,EMP_04,Mobile,255.2
ORD500265,2026-06-28,Sunday,19:25,Konya,Selçuklu,CUST10115,New,Female,64.0,Ev,Blender,4,2199,10,Wallet,EMP_19,Mobile,7916.4
ORD500266,2026-06-12,Friday,09:20,Antalya,Muratpaşa,CUST11930,New,Female,41.0,Kozmetik,Serum,1,899,0,Wallet,EMP_30,Web,899.0
ORD500267,2026-06-22,Monday,16:50,Konya,Selçuklu,CUST10273,New,Male,37.0,Ofis,Defter,5,179,10,Wallet,EMP_22,Mobile,805.5
ORD500268,2026-06-27,Saturday,11:10,Kocaeli,İzmit,CUST10131,New,Female,48.0,Kozmetik,Parfüm,3,1799,0,Bank Transfer,EMP_11,Web,5397.0
ORD500269,2026-06-29,Monday,10:00,İstanbul,Kadıköy,CUST11294,Returning,Male,43.0,Kitap,Bilim,2,429,0,PayPal,EMP_29,Web,858.0
ORD500270,2026-06-12,Friday,19:20,Adana,Seyhan,CUST10465,New,Female,22.0,Spor,Yoga Matı,2,699,20,Unknown,EMP_12,Mobile,1118.4
ORD500271,2026-06-18,Thursday,16:50,Adana,Seyhan,CUST11055,Returning,Female,63.0,Kitap,Finans,1,459,5,Card,EMP_08,Web,436.05
ORD500272,2026-06-26,Friday,19:00,İstanbul,Bakırköy,CUST11006,New,Female,38.0,Spor,Suluk,2,249,0,Wallet,EMP_20,Mobile,498.0
ORD500273,2026-06-13,Saturday,21:40,Eskişehir,Odunpazarı,CUST11463,New,Male,21.0,Elektronik,Laptop Standı,4,999,0,Card,EMP_30,Mobile,3996.0
ORD500274,2026-06-05,Friday,18:10,İstanbul,Şişli,CUST11643,Returning,Female,32.0,Ofis,Ajanda,1,319,10,PayPal,EMP_24,Mobile,287.1
ORD500275,2026-06-26,Friday,14:20,İstanbul,Kadıköy,CUST10558,Returning,Female,64.0,Elektronik,Powerbank,3,899,0,PayPal,EMP_16,Mobile,2697.0
ORD500276,2026-06-01,Monday,17:05,Kocaeli,İzmit,CUST11780,Returning,Male,44.0,Elektronik,Kablosuz Mouse,1,499,0,Bank Transfer,EMP_20,Web,499.0
ORD500277,2026-06-14,Sunday,15:10,Antalya,Muratpaşa,CUST11061,New,Male,48.0,Elektronik,Powerbank,3,899,0,PayPal,EMP_19,Web,2697.0
ORD500278,2026-06-17,Wednesday,13:10,İstanbul,Şişli,CUST11709,New,Female,40.0,Ofis,Defter,1,179,0,PayPal,EMP_28,Mobile,179.0
ORD500279,2026-06-26,Friday,19:25,İzmir,Karşıyaka,CUST10816,Returning,Female,,Kozmetik,Parfüm,1,1799,5,Bank Transfer,EMP_11,Mobile,1709.05
ORD500280,2026-06-26,Friday,21:40,Bursa,Nilüfer,CUST11833,New,Male,38.0,Ev,Termos,3,549,10,PayPal,EMP_18,Web,1482.3
ORD500281,2026-06-18,Thursday,19:25,Antalya,Muratpaşa,CUST11286,New,Male,,Elektronik,Akıllı Saat,1,3499,5,PayPal,EMP_29,Mobile,3324.05
ORD500282,2026-06-11,Thursday,15:35,İstanbul,Bakırköy,CUST11502,New,Female,27.0,Ev,French Press,1,649,0,Bank Transfer,EMP_18,Web,649.0
ORD500283,2026-06-18,Thursday,20:05,Konya,Selçuklu,CUST10078,New,Female,45.0,Spor,Dambıl Seti,1,1899,5,Bank Transfer,EMP_06,Mobile,1804.05
ORD500284,2026-06-04,Thursday,10:25,Adana,Seyhan,CUST10913,New,Male,30.0,Elektronik,Powerbank,1,899,0,PayPal,EMP_01,Mobile,899.0
ORD500285,2026-06-22,Monday,19:10,İstanbul,Kadıköy,CUST11230,Returning,Male,46.0,Ofis,Defter,1,179,5,Card,EMP_17,Mobile,170.05
ORD500286,2026-06-05,Friday,20:40,Bursa,Nilüfer,CUST11445,New,Male,62.0,Elektronik,Kablosuz Mouse,1,499,5,Card,EMP_24,Web,474.05
ORD500287,2026-06-22,Monday,16:35,Gaziantep,Şehitkamil,CUST10651,Returning,Male,60.0,Ev,Blender,1,2199,20,Card,EMP_06,Mobile,1759.2
ORD500288,2026-06-19,Friday,20:35,Gaziantep,Şehitkamil,CUST11206,New,Female,36.0,Spor,Yoga Matı,1,699,10,PayPal,EMP_13,Web,629.1
ORD500289,2026-06-09,Tuesday,20:45,Kocaeli,İzmit,CUST10569,Returning,Female,20.0,Kozmetik,Serum,1,899,0,Wallet,EMP_30,Mobile,899.0
ORD500290,2026-06-17,Wednesday,21:40,İzmir,Karşıyaka,CUST11232,New,Male,25.0,Spor,Pilates Bandı,1,349,20,Bank Transfer,EMP_21,Web,279.2
ORD500291,2026-06-28,Sunday,16:15,İstanbul,Bakırköy,CUST11910,New,Female,56.0,Elektronik,Kablosuz Mouse,1,499,0,Card,EMP_21,Web,499.0
ORD500292,2026-06-27,Saturday,19:50,İstanbul,Bakırköy,CUST11255,Returning,Female,32.0,Ev,Termos,2,549,15,Card,EMP_21,Mobile,933.3
ORD500293,2026-06-13,Saturday,17:35,İstanbul,Şişli,CUST11400,New,Male,48.0,Kozmetik,Serum,2,899,10,Bank Transfer,EMP_13,Web,1618.2
ORD500294,2026-06-29,Monday,13:10,Eskişehir,Odunpazarı,CUST11965,New,Female,55.0,Spor,Pilates Bandı,2,349,0,Wallet,EMP_16,Web,698.0
ORD500295,2026-06-19,Friday,15:25,Ankara,Çankaya,CUST10405,New,Male,47.0,Ev,French Press,1,649,5,Wallet,EMP_07,Mobile,616.55
ORD500296,2026-06-20,Saturday,14:20,Gaziantep,Şehitkamil,CUST11897,New,Female,50.0,Ofis,Monitör Yükseltici,1,1199,0,Bank Transfer,EMP_22,Mobile,1199.0
ORD500297,2026-06-19,Friday,19:00,İstanbul,Şişli,CUST10367,New,Female,44.0,Elektronik,Akıllı Saat,1,3499,5,Unknown,EMP_07,Web,3324.05
ORD500298,2026-06-30,Tuesday,12:45,Eskişehir,Odunpazarı,CUST11053,New,Male,62.0,Kitap,Bilim,1,429,10,Card,EMP_12,Mobile,386.1
ORD500299,2026-06-28,Sunday,18:00,Gaziantep,Şehitkamil,CUST10226,New,Female,41.0,Kitap,Bilim,1,429,10,Bank Transfer,EMP_10,Web,386.1
ORD500300,2026-06-17,Wednesday,18:05,Bursa,Nilüfer,CUST10977,Returning,Male,18.0,Spor,Yoga Matı,2,699,0,Wallet,EMP_11,Web,1398.0
ORD500301,2026-06-16,Tuesday,19:15,Gaziantep,Şehitkamil,CUST10693,New,Male,30.0,Spor,Koşu Çantası,1,499,0,Card,EMP_25,Mobile,499.0
ORD500302,2026-06-10,Wednesday,11:35,İstanbul,Kadıköy,CUST11505,New,Female,45.0,Elektronik,Kablosuz Mouse,1,499,15,Card,EMP_10,Mobile,424.15
ORD500303,2026-06-17,Wednesday,10:00,İstanbul,Bakırköy,CUST10007,New,Male,45.0,Ofis,Kalem Seti,1,229,0,PayPal,EMP_04,Mobile,229.0
ORD500304,2026-06-07,Sunday,16:40,Adana,Seyhan,CUST11112,New,Male,62.0,Ev,Masa Lambası,2,899,0,Card,EMP_30,Web,1798.0
ORD500305,2026-06-21,Sunday,12:40,Adana,Seyhan,CUST11404,New,Female,48.0,Elektronik,Kablosuz Mouse,2,499,0,Card,EMP_19,Web,998.0
ORD500306,2026-06-24,Wednesday,10:55,Konya,Selçuklu,CUST10331,Returning,Male,35.0,Elektronik,Akıllı Saat,1,3499,0,Wallet,EMP_06,Mobile,3499.0
ORD500307,2026-06-01,Monday,12:40,Adana,Seyhan,CUST10724,New,Male,42.0,Kitap,Roman,2,299,0,Unknown,EMP_19,Web,598.0
ORD500308,2026-06-11,Thursday,20:55,Konya,Selçuklu,CUST10455,Returning,Female,64.0,Kozmetik,Parfüm,1,1799,0,Wallet,EMP_17,Mobile,1799.0
ORD500309,2026-06-01,Monday,17:50,Antalya,Muratpaşa,CUST11111,Returning,Male,41.0,Spor,Pilates Bandı,1,349,5,Bank Transfer,EMP_10,Mobile,331.55
ORD500310,2026-06-13,Saturday,20:00,Kocaeli,İzmit,CUST10885,Returning,Male,23.0,Ev,Termos,3,549,15,Bank Transfer,EMP_23,Mobile,1399.95
ORD500311,2026-06-01,Monday,15:00,Ankara,Yenimahalle,CUST11509,New,Male,32.0,Elektronik,Laptop Standı,1,999,10,PayPal,EMP_04,Mobile,899.1
ORD500312,2026-06-12,Friday,14:35,İstanbul,Kadıköy,CUST10124,New,Male,38.0,Kozmetik,Şampuan,3,319,0,Bank Transfer,EMP_02,Web,957.0
ORD500313,2026-06-28,Sunday,13:00,İzmir,Bornova,CUST10380,Returning,Female,43.0,Elektronik,Akıllı Saat,2,3499,0,Wallet,EMP_24,Web,6998.0
ORD500314,2026-06-12,Friday,12:25,Ankara,Çankaya,CUST10492,New,Male,32.0,Kitap,Roman,1,299,5,Bank Transfer,EMP_19,Mobile,284.05
ORD500315,2026-06-25,Thursday,18:25,İstanbul,Bakırköy,CUST10467,New,Male,46.0,Ev,Saklama Kabı,1,299,5,PayPal,EMP_13,Web,284.05
ORD500316,2026-06-08,Monday,18:30,İstanbul,Bakırköy,CUST11358,Returning,Male,48.0,Elektronik,Bluetooth Kulaklık,1,1299,5,PayPal,EMP_08,Web,1234.05
ORD500317,2026-06-20,Saturday,18:45,Kocaeli,İzmit,CUST11853,New,Female,23.0,Elektronik,Bluetooth Kulaklık,5,1299,10,Bank Transfer,EMP_12,Web,5845.5
ORD500318,2026-06-01,Monday,17:40,İzmir,Karşıyaka,CUST11736,Returning,Male,36.0,Spor,Dambıl Seti,1,1899,5,Bank Transfer,EMP_10,Web,1804.05
ORD500319,2026-06-25,Thursday,11:55,Ankara,Çankaya,CUST10455,Returning,Female,25.0,Ev,Saklama Kabı,2,299,0,PayPal,EMP_06,Mobile,598.0
ORD500320,2026-06-22,Monday,14:40,İzmir,Karşıyaka,CUST11967,Returning,Male,41.0,Ev,Termos,2,549,5,Card,EMP_22,Web,1043.1
ORD500321,2026-06-02,Tuesday,17:35,Konya,Selçuklu,CUST10594,New,Male,26.0,Elektronik,Powerbank,2,899,0,Bank Transfer,EMP_24,Mobile,1798.0
ORD500322,2026-06-20,Saturday,12:20,Ankara,Çankaya,CUST10918,New,Female,65.0,Spor,Koşu Çantası,2,499,15,Bank Transfer,EMP_21,Web,848.3
ORD500323,2026-06-30,Tuesday,12:45,Antalya,Muratpaşa,CUST11410,Returning,Female,19.0,Ev,French Press,1,649,10,Bank Transfer,EMP_28,Mobile,584.1
ORD500324,2026-06-06,Saturday,14:50,Ankara,Çankaya,CUST10178,New,Male,62.0,Elektronik,Akıllı Saat,1,3499,0,Wallet,EMP_20,Mobile,3499.0
ORD500325,2026-06-26,Friday,21:40,Eskişehir,Odunpazarı,CUST10771,Returning,Female,48.0,Ofis,Kalem Seti,1,229,15,Bank Transfer,EMP_08,Mobile,194.65
ORD500326,2026-06-09,Tuesday,15:40,İstanbul,Bakırköy,CUST11543,Returning,Male,41.0,Ev,French Press,1,649,0,Wallet,EMP_07,Web,649.0
ORD500327,2026-06-06,Saturday,16:55,Eskişehir,Odunpazarı,CUST10193,Returning,Male,30.0,Elektronik,Powerbank,1,899,0,Bank Transfer,EMP_12,Mobile,899.0
ORD500328,2026-06-21,Sunday,12:20,Ankara,Çankaya,CUST11376,New,Male,56.0,Ev,French Press,3,649,0,Bank Transfer,EMP_27,Web,1947.0
ORD500329,2026-06-15,Monday,17:50,Adana,Seyhan,CUST10374,New,Female,38.0,Elektronik,Bluetooth Kulaklık,1,1299,0,PayPal,EMP_16,Web,1299.0
ORD500330,2026-06-19,Friday,18:35,Antalya,Muratpaşa,CUST10627,New,Female,59.0,Ofis,Defter,5,179,15,PayPal,EMP_21,Mobile,760.75
ORD500331,2026-06-12,Friday,16:35,Konya,Selçuklu,CUST10523,Returning,Female,21.0,Kitap,Roman,1,299,10,Card,EMP_09,Web,269.1
ORD500332,2026-06-16,Tuesday,13:00,Ankara,Yenimahalle,CUST11427,Returning,Female,32.0,Elektronik,Powerbank,2,899,10,Card,EMP_08,Web,1618.2
ORD500333,2026-06-07,Sunday,16:25,Konya,Selçuklu,CUST11551,Returning,Male,50.0,Kitap,Finans,1,459,0,PayPal,EMP_06,Mobile,459.0
ORD500334,2026-06-27,Saturday,16:30,İstanbul,Kadıköy,CUST11284,Returning,Female,41.0,Spor,Suluk,4,249,15,PayPal,EMP_27,Web,846.6
ORD500335,2026-06-07,Sunday,17:10,Kocaeli,İzmit,CUST10139,New,Female,19.0,Ofis,Kalem Seti,1,229,0,Wallet,EMP_22,Web,229.0
ORD500336,2026-06-03,Wednesday,15:20,Ankara,Çankaya,CUST11833,New,Female,41.0,Elektronik,Bluetooth Kulaklık,5,1299,0,PayPal,EMP_17,Mobile,6495.0
ORD500337,2026-06-15,Monday,15:35,Ankara,Yenimahalle,CUST11334,Returning,Male,42.0,Kozmetik,Şampuan,4,319,0,Wallet,EMP_28,Mobile,1276.0
ORD500338,2026-06-30,Tuesday,14:35,Ankara,Yenimahalle,CUST10910,Returning,Male,33.0,Ev,Saklama Kabı,1,299,0,Card,EMP_23,Web,299.0
ORD500339,2026-06-25,Thursday,11:05,İzmir,Bornova,CUST11237,New,Female,27.0,Ofis,Masa Düzenleyici,1,399,5,Card,EMP_10,Mobile,379.05
ORD500340,2026-06-27,Saturday,21:35,İstanbul,Kadıköy,CUST10440,Returning,Male,21.0,Ev,French Press,3,649,20,Card,EMP_10,Mobile,1557.6
ORD500341,2026-06-06,Saturday,18:00,Ankara,Yenimahalle,CUST11031,Returning,Male,49.0,Ev,Masa Lambası,2,899,5,Wallet,EMP_12,Mobile,1708.1
ORD500342,2026-06-08,Monday,16:40,İstanbul,Bakırköy,CUST11658,New,Female,57.0,Kozmetik,Şampuan,4,319,0,Bank Transfer,EMP_09,Mobile,1276.0
ORD500343,2026-06-28,Sunday,19:25,İstanbul,Bakırköy,CUST11966,Returning,Male,24.0,Kozmetik,Şampuan,1,319,10,PayPal,EMP_22,Web,287.1
ORD500344,2026-06-14,Sunday,14:50,Adana,Seyhan,CUST11398,New,Female,50.0,Ev,Saklama Kabı,2,299,0,PayPal,EMP_27,Web,598.0
ORD500345,2026-06-12,Friday,20:20,Eskişehir,Odunpazarı,CUST11163,New,Male,29.0,Spor,Pilates Bandı,2,349,20,Bank Transfer,EMP_11,Web,558.4
ORD500346,2026-06-28,Sunday,12:10,İstanbul,Bakırköy,CUST10902,Returning,Female,43.0,Elektronik,Akıllı Saat,4,3499,0,PayPal,EMP_04,Mobile,13996.0
ORD500347,2026-06-08,Monday,16:15,İstanbul,Kadıköy,CUST11815,New,Female,36.0,Spor,Suluk,2,249,5,Card,EMP_21,Mobile,473.1
ORD500348,2026-06-23,Tuesday,18:55,İzmir,Bornova,CUST11663,Returning,Male,28.0,Ofis,Kalem Seti,3,229,5,Wallet,EMP_02,Mobile,652.65
ORD500349,2026-06-30,Tuesday,17:40,İstanbul,Şişli,CUST10224,New,Female,46.0,Ev,Masa Lambası,2,899,15,PayPal,EMP_08,Web,1528.3
ORD500350,2026-06-24,Wednesday,19:55,İstanbul,Kadıköy,CUST10913,New,Female,48.0,Elektronik,Akıllı Saat,1,3499,0,Bank Transfer,EMP_15,Web,3499.0
ORD500351,2026-06-01,Monday,09:35,Konya,Selçuklu,CUST11034,New,Male,37.0,Ev,Termos,2,549,5,PayPal,EMP_02,Mobile,1043.1
ORD500352,2026-06-20,Saturday,19:30,İstanbul,Şişli,CUST11188,Returning,Female,49.0,Kozmetik,Güneş Kremi,2,599,0,Wallet,EMP_13,Mobile,1198.0
ORD500353,2026-06-21,Sunday,15:45,Gaziantep,Şehitkamil,CUST11783,Returning,Female,45.0,Spor,Suluk,1,249,0,Card,EMP_20,Mobile,249.0
ORD500354,2026-06-29,Monday,17:45,İstanbul,Kadıköy,CUST11901,Returning,Female,58.0,Ofis,Kalem Seti,1,229,5,Card,EMP_14,Mobile,217.55
ORD500355,2026-06-15,Monday,20:50,Adana,Seyhan,CUST11436,New,Female,36.0,Kitap,Bilim,1,429,15,Card,EMP_01,Mobile,364.65
ORD500356,2026-06-30,Tuesday,18:20,İstanbul,Şişli,CUST10789,Returning,Female,27.0,Ofis,Monitör Yükseltici,4,1199,10,Card,EMP_26,Mobile,4316.4
ORD500357,2026-06-15,Monday,13:40,Gaziantep,Şehitkamil,CUST11900,New,Male,25.0,Kozmetik,Güneş Kremi,1,599,10,Card,EMP_11,Mobile,539.1
ORD500358,2026-06-03,Wednesday,13:10,Eskişehir,Odunpazarı,CUST11659,Returning,Female,49.0,Kitap,Veri Analizi 101,3,549,5,Card,EMP_29,Mobile,1564.65
ORD500359,2026-06-01,Monday,11:20,İstanbul,Kadıköy,CUST10297,Returning,Male,26.0,Ofis,Monitör Yükseltici,3,1199,20,Wallet,EMP_26,Web,2877.6
ORD500360,2026-06-09,Tuesday,18:10,İstanbul,Şişli,CUST10577,Returning,Female,30.0,Kozmetik,Yüz Temizleyici,2,429,0,Card,EMP_15,Web,858.0
ORD500361,2026-06-04,Thursday,12:30,Kocaeli,İzmit,CUST10920,New,Female,33.0,Elektronik,Bluetooth Kulaklık,1,1299,10,Card,EMP_13,Mobile,1169.1
ORD500362,2026-06-11,Thursday,14:45,Konya,Selçuklu,CUST10894,Returning,Male,22.0,Ofis,Monitör Yükseltici,1,1199,15,Wallet,EMP_10,Web,1019.15
ORD500363,2026-06-07,Sunday,20:50,Konya,Selçuklu,CUST11573,New,Male,34.0,Ev,French Press,5,649,0,PayPal,EMP_07,Mobile,3245.0
ORD500364,2026-06-01,Monday,17:30,Kocaeli,İzmit,CUST10664,Returning,Male,43.0,Ev,French Press,2,649,10,Wallet,EMP_10,Web,1168.2
ORD500365,2026-06-30,Tuesday,20:45,İzmir,Bornova,CUST10437,Returning,Female,19.0,Elektronik,Akıllı Saat,2,3499,15,PayPal,EMP_15,Mobile,5948.3
ORD500366,2026-06-14,Sunday,19:55,Konya,Selçuklu,CUST10140,Returning,Female,61.0,Elektronik,Powerbank,2,899,0,PayPal,EMP_19,Web,1798.0
ORD500367,2026-06-24,Wednesday,17:30,Antalya,Muratpaşa,CUST10913,New,Male,45.0,Kitap,Roman,4,299,5,PayPal,EMP_19,Mobile,1136.2
ORD500368,2026-06-17,Wednesday,14:00,Kocaeli,İzmit,CUST10135,New,Female,46.0,Ev,French Press,3,649,0,PayPal,EMP_23,Web,1947.0
ORD500369,2026-06-03,Wednesday,16:40,Kocaeli,İzmit,CUST11281,Returning,Male,20.0,Ev,Termos,2,549,10,Wallet,EMP_15,Mobile,988.2
ORD500370,2026-06-08,Monday,15:35,İstanbul,Şişli,CUST11376,Returning,Female,43.0,Kozmetik,Serum,2,899,0,Card,EMP_21,Mobile,1798.0
ORD500371,2026-06-26,Friday,12:25,Ankara,Yenimahalle,CUST10426,Returning,Male,41.0,Elektronik,Kablosuz Mouse,2,499,0,Bank Transfer,EMP_19,Web,998.0
ORD500372,2026-06-12,Friday,19:30,İstanbul,Kadıköy,CUST11224,New,Male,59.0,Spor,Yoga Matı,2,699,10,Bank Transfer,EMP_02,Mobile,1258.2
ORD500373,2026-06-16,Tuesday,19:15,Ankara,Çankaya,CUST10376,New,Male,46.0,Kitap,Kişisel Gelişim,2,349,10,Bank Transfer,EMP_13,Mobile,628.2
ORD500374,2026-06-11,Thursday,09:20,Ankara,Çankaya,CUST10846,Returning,Male,55.0,Spor,Dambıl Seti,1,1899,0,Card,EMP_29,Mobile,1899.0
ORD500375,2026-06-10,Wednesday,19:50,Adana,Seyhan,CUST10632,Returning,Female,45.0,Ev,French Press,1,649,0,Wallet,EMP_17,Mobile,649.0
ORD500376,2026-06-29,Monday,21:10,İstanbul,Kadıköy,CUST11585,New,Male,55.0,Kitap,Kişisel Gelişim,1,349,0,PayPal,EMP_14,Mobile,349.0
ORD500377,2026-06-30,Tuesday,18:20,Bursa,Nilüfer,CUST10487,New,Male,33.0,Spor,Dambıl Seti,1,1899,0,Bank Transfer,EMP_12,Mobile,1899.0
ORD500378,2026-06-28,Sunday,17:50,İstanbul,Bakırköy,CUST11081,New,Female,20.0,Kitap,Bilim,1,429,5,Wallet,EMP_17,Web,407.55
ORD500379,2026-06-20,Saturday,13:30,İstanbul,Kadıköy,CUST11000,New,Female,31.0,Kitap,Kişisel Gelişim,2,349,15,Wallet,EMP_18,Mobile,593.3
ORD500380,2026-06-17,Wednesday,21:05,Adana,Seyhan,CUST10213,New,Male,24.0,Ofis,Kalem Seti,2,229,0,Wallet,EMP_30,Web,458.0
ORD500381,2026-06-21,Sunday,16:35,İzmir,Karşıyaka,CUST10130,New,Female,40.0,Ev,Saklama Kabı,3,299,0,PayPal,EMP_20,Mobile,897.0
ORD500382,2026-06-05,Friday,09:35,İzmir,Karşıyaka,CUST10300,New,Male,35.0,Ev,French Press,1,649,5,Bank Transfer,EMP_05,Web,616.55
ORD500383,2026-06-16,Tuesday,16:00,İzmir,Bornova,CUST10297,Returning,Female,20.0,Spor,Yoga Matı,1,699,5,Bank Transfer,EMP_17,Mobile,664.05
ORD500384,2026-06-29,Monday,20:20,İstanbul,Kadıköy,CUST10473,Returning,Female,50.0,Elektronik,Akıllı Saat,2,3499,15,Bank Transfer,EMP_04,Web,5948.3
ORD500385,2026-06-02,Tuesday,17:00,İstanbul,Şişli,CUST10704,New,Male,31.0,Spor,Dambıl Seti,2,1899,0,PayPal,EMP_29,Web,3798.0
ORD500386,2026-06-04,Thursday,19:35,İstanbul,Bakırköy,CUST11011,Returning,Female,53.0,Ofis,Masa Düzenleyici,2,399,10,Card,EMP_05,Mobile,718.2
ORD500387,2026-06-11,Thursday,17:30,İstanbul,Kadıköy,CUST10233,Returning,Male,37.0,Spor,Pilates Bandı,1,349,0,Card,EMP_15,Web,349.0
ORD500388,2026-06-06,Saturday,18:25,İstanbul,Bakırköy,CUST10521,Returning,Male,21.0,Elektronik,Bluetooth Kulaklık,5,1299,0,Bank Transfer,EMP_13,Web,6495.0
ORD500389,2026-06-04,Thursday,14:25,İstanbul,Bakırköy,CUST11825,New,Female,31.0,Ofis,Ajanda,3,319,20,PayPal,EMP_23,Mobile,765.6
ORD500390,2026-06-19,Friday,09:30,İstanbul,Bakırköy,CUST11980,New,Male,38.0,Ofis,Defter,2,179,0,Bank Transfer,EMP_28,Mobile,358.0
ORD500391,2026-06-20,Saturday,09:20,İzmir,Bornova,CUST10521,Returning,Male,28.0,Kitap,Kişisel Gelişim,4,349,0,Bank Transfer,EMP_26,Mobile,1396.0
ORD500392,2026-06-24,Wednesday,13:20,Adana,Seyhan,CUST11746,Returning,Male,64.0,Kozmetik,Yüz Temizleyici,2,429,0,PayPal,EMP_05,Web,858.0
ORD500393,2026-06-25,Thursday,16:00,İzmir,Karşıyaka,CUST11050,New,Female,26.0,Elektronik,Laptop Standı,1,999,0,Wallet,EMP_06,Mobile,999.0
ORD500394,2026-06-21,Sunday,16:50,Konya,Selçuklu,CUST11689,Returning,Male,36.0,Elektronik,Kablosuz Mouse,1,499,20,Wallet,EMP_22,Mobile,399.2
ORD500395,2026-06-26,Friday,19:00,Adana,Seyhan,CUST11114,Returning,Male,58.0,Spor,Yoga Matı,1,699,0,PayPal,EMP_02,Mobile,699.0
ORD500396,2026-06-28,Sunday,21:20,Gaziantep,Şehitkamil,CUST10177,New,Female,56.0,Ev,Masa Lambası,2,899,5,Wallet,EMP_03,Web,1708.1
ORD500397,2026-06-20,Saturday,16:45,İstanbul,Şişli,CUST10975,New,Male,25.0,Ev,Masa Lambası,2,899,0,Card,EMP_29,Mobile,1798.0
ORD500398,2026-06-19,Friday,17:00,Ankara,Çankaya,CUST11977,New,Female,29.0,Elektronik,Akıllı Saat,3,3499,0,Wallet,EMP_26,Mobile,10497.0
ORD500399,2026-06-29,Monday,16:10,Bursa,Nilüfer,CUST11638,New,Male,37.0,Ev,Termos,1,549,0,Wallet,EMP_20,Mobile,549.0
ORD500400,2026-06-30,Tuesday,17:55,Eskişehir,Odunpazarı,CUST11629,Returning,Male,,Spor,Koşu Çantası,1,499,15,Card,EMP_11,Mobile,424.15
ORD500401,2026-06-02,Tuesday,13:20,Adana,Seyhan,CUST10644,New,Male,20.0,Ev,Termos,4,549,5,Wallet,EMP_23,Web,2086.2
ORD500402,2026-06-23,Tuesday,17:50,Kocaeli,İzmit,CUST11083,Returning,Female,23.0,Spor,Dambıl Seti,3,1899,10,PayPal,EMP_14,Mobile,5127.3
ORD500403,2026-06-30,Tuesday,18:05,İstanbul,Kadıköy,CUST10485,New,Male,,Elektronik,Powerbank,4,899,0,Bank Transfer,EMP_18,Web,3596.0
ORD500404,2026-06-29,Monday,19:10,Kocaeli,İzmit,CUST10893,New,Male,38.0,Kozmetik,Serum,1,899,10,PayPal,EMP_05,Web,809.1
ORD500405,2026-06-19,Friday,18:50,Bursa,Nilüfer,CUST11328,Returning,Female,48.0,Ofis,Ajanda,2,319,5,PayPal,EMP_30,Mobile,606.1
ORD500406,2026-06-04,Thursday,17:05,Bursa,Nilüfer,CUST10996,New,Male,53.0,Elektronik,Kablosuz Mouse,2,499,0,Wallet,EMP_03,Mobile,998.0
ORD500407,2026-06-14,Sunday,12:25,Adana,Seyhan,CUST11883,Returning,Male,43.0,Kozmetik,Yüz Temizleyici,4,429,0,Card,EMP_25,Mobile,1716.0
ORD500408,2026-06-24,Wednesday,18:50,Adana,Seyhan,CUST11000,New,Female,38.0,Spor,Pilates Bandı,1,349,0,Card,EMP_09,Mobile,349.0
ORD500409,2026-06-12,Friday,19:45,İstanbul,Kadıköy,CUST11619,New,Female,39.0,Kitap,Kişisel Gelişim,1,349,10,Wallet,EMP_15,Web,314.1
ORD500410,2026-06-18,Thursday,21:25,Gaziantep,Şehitkamil,CUST11148,Returning,Female,34.0,Elektronik,Powerbank,5,899,5,Card,EMP_19,Web,4270.25
ORD500411,2026-06-18,Thursday,20:30,Kocaeli,İzmit,CUST11336,Returning,Female,19.0,Kozmetik,Güneş Kremi,1,599,0,Card,EMP_20,Mobile,599.0
ORD500412,2026-06-30,Tuesday,16:40,Adana,Seyhan,CUST10563,Returning,Male,46.0,Elektronik,Bluetooth Kulaklık,2,1299,10,Bank Transfer,EMP_22,Mobile,2338.2
ORD500413,2026-06-25,Thursday,20:30,Antalya,Muratpaşa,CUST10878,New,Female,46.0,Elektronik,Bluetooth Kulaklık,1,1299,15,PayPal,EMP_22,Mobile,1104.15
ORD500414,2026-06-03,Wednesday,20:40,İstanbul,Şişli,CUST10037,New,Male,18.0,Spor,Koşu Çantası,3,499,15,Card,EMP_09,Web,1272.45
ORD500415,2026-06-08,Monday,14:05,Gaziantep,Şehitkamil,CUST11628,Returning,Male,25.0,Kozmetik,Yüz Temizleyici,1,429,0,Wallet,EMP_23,Mobile,429.0
ORD500416,2026-06-06,Saturday,16:35,İstanbul,Kadıköy,CUST11384,Returning,Male,33.0,Kitap,Veri Analizi 101,1,549,15,Wallet,EMP_16,Web,466.65
ORD500417,2026-06-13,Saturday,19:45,Kocaeli,İzmit,CUST11757,Returning,Male,32.0,Elektronik,Kablosuz Mouse,1,499,0,Bank Transfer,EMP_14,Mobile,499.0
ORD500418,2026-06-18,Thursday,18:10,İstanbul,Şişli,CUST10074,Returning,Female,65.0,Ofis,Masa Düzenleyici,1,399,0,Unknown,EMP_01,Web,399.0
ORD500419,2026-06-17,Wednesday,21:10,İstanbul,Şişli,CUST11524,New,Female,34.0,Ev,Termos,1,549,5,Card,EMP_22,Mobile,521.55
ORD500420,2026-06-10,Wednesday,09:55,Konya,Selçuklu,CUST11433,Returning,Female,40.0,Elektronik,Kablosuz Mouse,4,499,10,Card,EMP_19,Mobile,1796.4
ORD500421,2026-06-02,Tuesday,13:50,Adana,Seyhan,CUST10148,Returning,Female,36.0,Ev,Masa Lambası,2,899,15,Wallet,EMP_17,Mobile,1528.3
ORD500422,2026-06-14,Sunday,20:55,İzmir,Bornova,CUST11062,Returning,Female,32.0,Ofis,Defter,1,179,0,Wallet,EMP_17,Mobile,179.0
ORD500423,2026-06-25,Thursday,18:50,Gaziantep,Şehitkamil,CUST10407,Returning,Female,21.0,Elektronik,Powerbank,1,899,0,Bank Transfer,EMP_25,Mobile,899.0
ORD500424,2026-06-07,Sunday,16:30,İstanbul,Şişli,CUST10637,New,Male,44.0,Ofis,Kalem Seti,2,229,10,PayPal,EMP_02,Web,412.2
ORD500425,2026-06-28,Sunday,19:55,Adana,Seyhan,CUST10695,Returning,Female,44.0,Elektronik,Powerbank,3,899,5,Wallet,EMP_15,Mobile,2562.15
ORD500426,2026-06-09,Tuesday,21:35,İstanbul,Şişli,CUST11110,New,Female,58.0,Elektronik,Powerbank,1,899,15,Wallet,EMP_04,Mobile,764.15
ORD500427,2026-06-08,Monday,19:50,İstanbul,Kadıköy,CUST10276,Returning,Male,31.0,Elektronik,Powerbank,1,899,0,Wallet,EMP_12,Mobile,899.0
ORD500428,2026-06-11,Thursday,16:00,İzmir,Karşıyaka,CUST10278,New,Male,48.0,Ofis,Ajanda,2,319,10,Bank Transfer,EMP_18,Mobile,574.2
ORD500429,2026-06-04,Thursday,09:10,Antalya,Muratpaşa,CUST10351,Returning,Male,30.0,Kitap,Finans,3,459,5,Wallet,EMP_04,Mobile,1308.15
ORD500430,2026-06-07,Sunday,18:30,İstanbul,Kadıköy,CUST10307,New,Female,24.0,Ev,Saklama Kabı,2,299,0,Bank Transfer,EMP_16,Mobile,598.0
ORD500431,2026-06-18,Thursday,21:15,İstanbul,Kadıköy,CUST10054,New,Female,23.0,Ev,Blender,1,2199,15,Card,EMP_04,Mobile,1869.15
ORD500432,2026-06-25,Thursday,16:45,İzmir,Karşıyaka,CUST10443,New,Male,62.0,Ev,Blender,2,2199,5,Card,EMP_15,Mobile,4178.1
ORD500433,2026-06-30,Tuesday,14:35,İstanbul,Bakırköy,CUST11425,New,Male,45.0,Elektronik,Kablosuz Mouse,1,499,0,Wallet,EMP_16,Mobile,499.0
ORD500434,2026-06-12,Friday,17:50,İzmir,Karşıyaka,CUST10795,New,Male,46.0,Ev,Blender,1,2199,0,PayPal,EMP_01,Mobile,2199.0
ORD500435,2026-06-21,Sunday,18:25,Ankara,Yenimahalle,CUST11977,Returning,Female,31.0,Ofis,Masa Düzenleyici,2,399,5,Bank Transfer,EMP_21,Web,758.1
ORD500436,2026-06-19,Friday,18:15,Ankara,Çankaya,CUST11880,Returning,Female,65.0,Ofis,Kalem Seti,1,229,5,PayPal,EMP_09,Web,217.55
ORD500437,2026-06-17,Wednesday,20:15,İzmir,Bornova,CUST11822,New,Male,22.0,Spor,Koşu Çantası,1,499,0,Wallet,EMP_16,Web,499.0
ORD500438,2026-06-27,Saturday,14:05,Eskişehir,Odunpazarı,CUST10012,New,Male,30.0,Ev,Termos,3,549,0,Bank Transfer,EMP_09,Web,1647.0
ORD500439,2026-06-24,Wednesday,20:55,İstanbul,Bakırköy,CUST11872,Returning,Female,58.0,Ev,French Press,4,649,5,Bank Transfer,EMP_16,Mobile,2466.2
ORD500440,2026-06-01,Monday,13:55,Konya,Selçuklu,CUST11853,New,Female,42.0,Ev,French Press,4,649,20,Bank Transfer,EMP_08,Mobile,2076.8
ORD500441,2026-06-17,Wednesday,21:15,Eskişehir,Odunpazarı,CUST10194,New,Female,29.0,Elektronik,Akıllı Saat,1,3499,5,Unknown,EMP_14,Mobile,3324.05
ORD500442,2026-06-30,Tuesday,13:55,Kocaeli,İzmit,CUST11041,New,Male,51.0,Elektronik,Akıllı Saat,1,3499,0,Card,EMP_19,Web,3499.0
ORD500443,2026-06-24,Wednesday,17:25,İstanbul,Şişli,CUST10254,Returning,Female,56.0,Kitap,Veri Analizi 101,1,549,0,Card,EMP_20,Mobile,549.0
ORD500444,2026-06-16,Tuesday,12:15,Adana,Seyhan,CUST11878,New,Female,22.0,Kitap,Finans,2,459,10,Wallet,EMP_26,Web,826.2
ORD500445,2026-06-11,Thursday,20:40,Gaziantep,Şehitkamil,CUST10218,Returning,Male,25.0,Elektronik,Powerbank,2,899,10,Bank Transfer,EMP_24,Web,1618.2
ORD500446,2026-06-26,Friday,16:30,Ankara,Çankaya,CUST10371,New,Male,61.0,Kitap,Roman,1,299,5,PayPal,EMP_19,Mobile,284.05
ORD500447,2026-06-16,Tuesday,09:10,İstanbul,Bakırköy,CUST11090,New,Male,58.0,Ev,Saklama Kabı,2,299,10,Card,EMP_25,Mobile,538.2
ORD500448,2026-06-27,Saturday,17:25,Ankara,Çankaya,CUST10774,Returning,Female,61.0,Ofis,Masa Düzenleyici,1,399,0,PayPal,EMP_26,Web,399.0
ORD500449,2026-06-03,Wednesday,19:45,Konya,Selçuklu,CUST10576,New,Male,49.0,Elektronik,Akıllı Saat,3,3499,0,PayPal,EMP_02,Mobile,10497.0
ORD500450,2026-06-30,Tuesday,21:30,İstanbul,Şişli,CUST10780,New,Female,33.0,Kozmetik,Güneş Kremi,2,599,5,Card,EMP_02,Web,1138.1
ORD500451,2026-06-13,Saturday,17:00,Antalya,Muratpaşa,CUST10735,New,Female,44.0,Ev,French Press,1,649,0,Bank Transfer,EMP_03,Mobile,649.0
ORD500452,2026-06-30,Tuesday,18:45,İzmir,Bornova,CUST10154,Returning,Male,47.0,Kitap,Kişisel Gelişim,1,349,0,Bank Transfer,EMP_16,Mobile,349.0
ORD500453,2026-06-03,Wednesday,16:10,Konya,Selçuklu,CUST10328,New,Male,54.0,Spor,Pilates Bandı,1,349,0,PayPal,EMP_16,Mobile,349.0
ORD500454,2026-06-12,Friday,18:05,Konya,Selçuklu,CUST11271,Returning,Male,24.0,Kozmetik,Serum,3,899,5,Wallet,EMP_26,Mobile,2562.15
ORD500455,2026-06-22,Monday,14:45,İstanbul,Bakırköy,CUST10045,Returning,Male,63.0,Spor,Pilates Bandı,1,349,0,Bank Transfer,EMP_02,Mobile,349.0
ORD500456,2026-06-09,Tuesday,21:05,Antalya,Muratpaşa,CUST11708,New,Male,56.0,Spor,Dambıl Seti,1,1899,10,Wallet,EMP_01,Mobile,1709.1
ORD500457,2026-06-14,Sunday,16:40,İstanbul,Bakırköy,CUST10529,New,Female,40.0,Kitap,Bilim,2,429,5,Bank Transfer,EMP_11,Mobile,815.1
ORD500458,2026-06-01,Monday,20:55,Gaziantep,Şehitkamil,CUST10565,New,Female,50.0,Kitap,Roman,1,299,0,PayPal,EMP_03,Web,299.0
ORD500459,2026-06-22,Monday,21:50,İstanbul,Şişli,CUST11474,Returning,Male,38.0,Ev,Masa Lambası,1,899,15,Card,EMP_01,Web,764.15
ORD500460,2026-06-07,Sunday,18:15,İstanbul,Bakırköy,CUST11651,New,Male,26.0,Spor,Koşu Çantası,2,499,10,Bank Transfer,EMP_03,Mobile,898.2
ORD500461,2026-06-11,Thursday,17:55,Konya,Selçuklu,CUST11750,New,Female,22.0,Spor,Koşu Çantası,1,499,0,Bank Transfer,EMP_21,Web,499.0
ORD500462,2026-06-29,Monday,17:35,Kocaeli,İzmit,CUST11854,New,Female,23.0,Kitap,Bilim,5,429,0,PayPal,EMP_21,Mobile,2145.0
ORD500463,2026-06-18,Thursday,13:20,İzmir,Bornova,CUST11890,Returning,Female,35.0,Ofis,Ajanda,2,319,0,Bank Transfer,EMP_24,Mobile,638.0
ORD500464,2026-06-12,Friday,10:50,Kocaeli,İzmit,CUST10597,New,Male,25.0,Kozmetik,Serum,3,899,0,PayPal,EMP_19,Mobile,2697.0
ORD500465,2026-06-18,Thursday,16:45,Antalya,Muratpaşa,CUST11637,New,Female,29.0,Ev,Masa Lambası,1,899,0,Wallet,EMP_15,Mobile,899.0
ORD500466,2026-06-05,Friday,19:55,Bursa,Nilüfer,CUST11910,Returning,Female,60.0,Elektronik,Bluetooth Kulaklık,2,1299,0,Card,EMP_21,Mobile,2598.0
ORD500467,2026-06-03,Wednesday,12:05,Kocaeli,İzmit,CUST11790,Returning,Female,22.0,Ev,Saklama Kabı,5,299,0,Bank Transfer,EMP_27,Mobile,1495.0
ORD500468,2026-06-14,Sunday,10:10,İstanbul,Şişli,CUST11782,Returning,Male,27.0,Kozmetik,Parfüm,1,1799,0,PayPal,EMP_27,Web,1799.0
ORD500469,2026-06-19,Friday,18:00,Kocaeli,İzmit,CUST10397,New,Female,49.0,Ofis,Kalem Seti,2,229,0,Bank Transfer,EMP_07,Mobile,458.0
ORD500470,2026-06-21,Sunday,13:40,İstanbul,Bakırköy,CUST11794,Returning,Female,20.0,Spor,Pilates Bandı,2,349,5,Card,EMP_10,Mobile,663.1
ORD500471,2026-06-06,Saturday,19:50,Kocaeli,İzmit,CUST10455,New,Male,28.0,Kozmetik,Güneş Kremi,2,599,0,Card,EMP_17,Mobile,1198.0
ORD500472,2026-06-06,Saturday,09:35,Kocaeli,İzmit,CUST11264,New,Male,47.0,Elektronik,Kablosuz Mouse,1,499,0,PayPal,EMP_19,Mobile,499.0
ORD500473,2026-06-10,Wednesday,17:00,Ankara,Çankaya,CUST10885,New,Female,18.0,Ev,French Press,4,649,15,PayPal,EMP_01,Web,2206.6
ORD500474,2026-06-08,Monday,17:05,Bursa,Nilüfer,CUST11039,New,Male,61.0,Elektronik,Laptop Standı,1,999,0,Card,EMP_15,Mobile,999.0
ORD500475,2026-06-06,Saturday,16:55,Adana,Seyhan,CUST10413,Returning,Female,51.0,Kozmetik,Güneş Kremi,1,599,0,Bank Transfer,EMP_28,Mobile,599.0
ORD500476,2026-06-16,Tuesday,14:25,Antalya,Muratpaşa,CUST11756,Returning,Female,43.0,Spor,Pilates Bandı,3,349,5,PayPal,EMP_07,Mobile,994.65
ORD500477,2026-06-12,Friday,15:40,Ankara,Çankaya,CUST10663,New,Male,23.0,Elektronik,Bluetooth Kulaklık,1,1299,0,Card,EMP_07,Mobile,1299.0
ORD500478,2026-06-29,Monday,21:40,İstanbul,Bakırköy,CUST10374,Returning,Female,46.0,Elektronik,Laptop Standı,1,999,5,Bank Transfer,EMP_03,Mobile,949.05
ORD500479,2026-06-23,Tuesday,19:10,İstanbul,Şişli,CUST10540,Returning,Female,19.0,Elektronik,Kablosuz Mouse,2,499,5,Wallet,EMP_17,Mobile,948.1
ORD500480,2026-06-23,Tuesday,18:10,İzmir,Bornova,CUST10396,Returning,Female,26.0,Elektronik,Akıllı Saat,3,3499,5,Card,EMP_23,Web,9972.15
ORD500481,2026-06-04,Thursday,14:25,İstanbul,Şişli,CUST11079,New,Female,22.0,Elektronik,Kablosuz Mouse,2,499,5,Card,EMP_07,Mobile,948.1
ORD500482,2026-06-11,Thursday,12:55,İstanbul,Bakırköy,CUST10488,Returning,Male,23.0,Elektronik,Bluetooth Kulaklık,2,1299,5,Wallet,EMP_05,Mobile,2468.1
ORD500483,2026-06-08,Monday,15:00,İstanbul,Bakırköy,CUST10531,Returning,Female,65.0,Ev,French Press,1,649,5,Bank Transfer,EMP_06,Mobile,616.55
ORD500484,2026-06-08,Monday,17:45,Ankara,Çankaya,CUST10962,Returning,Male,64.0,Ofis,Masa Düzenleyici,1,399,10,Card,EMP_03,Mobile,359.1
ORD500485,2026-06-06,Saturday,20:10,Ankara,Çankaya,CUST11879,Returning,Female,52.0,Kozmetik,Güneş Kremi,1,599,10,PayPal,EMP_24,Mobile,539.1
ORD500486,2026-06-17,Wednesday,18:30,Antalya,Muratpaşa,CUST10908,Returning,Male,62.0,Kozmetik,Şampuan,3,319,10,Bank Transfer,EMP_07,Web,861.3
ORD500487,2026-06-12,Friday,17:05,Ankara,Yenimahalle,CUST11947,Returning,Female,26.0,Ofis,Defter,1,179,5,PayPal,EMP_04,Mobile,170.05
ORD500488,2026-06-03,Wednesday,09:20,İzmir,Bornova,CUST10175,New,Male,63.0,Ofis,Kalem Seti,2,229,5,Card,EMP_08,Web,435.1
ORD500489,2026-06-05,Friday,20:55,İzmir,Bornova,CUST10704,Returning,Female,25.0,Elektronik,Powerbank,3,899,0,Bank Transfer,EMP_20,Mobile,2697.0
ORD500490,2026-06-18,Thursday,16:45,İstanbul,Şişli,CUST11485,Returning,Female,25.0,Kitap,Kişisel Gelişim,4,349,15,Card,EMP_04,Web,1186.6
ORD500491,2026-06-16,Tuesday,20:45,Antalya,Muratpaşa,CUST10057,New,Female,36.0,Ev,Termos,1,549,5,Bank Transfer,EMP_23,Mobile,521.55
ORD500492,2026-06-12,Friday,09:40,Gaziantep,Şehitkamil,CUST11685,New,Male,56.0,Ev,French Press,3,649,0,PayPal,EMP_30,Mobile,1947.0
ORD500493,2026-06-03,Wednesday,13:55,İstanbul,Bakırköy,CUST10259,New,Female,43.0,Elektronik,Kablosuz Mouse,3,499,10,Card,EMP_14,Web,1347.3
ORD500494,2026-06-21,Sunday,19:50,Ankara,Yenimahalle,CUST11547,Returning,Male,57.0,Elektronik,Kablosuz Mouse,4,499,0,Bank Transfer,EMP_07,Mobile,1996.0
ORD500495,2026-06-17,Wednesday,19:35,İstanbul,Bakırköy,CUST11605,New,Male,55.0,Kitap,Roman,1,299,5,PayPal,EMP_04,Mobile,284.05
ORD500496,2026-06-24,Wednesday,15:25,Ankara,Çankaya,CUST11963,Returning,Female,52.0,Spor,Pilates Bandı,1,349,0,Wallet,EMP_26,Mobile,349.0
ORD500497,2026-06-28,Sunday,16:10,İzmir,Karşıyaka,CUST10648,Returning,Female,41.0,Spor,Pilates Bandı,2,349,10,Wallet,EMP_22,Web,628.2
ORD500498,2026-06-16,Tuesday,17:55,Antalya,Muratpaşa,CUST10829,New,Female,31.0,Elektronik,Akıllı Saat,2,3499,0,Wallet,EMP_29,Web,6998.0
ORD500499,2026-06-21,Sunday,09:15,İstanbul,Şişli,CUST11129,New,Female,65.0,Kozmetik,Yüz Temizleyici,2,429,5,Bank Transfer,EMP_07,Web,815.1
ORD500500,2026-06-28,Sunday,13:05,Ankara,Çankaya,CUST11126,New,Female,18.0,Elektronik,Powerbank,2,899,5,Wallet,EMP_13,Web,1708.1
ORD500501,2026-06-09,Tuesday,19:55,Adana,Seyhan,CUST11310,Returning,Male,52.0,Elektronik,Bluetooth Kulaklık,2,1299,10,Card,EMP_01,Web,2338.2
ORD500502,2026-06-06,Saturday,20:45,Ankara,Çankaya,CUST11757,Returning,Female,49.0,Kitap,Finans,1,459,20,Wallet,EMP_29,Web,367.2
ORD500503,2026-06-22,Monday,17:40,İstanbul,Bakırköy,CUST11168,New,Male,63.0,Elektronik,Bluetooth Kulaklık,2,1299,0,Card,EMP_28,Web,2598.0
ORD500504,2026-06-29,Monday,15:10,Konya,Selçuklu,CUST10623,Returning,Female,23.0,Ofis,Kalem Seti,2,229,5,Wallet,EMP_10,Mobile,435.1
ORD500505,2026-06-25,Thursday,11:50,Ankara,Çankaya,CUST10362,New,Male,25.0,Ev,French Press,3,649,0,Wallet,EMP_05,Mobile,1947.0
ORD500506,2026-06-23,Tuesday,16:40,İstanbul,Şişli,CUST10490,New,Female,29.0,Ev,French Press,1,649,0,Wallet,EMP_07,Web,649.0
ORD500507,2026-06-22,Monday,14:00,İstanbul,Şişli,CUST10733,Returning,Female,53.0,Ofis,Defter,2,179,0,PayPal,EMP_20,Mobile,358.0
ORD500508,2026-06-15,Monday,15:30,Ankara,Yenimahalle,CUST10780,New,Female,43.0,Elektronik,Kablosuz Mouse,1,499,0,Wallet,EMP_08,Mobile,499.0
ORD500509,2026-06-20,Saturday,14:45,İstanbul,Kadıköy,CUST11752,New,Female,40.0,Ev,French Press,1,649,15,Card,EMP_07,Mobile,551.65
ORD500510,2026-06-25,Thursday,18:25,Konya,Selçuklu,CUST11678,Returning,Male,29.0,Elektronik,Bluetooth Kulaklık,1,1299,5,Wallet,EMP_14,Web,1234.05
ORD500511,2026-06-15,Monday,18:15,İstanbul,Şişli,CUST10638,New,Female,63.0,Ofis,Ajanda,1,319,15,PayPal,EMP_13,Mobile,271.15
ORD500512,2026-06-21,Sunday,21:20,İzmir,Bornova,CUST10846,Returning,Female,54.0,Kozmetik,Parfüm,1,1799,20,PayPal,EMP_18,Mobile,1439.2
ORD500513,2026-06-07,Sunday,12:35,Antalya,Muratpaşa,CUST11626,New,Female,56.0,Elektronik,Kablosuz Mouse,3,499,15,Bank Transfer,EMP_16,Web,1272.45
ORD500514,2026-06-25,Thursday,17:00,Adana,Seyhan,CUST11727,New,Male,29.0,Spor,Pilates Bandı,1,349,15,Wallet,EMP_08,Mobile,296.65
ORD500515,2026-06-27,Saturday,09:35,İstanbul,Bakırköy,CUST10751,New,Female,28.0,Kozmetik,Şampuan,3,319,0,Card,EMP_26,Web,957.0
ORD500516,2026-06-09,Tuesday,19:25,Ankara,Yenimahalle,CUST10989,Returning,Female,30.0,Elektronik,Powerbank,1,899,10,Bank Transfer,EMP_06,Web,809.1
ORD500517,2026-06-04,Thursday,17:30,Adana,Seyhan,CUST10520,New,Male,48.0,Elektronik,Powerbank,1,899,15,Bank Transfer,EMP_21,Web,764.15
ORD500518,2026-06-15,Monday,18:40,Kocaeli,İzmit,CUST11371,Returning,Female,49.0,Spor,Pilates Bandı,4,349,15,Bank Transfer,EMP_19,Mobile,1186.6
ORD500519,2026-06-30,Tuesday,18:25,Ankara,Yenimahalle,CUST10455,New,Female,63.0,Kozmetik,Güneş Kremi,1,599,10,Bank Transfer,EMP_19,Mobile,539.1
ORD500520,2026-06-24,Wednesday,15:35,İstanbul,Bakırköy,CUST10470,Returning,Male,65.0,Elektronik,Kablosuz Mouse,1,499,15,PayPal,EMP_25,Mobile,424.15
ORD500521,2026-06-02,Tuesday,20:20,Konya,Selçuklu,CUST11955,New,Male,22.0,Elektronik,Powerbank,2,899,10,Wallet,EMP_30,Mobile,1618.2
ORD500522,2026-06-05,Friday,17:20,Antalya,Muratpaşa,CUST10037,New,Male,62.0,Spor,Pilates Bandı,1,349,10,PayPal,EMP_17,Web,314.1
ORD500523,2026-06-06,Saturday,14:40,İzmir,Karşıyaka,CUST10238,New,Female,59.0,Elektronik,Laptop Standı,4,999,0,Bank Transfer,EMP_11,Mobile,3996.0
ORD500524,2026-06-09,Tuesday,20:55,Konya,Selçuklu,CUST10650,Returning,Male,54.0,Elektronik,Powerbank,2,899,0,Wallet,EMP_22,Mobile,1798.0
ORD500525,2026-06-23,Tuesday,20:25,İstanbul,Bakırköy,CUST10844,New,Male,48.0,Spor,Pilates Bandı,2,349,0,Bank Transfer,EMP_13,Mobile,698.0
ORD500526,2026-06-21,Sunday,18:05,Ankara,Çankaya,CUST10660,Returning,Female,27.0,Kitap,Bilim,2,429,0,PayPal,EMP_25,Mobile,858.0
ORD500527,2026-06-09,Tuesday,18:05,İzmir,Karşıyaka,CUST11203,Returning,Male,32.0,Spor,Pilates Bandı,4,349,0,Card,EMP_12,Web,1396.0
ORD500528,2026-06-04,Thursday,14:55,İstanbul,Şişli,CUST10809,New,Male,22.0,Elektronik,Akıllı Saat,1,3499,5,Wallet,EMP_08,Web,3324.05
ORD500529,2026-06-13,Saturday,13:35,Kocaeli,İzmit,CUST10270,Returning,Female,32.0,Kitap,Veri Analizi 101,1,549,0,Card,EMP_29,Mobile,549.0
ORD500530,2026-06-01,Monday,20:10,Eskişehir,Odunpazarı,CUST10005,Returning,Female,19.0,Kozmetik,Güneş Kremi,2,599,0,Wallet,EMP_23,Web,1198.0
ORD500531,2026-06-20,Saturday,15:45,Ankara,Yenimahalle,CUST10538,Returning,Male,64.0,Ev,Termos,2,549,10,PayPal,EMP_25,Web,988.2
ORD500532,2026-06-12,Friday,19:10,Eskişehir,Odunpazarı,CUST11605,New,Male,20.0,Elektronik,Akıllı Saat,1,3499,0,Wallet,EMP_16,Web,3499.0
ORD500533,2026-06-26,Friday,12:45,Konya,Selçuklu,CUST10769,Returning,Female,49.0,Ofis,Kalem Seti,3,229,5,PayPal,EMP_29,Mobile,652.65
ORD500534,2026-06-23,Tuesday,21:05,Ankara,Yenimahalle,CUST11472,New,Male,51.0,Kozmetik,Parfüm,2,1799,10,Bank Transfer,EMP_14,Mobile,3238.2
ORD500535,2026-06-20,Saturday,12:40,Kocaeli,İzmit,CUST10363,New,Female,45.0,Kitap,Bilim,2,429,0,Bank Transfer,EMP_13,Mobile,858.0
ORD500536,2026-06-20,Saturday,18:45,Antalya,Muratpaşa,CUST10043,New,Female,65.0,Ev,Termos,2,549,10,Wallet,EMP_27,Web,988.2
ORD500537,2026-06-25,Thursday,20:30,İzmir,Karşıyaka,CUST10163,Returning,Female,39.0,Ev,Termos,1,549,0,Bank Transfer,EMP_28,Web,549.0
ORD500538,2026-06-26,Friday,16:35,Konya,Selçuklu,CUST10098,New,Male,29.0,Elektronik,Laptop Standı,2,999,0,Wallet,EMP_24,Web,1998.0
ORD500539,2026-06-09,Tuesday,18:25,Gaziantep,Şehitkamil,CUST11262,Returning,Male,62.0,Ofis,Ajanda,1,319,5,Unknown,EMP_30,Mobile,303.05
ORD500540,2026-06-08,Monday,20:45,İstanbul,Bakırköy,CUST10620,Returning,Male,31.0,Elektronik,Laptop Standı,2,999,10,Wallet,EMP_17,Mobile,1798.2
ORD500541,2026-06-28,Sunday,21:10,İzmir,Bornova,CUST11369,Returning,Female,45.0,Ev,Masa Lambası,1,899,10,Card,EMP_09,Web,809.1
ORD500542,2026-06-30,Tuesday,13:05,İstanbul,Şişli,CUST11017,Returning,Male,58.0,Ofis,Defter,3,179,15,Wallet,EMP_29,Mobile,456.45
ORD500543,2026-06-13,Saturday,18:40,Gaziantep,Şehitkamil,CUST10384,New,Female,32.0,Ev,Blender,3,2199,0,Bank Transfer,EMP_16,Mobile,6597.0
ORD500544,2026-06-08,Monday,18:25,Gaziantep,Şehitkamil,CUST11424,Returning,Male,49.0,Ev,Blender,2,2199,10,PayPal,EMP_19,Mobile,3958.2
ORD500545,2026-06-02,Tuesday,14:50,Bursa,Nilüfer,CUST11798,New,Female,64.0,Ofis,Masa Düzenleyici,1,399,0,Wallet,EMP_20,Mobile,399.0
ORD500546,2026-06-04,Thursday,21:35,Konya,Selçuklu,CUST11033,New,Female,55.0,Ev,French Press,3,649,0,Card,EMP_08,Web,1947.0
ORD500547,2026-06-26,Friday,14:10,İstanbul,Kadıköy,CUST11548,New,Female,21.0,Spor,Yoga Matı,2,699,5,Bank Transfer,EMP_05,Web,1328.1
ORD500548,2026-06-28,Sunday,13:40,Ankara,Yenimahalle,CUST11652,New,Female,,Spor,Yoga Matı,4,699,10,PayPal,EMP_24,Mobile,2516.4
ORD500549,2026-06-17,Wednesday,20:25,Antalya,Muratpaşa,CUST11048,Returning,Female,53.0,Elektronik,Kablosuz Mouse,4,499,20,Wallet,EMP_13,Mobile,1596.8
ORD500550,2026-06-02,Tuesday,15:00,İstanbul,Bakırköy,CUST11552,New,Male,62.0,Elektronik,Powerbank,1,899,0,Card,EMP_30,Web,899.0
ORD500551,2026-06-17,Wednesday,15:00,Antalya,Muratpaşa,CUST11905,Returning,Female,45.0,Elektronik,Powerbank,2,899,0,Wallet,EMP_24,Mobile,1798.0
ORD500552,2026-06-15,Monday,18:00,Kocaeli,İzmit,CUST11503,Returning,Female,24.0,Ofis,Kalem Seti,3,229,0,PayPal,EMP_06,Mobile,687.0
ORD500553,2026-06-30,Tuesday,17:45,Bursa,Nilüfer,CUST10256,New,Male,20.0,Kozmetik,Serum,1,899,20,Bank Transfer,EMP_06,Mobile,719.2
ORD500554,2026-06-28,Sunday,18:20,Eskişehir,Odunpazarı,CUST11117,New,Female,64.0,Ev,Saklama Kabı,2,299,15,Wallet,EMP_02,Mobile,508.3
ORD500555,2026-06-21,Sunday,17:10,Antalya,Muratpaşa,CUST11504,New,Male,52.0,Elektronik,Bluetooth Kulaklık,3,1299,10,Card,EMP_07,Mobile,3507.3
ORD500556,2026-06-25,Thursday,19:50,İstanbul,Kadıköy,CUST10157,New,Male,62.0,Kozmetik,Serum,1,899,10,Wallet,EMP_05,Web,809.1
ORD500557,2026-06-18,Thursday,17:05,Ankara,Çankaya,CUST10976,Returning,Female,58.0,Elektronik,Bluetooth Kulaklık,1,1299,5,PayPal,EMP_26,Web,1234.05
ORD500558,2026-06-11,Thursday,16:00,Bursa,Nilüfer,CUST10813,Returning,Female,43.0,Kozmetik,Güneş Kremi,2,599,10,Card,EMP_26,Mobile,1078.2
ORD500559,2026-06-11,Thursday,13:20,Ankara,Çankaya,CUST10564,Returning,Female,49.0,Ofis,Monitör Yükseltici,2,1199,5,Card,EMP_18,Mobile,2278.1
ORD500560,2026-06-17,Wednesday,18:05,İstanbul,Kadıköy,CUST11261,New,Male,47.0,Ev,Masa Lambası,2,899,10,Wallet,EMP_23,Web,1618.2
ORD500561,2026-06-19,Friday,17:40,Eskişehir,Odunpazarı,CUST10500,New,Male,44.0,Kozmetik,Şampuan,1,319,10,Bank Transfer,EMP_24,Mobile,287.1
ORD500562,2026-06-29,Monday,19:50,Gaziantep,Şehitkamil,CUST10297,New,Female,44.0,Kozmetik,Serum,1,899,0,Bank Transfer,EMP_10,Mobile,899.0
ORD500563,2026-06-01,Monday,10:45,Kocaeli,İzmit,CUST10773,Returning,Male,19.0,Ev,Saklama Kabı,2,299,15,Wallet,EMP_28,Mobile,508.3
ORD500564,2026-06-29,Monday,20:45,Gaziantep,Şehitkamil,CUST11373,New,Female,51.0,Ev,Blender,2,2199,0,Wallet,EMP_14,Mobile,4398.0
ORD500565,2026-06-22,Monday,16:30,Gaziantep,Şehitkamil,CUST10025,New,Male,30.0,Spor,Koşu Çantası,1,499,0,Card,EMP_07,Web,499.0
ORD500566,2026-06-20,Saturday,21:10,İstanbul,Şişli,CUST11449,New,Female,40.0,Elektronik,Akıllı Saat,1,3499,0,Bank Transfer,EMP_06,Web,3499.0
ORD500567,2026-06-12,Friday,20:00,İstanbul,Şişli,CUST11116,New,Male,22.0,Spor,Yoga Matı,1,699,0,Bank Transfer,EMP_26,Mobile,699.0
ORD500568,2026-06-21,Sunday,14:55,Ankara,Çankaya,CUST10702,Returning,Male,38.0,Ev,French Press,4,649,5,Bank Transfer,EMP_04,Web,2466.2
ORD500569,2026-06-27,Saturday,18:25,İzmir,Bornova,CUST11372,Returning,Male,45.0,Ev,Termos,2,549,5,Card,EMP_15,Web,1043.1
ORD500570,2026-06-15,Monday,20:15,İstanbul,Şişli,CUST10213,Returning,Male,54.0,Spor,Koşu Çantası,1,499,5,Card,EMP_24,Web,474.05
ORD500571,2026-06-15,Monday,20:35,İstanbul,Bakırköy,CUST10705,New,Female,18.0,Ofis,Defter,1,179,0,Wallet,EMP_19,Mobile,179.0
ORD500572,2026-06-03,Wednesday,18:20,Bursa,Nilüfer,CUST11694,New,Female,36.0,Spor,Yoga Matı,1,699,0,PayPal,EMP_07,Web,699.0
ORD500573,2026-06-14,Sunday,18:25,İstanbul,Bakırköy,CUST10748,Returning,Female,62.0,Ev,Saklama Kabı,1,299,0,PayPal,EMP_14,Mobile,299.0
ORD500574,2026-06-18,Thursday,17:25,İzmir,Bornova,CUST11703,New,Male,32.0,Spor,Pilates Bandı,1,349,0,PayPal,EMP_14,Web,349.0
ORD500575,2026-06-25,Thursday,14:55,Ankara,Çankaya,CUST11701,Returning,Male,60.0,Ofis,Defter,1,179,20,Wallet,EMP_14,Mobile,143.2
ORD500576,2026-06-26,Friday,12:35,İzmir,Karşıyaka,CUST10959,Returning,Male,,Spor,Koşu Çantası,1,499,5,Unknown,EMP_01,Mobile,474.05
ORD500577,2026-06-30,Tuesday,12:00,İzmir,Bornova,CUST10210,Returning,Male,37.0,Spor,Suluk,1,249,5,PayPal,EMP_08,Web,236.55
ORD500578,2026-06-07,Sunday,20:50,Konya,Selçuklu,CUST10154,Returning,Male,21.0,Kozmetik,Şampuan,3,319,10,PayPal,EMP_16,Web,861.3
ORD500579,2026-06-25,Thursday,17:10,Eskişehir,Odunpazarı,CUST10676,New,Female,26.0,Ofis,Defter,1,179,0,PayPal,EMP_28,Mobile,179.0
ORD500580,2026-06-23,Tuesday,13:45,İstanbul,Şişli,CUST10467,Returning,Male,29.0,Ofis,Defter,1,179,0,PayPal,EMP_04,Web,179.0
ORD500581,2026-06-15,Monday,12:10,Adana,Seyhan,CUST11510,New,Female,33.0,Ev,Termos,1,549,0,Card,EMP_08,Mobile,549.0
ORD500582,2026-06-02,Tuesday,12:50,İstanbul,Bakırköy,CUST11539,New,Male,50.0,Ev,Blender,4,2199,10,Card,EMP_12,Mobile,7916.4
ORD500583,2026-06-30,Tuesday,21:00,İstanbul,Bakırköy,CUST10434,New,Male,49.0,Kozmetik,Parfüm,1,1799,0,Wallet,EMP_14,Mobile,1799.0
ORD500584,2026-06-27,Saturday,18:20,Adana,Seyhan,CUST11657,New,Male,28.0,Spor,Pilates Bandı,2,349,0,PayPal,EMP_18,Mobile,698.0
ORD500585,2026-06-13,Saturday,14:30,İzmir,Karşıyaka,CUST10268,Returning,Male,35.0,Ev,Termos,5,549,5,PayPal,EMP_04,Mobile,2607.75
ORD500586,2026-06-10,Wednesday,17:00,Antalya,Muratpaşa,CUST10915,Returning,Female,64.0,Elektronik,Akıllı Saat,1,3499,10,PayPal,EMP_15,Web,3149.1
ORD500587,2026-06-25,Thursday,17:35,İstanbul,Kadıköy,CUST10703,Returning,Male,46.0,Elektronik,Powerbank,2,899,5,Wallet,EMP_25,Mobile,1708.1
ORD500588,2026-06-07,Sunday,17:55,Bursa,Nilüfer,CUST11806,New,Female,54.0,Ofis,Monitör Yükseltici,1,1199,5,Card,EMP_09,Mobile,1139.05
ORD500589,2026-06-22,Monday,19:20,İstanbul,Bakırköy,CUST10143,New,Female,37.0,Ofis,Defter,1,179,0,Bank Transfer,EMP_27,Web,179.0
ORD500590,2026-06-21,Sunday,16:05,Konya,Selçuklu,CUST11888,Returning,Female,60.0,Kitap,Roman,2,299,5,Card,EMP_08,Mobile,568.1
ORD500591,2026-06-24,Wednesday,14:30,İstanbul,Bakırköy,CUST10369,Returning,Male,24.0,Kitap,Roman,2,299,10,Wallet,EMP_05,Mobile,538.2
ORD500592,2026-06-10,Wednesday,14:55,Adana,Seyhan,CUST11566,Returning,Male,48.0,Kitap,Bilim,5,429,0,Card,EMP_12,Web,2145.0
ORD500593,2026-06-13,Saturday,18:10,İstanbul,Bakırköy,CUST11098,Returning,Male,43.0,Ofis,Ajanda,3,319,0,Wallet,EMP_02,Web,957.0
ORD500594,2026-06-05,Friday,18:10,İstanbul,Kadıköy,CUST11744,Returning,Male,38.0,Ofis,Ajanda,4,319,0,Wallet,EMP_06,Web,1276.0
ORD500595,2026-06-04,Thursday,19:30,Antalya,Muratpaşa,CUST11123,Returning,Male,47.0,Kozmetik,Yüz Temizleyici,1,429,0,Card,EMP_24,Mobile,429.0
ORD500596,2026-06-14,Sunday,16:10,İstanbul,Kadıköy,CUST11054,New,Female,29.0,Ev,French Press,3,649,15,Wallet,EMP_14,Mobile,1654.95
ORD500597,2026-06-09,Tuesday,19:20,İstanbul,Şişli,CUST11482,Returning,Female,62.0,Kozmetik,Şampuan,2,319,5,PayPal,EMP_12,Web,606.1
ORD500598,2026-06-20,Saturday,18:15,Gaziantep,Şehitkamil,CUST11813,Returning,Male,27.0,Ev,Saklama Kabı,1,299,10,PayPal,EMP_04,Mobile,269.1
ORD500599,2026-06-04,Thursday,20:45,Antalya,Muratpaşa,CUST10872,Returning,Female,44.0,Spor,Suluk,2,249,5,Wallet,EMP_17,Web,473.1
ORD500600,2026-06-01,Monday,17:45,İstanbul,Kadıköy,CUST10776,New,Female,44.0,Spor,Dambıl Seti,1,1899,5,Bank Transfer,EMP_23,Mobile,1804.05
ORD500601,2026-06-02,Tuesday,16:25,Antalya,Muratpaşa,CUST10394,Returning,Female,36.0,Kozmetik,Serum,1,899,10,PayPal,EMP_12,Web,809.1
ORD500602,2026-06-21,Sunday,12:45,Bursa,Nilüfer,CUST11748,Returning,Female,23.0,Kitap,Veri Analizi 101,2,549,0,PayPal,EMP_29,Web,1098.0
ORD500603,2026-06-29,Monday,09:45,Adana,Seyhan,CUST11619,Returning,Male,35.0,Ofis,Masa Düzenleyici,1,399,20,Bank Transfer,EMP_11,Mobile,319.2
ORD500604,2026-06-15,Monday,15:25,İstanbul,Şişli,CUST10573,Returning,Male,25.0,Ev,French Press,2,649,0,PayPal,EMP_22,Mobile,1298.0
ORD500605,2026-06-30,Tuesday,15:50,Ankara,Çankaya,CUST11256,New,Female,38.0,Ev,French Press,1,649,0,Wallet,EMP_18,Mobile,649.0
ORD500606,2026-06-14,Sunday,10:35,Ankara,Çankaya,CUST10344,New,Male,48.0,Spor,Dambıl Seti,1,1899,5,Bank Transfer,EMP_15,Mobile,1804.05
ORD500607,2026-06-30,Tuesday,18:25,Ankara,Yenimahalle,CUST11157,Returning,Male,35.0,Ofis,Defter,2,179,0,PayPal,EMP_26,Mobile,358.0
ORD500608,2026-06-21,Sunday,16:25,Adana,Seyhan,CUST11090,Returning,Male,20.0,Ev,Blender,1,2199,0,Wallet,EMP_17,Web,2199.0
ORD500609,2026-06-18,Thursday,18:00,Bursa,Nilüfer,CUST10594,New,Male,52.0,Elektronik,Powerbank,1,899,0,Card,EMP_26,Mobile,899.0
ORD500610,2026-06-10,Wednesday,19:05,Eskişehir,Odunpazarı,CUST11741,Returning,Male,46.0,Elektronik,Kablosuz Mouse,1,499,0,Wallet,EMP_14,Web,499.0
ORD500611,2026-06-11,Thursday,19:15,Gaziantep,Şehitkamil,CUST11821,Returning,Male,57.0,Ofis,Kalem Seti,1,229,0,Bank Transfer,EMP_18,Web,229.0
ORD500612,2026-06-03,Wednesday,13:55,İstanbul,Bakırköy,CUST10889,New,Male,19.0,Kitap,Finans,2,459,5,Wallet,EMP_03,Mobile,872.1
ORD500613,2026-06-21,Sunday,15:50,Eskişehir,Odunpazarı,CUST10365,Returning,Male,37.0,Kitap,Kişisel Gelişim,1,349,5,Bank Transfer,EMP_06,Web,331.55
ORD500614,2026-06-14,Sunday,12:35,Bursa,Nilüfer,CUST10090,New,Female,61.0,Elektronik,Powerbank,2,899,0,Card,EMP_26,Mobile,1798.0
ORD500615,2026-06-17,Wednesday,18:25,Adana,Seyhan,CUST11578,New,Male,43.0,Kitap,Kişisel Gelişim,1,349,5,Wallet,EMP_08,Mobile,331.55
ORD500616,2026-06-29,Monday,15:10,İstanbul,Kadıköy,CUST11087,Returning,Male,43.0,Ev,Saklama Kabı,2,299,0,Wallet,EMP_06,Mobile,598.0
ORD500617,2026-06-02,Tuesday,14:50,Eskişehir,Odunpazarı,CUST10962,New,Female,22.0,Elektronik,Powerbank,2,899,0,Wallet,EMP_21,Web,1798.0
ORD500618,2026-06-04,Thursday,14:05,Gaziantep,Şehitkamil,CUST11619,Returning,Female,50.0,Kozmetik,Yüz Temizleyici,1,429,0,PayPal,EMP_30,Mobile,429.0
ORD500619,2026-06-09,Tuesday,19:20,Bursa,Nilüfer,CUST10903,Returning,Female,50.0,Elektronik,Powerbank,1,899,5,Bank Transfer,EMP_12,Mobile,854.05
ORD500620,2026-06-08,Monday,21:10,Ankara,Yenimahalle,CUST10227,New,Female,29.0,Elektronik,Powerbank,1,899,5,Bank Transfer,EMP_16,Mobile,854.05
ORD500621,2026-06-24,Wednesday,18:00,İzmir,Karşıyaka,CUST10890,New,Male,40.0,Ofis,Monitör Yükseltici,1,1199,5,Card,EMP_23,Mobile,1139.05
ORD500622,2026-06-11,Thursday,19:00,İstanbul,Şişli,CUST10558,Returning,Male,23.0,Kozmetik,Parfüm,2,1799,0,Wallet,EMP_14,Web,3598.0
ORD500623,2026-06-24,Wednesday,19:40,Antalya,Muratpaşa,CUST11675,New,Male,54.0,Kitap,Bilim,2,429,5,Bank Transfer,EMP_22,Mobile,815.1
ORD500624,2026-06-17,Wednesday,17:30,Konya,Selçuklu,CUST11914,New,Male,39.0,Kozmetik,Serum,1,899,0,PayPal,EMP_04,Mobile,899.0
ORD500625,2026-06-24,Wednesday,15:50,Ankara,Çankaya,CUST10312,New,Female,31.0,Elektronik,Laptop Standı,1,999,10,Card,EMP_27,Mobile,899.1
ORD500626,2026-06-29,Monday,20:50,Konya,Selçuklu,CUST10366,Returning,Female,59.0,Kitap,Roman,2,299,0,Bank Transfer,EMP_04,Web,598.0
ORD500627,2026-06-20,Saturday,16:35,İstanbul,Şişli,CUST11045,New,Male,43.0,Ev,Blender,3,2199,0,Bank Transfer,EMP_04,Web,6597.0
ORD500628,2026-06-06,Saturday,18:40,Ankara,Çankaya,CUST10900,Returning,Male,57.0,Ofis,Ajanda,2,319,5,Bank Transfer,EMP_18,Mobile,606.1
ORD500629,2026-06-22,Monday,19:25,Antalya,Muratpaşa,CUST11052,Returning,Male,43.0,Spor,Suluk,1,249,0,Bank Transfer,EMP_22,Mobile,249.0
ORD500630,2026-06-20,Saturday,17:15,İstanbul,Bakırköy,CUST10941,New,Female,22.0,Spor,Koşu Çantası,2,499,0,Card,EMP_18,Mobile,998.0
ORD500631,2026-06-24,Wednesday,18:20,Gaziantep,Şehitkamil,CUST10179,New,Male,61.0,Kozmetik,Serum,1,899,0,PayPal,EMP_17,Web,899.0
ORD500632,2026-06-07,Sunday,17:45,İstanbul,Bakırköy,CUST11295,New,Female,40.0,Elektronik,Bluetooth Kulaklık,1,1299,0,Bank Transfer,EMP_17,Web,1299.0
ORD500633,2026-06-30,Tuesday,18:35,Ankara,Çankaya,CUST10702,Returning,Female,61.0,Kitap,Veri Analizi 101,1,549,5,Card,EMP_28,Mobile,521.55
ORD500634,2026-06-26,Friday,13:05,İzmir,Karşıyaka,CUST10283,Returning,Male,51.0,Kitap,Bilim,2,429,0,Wallet,EMP_15,Mobile,858.0
ORD500635,2026-06-20,Saturday,20:35,Ankara,Çankaya,CUST11766,Returning,Male,60.0,Kitap,Kişisel Gelişim,2,349,0,Card,EMP_22,Web,698.0
ORD500636,2026-06-10,Wednesday,15:40,Ankara,Çankaya,CUST10541,New,Female,31.0,Spor,Yoga Matı,3,699,15,Wallet,EMP_28,Mobile,1782.45
ORD500637,2026-06-19,Friday,21:35,Kocaeli,İzmit,CUST11459,New,Male,51.0,Ev,Masa Lambası,3,899,0,Wallet,EMP_10,Mobile,2697.0
ORD500638,2026-06-08,Monday,17:00,Kocaeli,İzmit,CUST11243,Returning,Female,56.0,Kozmetik,Güneş Kremi,3,599,15,Bank Transfer,EMP_03,Mobile,1527.45
ORD500639,2026-06-29,Monday,17:55,Ankara,Çankaya,CUST11950,New,Male,24.0,Elektronik,Powerbank,1,899,0,Card,EMP_28,Web,899.0
ORD500640,2026-06-15,Monday,11:30,İstanbul,Şişli,CUST11474,New,Male,28.0,Kitap,Bilim,2,429,5,PayPal,EMP_24,Web,815.1
ORD500641,2026-06-08,Monday,14:25,İstanbul,Kadıköy,CUST11408,Returning,Female,37.0,Kozmetik,Güneş Kremi,1,599,0,PayPal,EMP_05,Web,599.0
ORD500642,2026-06-14,Sunday,20:55,Antalya,Muratpaşa,CUST10017,New,Female,34.0,Ev,Masa Lambası,1,899,0,Bank Transfer,EMP_05,Mobile,899.0
ORD500643,2026-06-28,Sunday,14:10,Bursa,Nilüfer,CUST11414,New,Male,23.0,Kozmetik,Serum,1,899,15,Bank Transfer,EMP_16,Mobile,764.15
ORD500644,2026-06-18,Thursday,19:40,Eskişehir,Odunpazarı,CUST11702,Returning,Female,25.0,Spor,Suluk,1,249,10,PayPal,EMP_16,Mobile,224.1
ORD500645,2026-06-21,Sunday,09:30,İzmir,Karşıyaka,CUST10700,New,Male,61.0,Ev,Termos,2,549,0,PayPal,EMP_06,Mobile,1098.0
ORD500646,2026-06-15,Monday,15:45,İzmir,Karşıyaka,CUST11035,New,Female,28.0,Kozmetik,Şampuan,1,319,5,Wallet,EMP_01,Web,303.05
ORD500647,2026-06-17,Wednesday,16:30,Bursa,Nilüfer,CUST11833,New,Female,51.0,Kitap,Bilim,1,429,0,Wallet,EMP_07,Web,429.0
ORD500648,2026-06-22,Monday,13:35,İstanbul,Kadıköy,CUST11341,Returning,Female,27.0,Ev,Masa Lambası,2,899,0,Wallet,EMP_02,Mobile,1798.0
ORD500649,2026-06-02,Tuesday,17:20,Bursa,Nilüfer,CUST11084,New,Male,27.0,Ofis,Kalem Seti,4,229,10,Wallet,EMP_17,Web,824.4
ORD500650,2026-06-09,Tuesday,19:50,Gaziantep,Şehitkamil,CUST10081,New,Female,37.0,Kitap,Veri Analizi 101,2,549,0,Card,EMP_23,Mobile,1098.0
ORD500651,2026-06-18,Thursday,20:30,İstanbul,Şişli,CUST10842,Returning,Female,31.0,Elektronik,Akıllı Saat,2,3499,0,PayPal,EMP_19,Mobile,6998.0
ORD500652,2026-06-14,Sunday,17:30,Kocaeli,İzmit,CUST10454,New,Female,64.0,Spor,Yoga Matı,1,699,0,Unknown,EMP_20,Mobile,699.0
ORD500653,2026-06-29,Monday,21:10,Adana,Seyhan,CUST11116,New,Male,50.0,Ofis,Ajanda,1,319,10,Bank Transfer,EMP_06,Web,287.1
ORD500654,2026-06-22,Monday,18:25,Eskişehir,Odunpazarı,CUST11460,New,Male,34.0,Ofis,Monitör Yükseltici,2,1199,10,Card,EMP_25,Web,2158.2
ORD500655,2026-06-13,Saturday,14:25,Konya,Selçuklu,CUST10480,Returning,Female,61.0,Elektronik,Laptop Standı,4,999,0,Wallet,EMP_17,Mobile,3996.0
ORD500656,2026-06-24,Wednesday,17:55,İstanbul,Bakırköy,CUST10335,Returning,Male,33.0,Elektronik,Powerbank,1,899,5,Bank Transfer,EMP_12,Mobile,854.05
ORD500657,2026-06-26,Friday,18:10,Antalya,Muratpaşa,CUST11075,New,Male,23.0,Elektronik,Laptop Standı,4,999,5,Card,EMP_10,Web,3796.2
ORD500658,2026-06-15,Monday,10:30,Konya,Selçuklu,CUST11303,New,Female,62.0,Elektronik,Bluetooth Kulaklık,2,1299,0,Wallet,EMP_23,Mobile,2598.0
ORD500659,2026-06-07,Sunday,16:35,İstanbul,Kadıköy,CUST10314,Returning,Female,53.0,Kitap,Roman,3,299,0,Bank Transfer,EMP_11,Mobile,897.0
ORD500660,2026-06-24,Wednesday,18:20,İstanbul,Kadıköy,CUST11195,New,Female,63.0,Ev,Blender,2,2199,0,Bank Transfer,EMP_29,Mobile,4398.0
ORD500661,2026-06-16,Tuesday,19:55,Ankara,Yenimahalle,CUST10288,New,Female,32.0,Kitap,Kişisel Gelişim,1,349,0,PayPal,EMP_22,Mobile,349.0
ORD500662,2026-06-25,Thursday,20:50,Gaziantep,Şehitkamil,CUST11152,Returning,Male,56.0,Ofis,Monitör Yükseltici,3,1199,15,Card,EMP_09,Mobile,3057.45
ORD500663,2026-06-27,Saturday,20:20,İstanbul,Bakırköy,CUST10150,New,Female,49.0,Elektronik,Kablosuz Mouse,1,499,0,Wallet,EMP_02,Mobile,499.0
ORD500664,2026-06-28,Sunday,14:25,İstanbul,Kadıköy,CUST11027,Returning,Male,20.0,Spor,Pilates Bandı,1,349,0,Wallet,EMP_22,Mobile,349.0
ORD500665,2026-06-04,Thursday,19:10,Kocaeli,İzmit,CUST10922,Returning,Female,36.0,Spor,Koşu Çantası,3,499,5,Wallet,EMP_29,Mobile,1422.15
ORD500666,2026-06-17,Wednesday,16:10,İzmir,Bornova,CUST11520,New,Male,51.0,Ofis,Ajanda,2,319,10,Card,EMP_27,Mobile,574.2
ORD500667,2026-06-14,Sunday,18:40,İzmir,Bornova,CUST10189,New,Female,64.0,Ev,French Press,2,649,0,Card,EMP_08,Web,1298.0
ORD500668,2026-06-17,Wednesday,09:25,Konya,Selçuklu,CUST10556,Returning,Female,43.0,Spor,Dambıl Seti,3,1899,0,Wallet,EMP_20,Mobile,5697.0
ORD500669,2026-06-04,Thursday,16:05,İstanbul,Bakırköy,CUST10582,Returning,Female,31.0,Elektronik,Powerbank,1,899,15,Wallet,EMP_15,Mobile,764.15
ORD500670,2026-06-05,Friday,13:30,Eskişehir,Odunpazarı,CUST11091,Returning,Male,62.0,Kozmetik,Parfüm,1,1799,10,Card,EMP_09,Mobile,1619.1
ORD500671,2026-06-06,Saturday,16:40,İzmir,Bornova,CUST10317,New,Male,43.0,Elektronik,Laptop Standı,2,999,0,PayPal,EMP_29,Mobile,1998.0
ORD500672,2026-06-26,Friday,17:55,İstanbul,Bakırköy,CUST10660,New,Male,60.0,Kitap,Finans,1,459,0,Wallet,EMP_08,Mobile,459.0
ORD500673,2026-06-14,Sunday,19:15,İstanbul,Kadıköy,CUST11853,Returning,Male,39.0,Elektronik,Akıllı Saat,2,3499,5,Card,EMP_16,Mobile,6648.1
ORD500674,2026-06-20,Saturday,09:00,Adana,Seyhan,CUST11847,New,Male,26.0,Ofis,Masa Düzenleyici,2,399,5,Bank Transfer,EMP_27,Mobile,758.1
ORD500675,2026-06-25,Thursday,16:30,Konya,Selçuklu,CUST11681,New,Male,51.0,Spor,Yoga Matı,2,699,0,PayPal,EMP_21,Mobile,1398.0
ORD500676,2026-06-18,Thursday,10:25,Adana,Seyhan,CUST10508,New,Female,37.0,Ofis,Defter,1,179,10,PayPal,EMP_07,Mobile,161.1
ORD500677,2026-06-06,Saturday,19:40,Eskişehir,Odunpazarı,CUST10857,New,Female,20.0,Kozmetik,Parfüm,1,1799,0,Bank Transfer,EMP_12,Web,1799.0
ORD500678,2026-06-02,Tuesday,16:35,İstanbul,Bakırköy,CUST10710,New,Female,37.0,Ev,Masa Lambası,1,899,15,PayPal,EMP_05,Mobile,764.15
ORD500679,2026-06-17,Wednesday,14:25,Ankara,Çankaya,CUST10327,Returning,Male,55.0,Elektronik,Laptop Standı,1,999,10,PayPal,EMP_23,Web,899.1
ORD500680,2026-06-10,Wednesday,15:15,İstanbul,Şişli,CUST10860,Returning,Female,33.0,Spor,Yoga Matı,3,699,0,PayPal,EMP_23,Web,2097.0
ORD500681,2026-06-02,Tuesday,16:15,Eskişehir,Odunpazarı,CUST10380,Returning,Male,56.0,Kozmetik,Yüz Temizleyici,2,429,0,Wallet,EMP_25,Mobile,858.0
ORD500682,2026-06-08,Monday,19:40,Eskişehir,Odunpazarı,CUST11416,Returning,Male,40.0,Kozmetik,Yüz Temizleyici,2,429,0,Wallet,EMP_17,Mobile,858.0
ORD500683,2026-06-17,Wednesday,18:55,Eskişehir,Odunpazarı,CUST10222,New,Male,42.0,Ev,Saklama Kabı,3,299,10,Wallet,EMP_25,Web,807.3
ORD500684,2026-06-30,Tuesday,16:05,Ankara,Yenimahalle,CUST11920,New,Male,64.0,Kitap,Bilim,1,429,15,PayPal,EMP_09,Mobile,364.65
ORD500685,2026-06-22,Monday,09:35,Eskişehir,Odunpazarı,CUST10770,New,Male,63.0,Ofis,Masa Düzenleyici,1,399,0,PayPal,EMP_02,Web,399.0
ORD500686,2026-06-19,Friday,19:10,Antalya,Muratpaşa,CUST11607,New,Female,36.0,Ev,Masa Lambası,1,899,0,Bank Transfer,EMP_30,Web,899.0
ORD500687,2026-06-14,Sunday,18:50,İstanbul,Bakırköy,CUST10699,New,Male,34.0,Ev,Blender,2,2199,5,Card,EMP_10,Web,4178.1
ORD500688,2026-06-01,Monday,15:10,Gaziantep,Şehitkamil,CUST11216,Returning,Female,39.0,Elektronik,Bluetooth Kulaklık,1,1299,0,PayPal,EMP_11,Mobile,1299.0
ORD500689,2026-06-10,Wednesday,10:35,İstanbul,Bakırköy,CUST10508,New,Male,29.0,Kozmetik,Güneş Kremi,4,599,0,Bank Transfer,EMP_23,Mobile,2396.0
ORD500690,2026-06-26,Friday,14:15,İstanbul,Kadıköy,CUST10781,Returning,Female,63.0,Ofis,Defter,2,179,5,Bank Transfer,EMP_10,Web,340.1
ORD500691,2026-06-12,Friday,20:35,Bursa,Nilüfer,CUST11718,New,Male,56.0,Kitap,Bilim,4,429,5,Wallet,EMP_23,Web,1630.2
ORD500692,2026-06-07,Sunday,10:25,Kocaeli,İzmit,CUST11205,Returning,Male,19.0,Spor,Yoga Matı,1,699,0,Bank Transfer,EMP_18,Web,699.0
ORD500693,2026-06-07,Sunday,19:25,İstanbul,Bakırköy,CUST11346,New,Male,26.0,Kozmetik,Parfüm,2,1799,10,Bank Transfer,EMP_05,Mobile,3238.2
ORD500694,2026-06-19,Friday,15:30,Kocaeli,İzmit,CUST11137,Returning,Male,23.0,Elektronik,Akıllı Saat,2,3499,0,PayPal,EMP_18,Mobile,6998.0
ORD500695,2026-06-06,Saturday,17:20,Eskişehir,Odunpazarı,CUST11745,New,Female,26.0,Spor,Suluk,1,249,5,Card,EMP_05,Mobile,236.55
ORD500696,2026-06-06,Saturday,17:35,Antalya,Muratpaşa,CUST11019,Returning,Male,32.0,Elektronik,Akıllı Saat,1,3499,15,Wallet,EMP_23,Web,2974.15
ORD500697,2026-06-27,Saturday,20:50,Gaziantep,Şehitkamil,CUST11298,New,Female,52.0,Ofis,Ajanda,3,319,10,Bank Transfer,EMP_19,Web,861.3
ORD500698,2026-06-08,Monday,17:45,İstanbul,Bakırköy,CUST10635,New,Female,55.0,Ofis,Masa Düzenleyici,1,399,5,PayPal,EMP_07,Mobile,379.05
ORD500699,2026-06-22,Monday,17:00,Kocaeli,İzmit,CUST11827,Returning,Male,57.0,Ev,Saklama Kabı,1,299,5,PayPal,EMP_12,Web,284.05
ORD500700,2026-06-22,Monday,17:50,Antalya,Muratpaşa,CUST10204,Returning,Female,19.0,Spor,Koşu Çantası,1,499,10,Wallet,EMP_18,Mobile,449.1
ORD500701,2026-06-28,Sunday,12:20,Bursa,Nilüfer,CUST11071,Returning,Male,49.0,Ev,Termos,1,549,0,Wallet,EMP_07,Web,549.0
ORD500702,2026-06-11,Thursday,12:25,Gaziantep,Şehitkamil,CUST10580,New,Male,48.0,Ofis,Kalem Seti,4,229,10,PayPal,EMP_20,Web,824.4
ORD500703,2026-06-07,Sunday,18:35,Eskişehir,Odunpazarı,CUST11583,New,Male,53.0,Elektronik,Powerbank,4,899,0,PayPal,EMP_17,Mobile,3596.0
ORD500704,2026-06-29,Monday,11:35,Gaziantep,Şehitkamil,CUST11492,Returning,Female,34.0,Spor,Pilates Bandı,1,349,5,Bank Transfer,EMP_01,Web,331.55
ORD500705,2026-06-13,Saturday,12:15,İstanbul,Bakırköy,CUST11996,Returning,Female,62.0,Spor,Dambıl Seti,1,1899,0,Card,EMP_21,Mobile,1899.0
ORD500706,2026-06-02,Tuesday,20:35,Antalya,Muratpaşa,CUST11545,New,Female,44.0,Elektronik,Akıllı Saat,1,3499,5,PayPal,EMP_19,Web,3324.05
ORD500707,2026-06-23,Tuesday,15:40,İstanbul,Bakırköy,CUST11305,Returning,Female,63.0,Elektronik,Kablosuz Mouse,1,499,0,PayPal,EMP_29,Web,499.0
ORD500708,2026-06-29,Monday,17:00,Antalya,Muratpaşa,CUST10636,New,Male,56.0,Ev,Blender,2,2199,0,Bank Transfer,EMP_08,Mobile,4398.0
ORD500709,2026-06-18,Thursday,21:15,İzmir,Karşıyaka,CUST11080,Returning,Male,24.0,Ev,Saklama Kabı,1,299,0,Card,EMP_04,Mobile,299.0
ORD500710,2026-06-22,Monday,20:05,Kocaeli,İzmit,CUST10771,Returning,Male,25.0,Ev,French Press,1,649,0,Card,EMP_16,Mobile,649.0
ORD500711,2026-06-24,Wednesday,15:10,Antalya,Muratpaşa,CUST10273,New,Female,37.0,Spor,Koşu Çantası,1,499,0,Card,EMP_07,Mobile,499.0
ORD500712,2026-06-05,Friday,20:15,Ankara,Yenimahalle,CUST11657,New,Female,40.0,Elektronik,Bluetooth Kulaklık,1,1299,0,PayPal,EMP_23,Web,1299.0
ORD500713,2026-06-18,Thursday,20:40,İstanbul,Bakırköy,CUST11434,New,Male,32.0,Ofis,Monitör Yükseltici,1,1199,0,PayPal,EMP_06,Mobile,1199.0
ORD500714,2026-06-17,Wednesday,12:00,İstanbul,Kadıköy,CUST11073,Returning,Female,52.0,Kitap,Finans,1,459,10,Wallet,EMP_24,Mobile,413.1
ORD500715,2026-06-25,Thursday,19:30,Antalya,Muratpaşa,CUST10500,Returning,Female,19.0,Elektronik,Laptop Standı,3,999,0,PayPal,EMP_22,Web,2997.0
ORD500716,2026-06-15,Monday,15:20,İstanbul,Şişli,CUST10135,Returning,Female,39.0,Kozmetik,Güneş Kremi,1,599,15,Bank Transfer,EMP_15,Mobile,509.15
ORD500717,2026-06-19,Friday,19:30,Eskişehir,Odunpazarı,CUST10104,Returning,Male,64.0,Ofis,Ajanda,1,319,10,PayPal,EMP_30,Web,287.1
ORD500718,2026-06-13,Saturday,15:50,İstanbul,Kadıköy,CUST11346,New,Male,60.0,Elektronik,Akıllı Saat,2,3499,5,Card,EMP_02,Mobile,6648.1
ORD500719,2026-06-26,Friday,17:40,Eskişehir,Odunpazarı,CUST10465,Returning,Female,25.0,Elektronik,Kablosuz Mouse,2,499,5,PayPal,EMP_10,Web,948.1
ORD500720,2026-06-16,Tuesday,16:15,Ankara,Çankaya,CUST10377,Returning,Male,18.0,Spor,Dambıl Seti,2,1899,0,Card,EMP_25,Mobile,3798.0
ORD500721,2026-06-14,Sunday,17:45,Adana,Seyhan,CUST11699,New,Female,34.0,Elektronik,Akıllı Saat,1,3499,5,Card,EMP_17,Web,3324.05
ORD500722,2026-06-25,Thursday,17:10,Ankara,Çankaya,CUST11121,Returning,Male,24.0,Spor,Yoga Matı,1,699,15,Bank Transfer,EMP_17,Mobile,594.15
ORD500723,2026-06-25,Thursday,12:35,İstanbul,Bakırköy,CUST10644,Returning,Male,58.0,Ev,Termos,1,549,15,PayPal,EMP_28,Web,466.65
ORD500724,2026-06-09,Tuesday,19:00,İstanbul,Şişli,CUST10323,New,Male,59.0,Ev,French Press,1,649,20,Bank Transfer,EMP_27,Web,519.2
ORD500725,2026-06-02,Tuesday,14:05,İstanbul,Bakırköy,CUST10337,New,Female,20.0,Elektronik,Akıllı Saat,2,3499,0,Wallet,EMP_18,Web,6998.0
ORD500726,2026-06-30,Tuesday,15:25,Eskişehir,Odunpazarı,CUST11572,Returning,Female,46.0,Spor,Pilates Bandı,1,349,0,Wallet,EMP_24,Web,349.0
ORD500727,2026-06-18,Thursday,20:30,Ankara,Çankaya,CUST11633,New,Female,52.0,Spor,Yoga Matı,1,699,15,Wallet,EMP_05,Mobile,594.15
ORD500728,2026-06-28,Sunday,19:40,Konya,Selçuklu,CUST10244,Returning,Female,32.0,Elektronik,Laptop Standı,2,999,10,Wallet,EMP_30,Web,1798.2
ORD500729,2026-06-27,Saturday,20:20,İzmir,Karşıyaka,CUST10316,New,Female,60.0,Kozmetik,Şampuan,2,319,0,Bank Transfer,EMP_15,Mobile,638.0
ORD500730,2026-06-02,Tuesday,17:10,Bursa,Nilüfer,CUST11778,Returning,Female,50.0,Elektronik,Akıllı Saat,4,3499,5,Card,EMP_10,Web,13296.2
ORD500731,2026-06-28,Sunday,16:30,İstanbul,Bakırköy,CUST10161,New,Male,43.0,Spor,Suluk,2,249,10,Card,EMP_14,Web,448.2
ORD500732,2026-06-08,Monday,18:50,İstanbul,Bakırköy,CUST10107,Returning,Female,28.0,Spor,Dambıl Seti,1,1899,0,PayPal,EMP_16,Mobile,1899.0
ORD500733,2026-06-27,Saturday,18:35,İstanbul,Şişli,CUST11699,New,Female,38.0,Ofis,Ajanda,3,319,0,Card,EMP_18,Web,957.0
ORD500734,2026-06-03,Wednesday,12:25,İstanbul,Bakırköy,CUST11048,Returning,Male,32.0,Ofis,Ajanda,1,319,15,Wallet,EMP_11,Web,271.15
ORD500735,2026-06-14,Sunday,18:40,İstanbul,Şişli,CUST10971,New,Male,57.0,Ofis,Defter,4,179,15,Card,EMP_16,Web,608.6
ORD500736,2026-06-13,Saturday,20:15,Ankara,Yenimahalle,CUST10957,Returning,Male,47.0,Kitap,Veri Analizi 101,4,549,0,Card,EMP_22,Mobile,2196.0
ORD500737,2026-06-09,Tuesday,18:00,Gaziantep,Şehitkamil,CUST11901,New,Female,63.0,Ev,Masa Lambası,1,899,0,Wallet,EMP_18,Mobile,899.0
ORD500738,2026-06-11,Thursday,21:25,İzmir,Bornova,CUST11099,Returning,Male,57.0,Elektronik,Laptop Standı,1,999,10,Bank Transfer,EMP_15,Web,899.1
ORD500739,2026-06-07,Sunday,13:45,Kocaeli,İzmit,CUST10531,Returning,Female,57.0,Ev,Masa Lambası,3,899,0,Bank Transfer,EMP_25,Web,2697.0
ORD500740,2026-06-21,Sunday,17:10,Gaziantep,Şehitkamil,CUST11672,New,Female,34.0,Spor,Suluk,3,249,0,Bank Transfer,EMP_19,Mobile,747.0
ORD500741,2026-06-15,Monday,15:20,Gaziantep,Şehitkamil,CUST11356,New,Female,30.0,Ev,Saklama Kabı,1,299,0,Card,EMP_26,Mobile,299.0
ORD500742,2026-06-21,Sunday,18:05,Adana,Seyhan,CUST11747,New,Male,51.0,Ofis,Monitör Yükseltici,3,1199,0,Wallet,EMP_07,Web,3597.0
ORD500743,2026-06-25,Thursday,17:55,İzmir,Karşıyaka,CUST11763,New,Female,63.0,Elektronik,Akıllı Saat,1,3499,10,Bank Transfer,EMP_05,Web,3149.1
ORD500744,2026-06-17,Wednesday,19:05,Adana,Seyhan,CUST11692,Returning,Female,60.0,Elektronik,Bluetooth Kulaklık,2,1299,5,Card,EMP_11,Web,2468.1
ORD500745,2026-06-07,Sunday,13:45,İstanbul,Bakırköy,CUST10884,Returning,Male,27.0,Ev,French Press,2,649,0,Card,EMP_27,Mobile,1298.0
ORD500746,2026-06-29,Monday,11:40,Kocaeli,İzmit,CUST10312,New,Female,28.0,Kozmetik,Yüz Temizleyici,1,429,5,PayPal,EMP_05,Web,407.55
ORD500747,2026-06-06,Saturday,18:20,Konya,Selçuklu,CUST11195,New,Male,50.0,Elektronik,Bluetooth Kulaklık,3,1299,0,Wallet,EMP_01,Web,3897.0
ORD500748,2026-06-04,Thursday,18:45,Kocaeli,İzmit,CUST10412,New,Male,50.0,Kozmetik,Güneş Kremi,2,599,0,Card,EMP_07,Mobile,1198.0
ORD500749,2026-06-21,Sunday,16:10,Eskişehir,Odunpazarı,CUST11359,New,Female,48.0,Ev,Masa Lambası,5,899,20,PayPal,EMP_14,Web,3596.0
ORD500750,2026-06-26,Friday,18:20,İstanbul,Bakırköy,CUST10885,Returning,Male,28.0,Kitap,Bilim,1,429,15,PayPal,EMP_20,Web,364.65
ORD500751,2026-06-29,Monday,21:35,İzmir,Karşıyaka,CUST10264,New,Male,41.0,Kozmetik,Yüz Temizleyici,3,429,0,PayPal,EMP_08,Mobile,1287.0
ORD500752,2026-06-02,Tuesday,17:35,İzmir,Karşıyaka,CUST11369,New,Male,54.0,Kitap,Bilim,1,429,0,Wallet,EMP_21,Mobile,429.0
ORD500753,2026-06-30,Tuesday,20:35,İzmir,Karşıyaka,CUST10330,Returning,Male,45.0,Kitap,Roman,2,299,20,Bank Transfer,EMP_26,Web,478.4
ORD500754,2026-06-23,Tuesday,17:15,Ankara,Çankaya,CUST10487,New,Male,56.0,Ofis,Masa Düzenleyici,3,399,0,Bank Transfer,EMP_09,Web,1197.0
ORD500755,2026-06-19,Friday,19:55,Antalya,Muratpaşa,CUST11443,Returning,Female,34.0,Kitap,Finans,3,459,0,Card,EMP_20,Mobile,1377.0
ORD500756,2026-06-15,Monday,15:00,İstanbul,Kadıköy,CUST10857,New,Female,28.0,Elektronik,Akıllı Saat,1,3499,5,PayPal,EMP_18,Web,3324.05
ORD500757,2026-06-01,Monday,15:50,İstanbul,Şişli,CUST11755,Returning,Female,19.0,Spor,Dambıl Seti,1,1899,0,Bank Transfer,EMP_20,Mobile,1899.0
ORD500758,2026-06-12,Friday,11:00,Adana,Seyhan,CUST11591,Returning,Male,30.0,Kozmetik,Yüz Temizleyici,1,429,0,Card,EMP_24,Mobile,429.0
ORD500759,2026-06-24,Wednesday,18:20,Adana,Seyhan,CUST10989,Returning,Female,55.0,Kozmetik,Parfüm,2,1799,5,Card,EMP_21,Mobile,3418.1
ORD500760,2026-06-29,Monday,13:20,İstanbul,Kadıköy,CUST10398,New,Male,58.0,Ofis,Ajanda,1,319,0,PayPal,EMP_24,Mobile,319.0
ORD500761,2026-06-12,Friday,18:10,Ankara,Çankaya,CUST10399,Returning,Female,46.0,Ev,Masa Lambası,1,899,10,PayPal,EMP_19,Web,809.1
ORD500762,2026-06-06,Saturday,14:55,İstanbul,Bakırköy,CUST10452,Returning,Female,31.0,Ofis,Masa Düzenleyici,1,399,10,Bank Transfer,EMP_08,Web,359.1
ORD500763,2026-06-06,Saturday,16:15,İzmir,Karşıyaka,CUST10765,New,Male,58.0,Ofis,Defter,2,179,0,Bank Transfer,EMP_30,Mobile,358.0
ORD500764,2026-06-28,Sunday,11:35,Eskişehir,Odunpazarı,CUST11742,New,Male,21.0,Elektronik,Powerbank,1,899,5,PayPal,EMP_01,Mobile,854.05
ORD500765,2026-06-16,Tuesday,20:05,İstanbul,Bakırköy,CUST10120,Returning,Female,59.0,Spor,Dambıl Seti,1,1899,0,Card,EMP_28,Mobile,1899.0
ORD500766,2026-06-13,Saturday,18:05,Antalya,Muratpaşa,CUST10821,Returning,Female,37.0,Kozmetik,Şampuan,3,319,0,Card,EMP_19,Web,957.0
ORD500767,2026-06-02,Tuesday,09:25,Antalya,Muratpaşa,CUST11247,Returning,Male,53.0,Kitap,Veri Analizi 101,3,549,0,Bank Transfer,EMP_22,Mobile,1647.0
ORD500768,2026-06-27,Saturday,18:20,İzmir,Karşıyaka,CUST11312,Returning,Male,25.0,Ev,French Press,3,649,0,PayPal,EMP_17,Mobile,1947.0
ORD500769,2026-06-24,Wednesday,17:55,İstanbul,Bakırköy,CUST11742,New,Female,52.0,Kozmetik,Güneş Kremi,3,599,0,Wallet,EMP_15,Web,1797.0
ORD500770,2026-06-08,Monday,13:55,İstanbul,Şişli,CUST10597,New,Male,39.0,Kozmetik,Şampuan,2,319,5,PayPal,EMP_20,Web,606.1
ORD500771,2026-06-05,Friday,15:25,İstanbul,Kadıköy,CUST11708,Returning,Male,21.0,Kozmetik,Serum,1,899,0,Wallet,EMP_23,Mobile,899.0
ORD500772,2026-06-06,Saturday,15:30,Ankara,Çankaya,CUST11096,New,Female,48.0,Kitap,Bilim,1,429,0,PayPal,EMP_30,Web,429.0
ORD500773,2026-06-27,Saturday,18:25,İstanbul,Şişli,CUST10284,Returning,Male,37.0,Elektronik,Powerbank,5,899,5,PayPal,EMP_26,Web,4270.25
ORD500774,2026-06-05,Friday,13:10,Antalya,Muratpaşa,CUST11952,Returning,Male,44.0,Kitap,Veri Analizi 101,2,549,5,Bank Transfer,EMP_05,Mobile,1043.1
ORD500775,2026-06-21,Sunday,18:50,Konya,Selçuklu,CUST10651,New,Male,62.0,Ofis,Masa Düzenleyici,3,399,20,PayPal,EMP_04,Web,957.6
ORD500776,2026-06-06,Saturday,14:20,Kocaeli,İzmit,CUST11782,Returning,Female,56.0,Ofis,Kalem Seti,1,229,0,Bank Transfer,EMP_10,Mobile,229.0
ORD500777,2026-06-05,Friday,20:20,İstanbul,Şişli,CUST10973,New,Female,37.0,Kozmetik,Şampuan,1,319,0,Card,EMP_05,Web,319.0
ORD500778,2026-06-15,Monday,19:20,Antalya,Muratpaşa,CUST11496,Returning,Female,34.0,Kitap,Kişisel Gelişim,1,349,0,PayPal,EMP_15,Web,349.0
ORD500779,2026-06-13,Saturday,18:10,Eskişehir,Odunpazarı,CUST11692,Returning,Female,41.0,Kitap,Bilim,3,429,0,Wallet,EMP_08,Web,1287.0
ORD500780,2026-06-24,Wednesday,10:45,İzmir,Karşıyaka,CUST10452,New,Female,61.0,Ofis,Kalem Seti,1,229,5,PayPal,EMP_03,Web,217.55
ORD500781,2026-06-19,Friday,13:25,İstanbul,Şişli,CUST10757,Returning,Male,60.0,Elektronik,Bluetooth Kulaklık,1,1299,5,Bank Transfer,EMP_05,Mobile,1234.05
ORD500782,2026-06-19,Friday,17:25,İzmir,Bornova,CUST11373,Returning,Female,33.0,Elektronik,Akıllı Saat,3,3499,0,Bank Transfer,EMP_02,Web,10497.0
ORD500783,2026-06-03,Wednesday,13:50,Konya,Selçuklu,CUST11325,New,Male,38.0,Kitap,Veri Analizi 101,2,549,0,Bank Transfer,EMP_11,Mobile,1098.0
ORD500784,2026-06-22,Monday,16:45,İzmir,Bornova,CUST11124,Returning,Male,49.0,Elektronik,Kablosuz Mouse,1,499,0,PayPal,EMP_13,Mobile,499.0
ORD500785,2026-06-30,Tuesday,14:20,Gaziantep,Şehitkamil,CUST10263,Returning,Male,21.0,Ev,Termos,1,549,0,Wallet,EMP_10,Web,549.0
ORD500786,2026-06-06,Saturday,16:55,Bursa,Nilüfer,CUST11361,New,Male,43.0,Ofis,Kalem Seti,2,229,0,PayPal,EMP_30,Web,458.0
ORD500787,2026-06-02,Tuesday,21:10,Eskişehir,Odunpazarı,CUST11054,New,Female,43.0,Ev,Saklama Kabı,1,299,15,Wallet,EMP_25,Mobile,254.15
ORD500788,2026-06-05,Friday,14:00,İstanbul,Kadıköy,CUST10116,Returning,Female,58.0,Kitap,Kişisel Gelişim,3,349,0,PayPal,EMP_14,Mobile,1047.0
ORD500789,2026-06-18,Thursday,18:15,Ankara,Çankaya,CUST10040,Returning,Male,45.0,Elektronik,Bluetooth Kulaklık,2,1299,0,Bank Transfer,EMP_19,Mobile,2598.0
ORD500790,2026-06-18,Thursday,18:25,İstanbul,Bakırköy,CUST10679,New,Male,63.0,Ev,Blender,4,2199,0,PayPal,EMP_04,Mobile,8796.0
ORD500791,2026-06-02,Tuesday,17:55,Bursa,Nilüfer,CUST10531,Returning,Female,62.0,Ev,Blender,1,2199,15,PayPal,EMP_07,Mobile,1869.15
ORD500792,2026-06-13,Saturday,19:30,İzmir,Karşıyaka,CUST10828,New,Male,29.0,Elektronik,Akıllı Saat,2,3499,20,Wallet,EMP_19,Web,5598.4
ORD500793,2026-06-23,Tuesday,15:15,İstanbul,Kadıköy,CUST11635,New,Male,26.0,Kozmetik,Şampuan,4,319,0,Bank Transfer,EMP_11,Mobile,1276.0
ORD500794,2026-06-02,Tuesday,17:00,İstanbul,Kadıköy,CUST10705,New,Male,,Ev,Saklama Kabı,1,299,0,Card,EMP_14,Web,299.0
ORD500795,2026-06-24,Wednesday,20:15,Adana,Seyhan,CUST10687,Returning,Male,42.0,Ofis,Defter,1,179,15,Card,EMP_03,Mobile,152.15
ORD500796,2026-06-17,Wednesday,19:15,İstanbul,Bakırköy,CUST10017,Returning,Female,38.0,Elektronik,Powerbank,1,899,0,PayPal,EMP_29,Mobile,899.0
ORD500797,2026-06-24,Wednesday,15:00,Ankara,Çankaya,CUST11673,Returning,Male,25.0,Elektronik,Bluetooth Kulaklık,4,1299,0,Bank Transfer,EMP_22,Mobile,5196.0
ORD500798,2026-06-23,Tuesday,13:00,Bursa,Nilüfer,CUST11093,Returning,Female,47.0,Elektronik,Akıllı Saat,1,3499,10,Card,EMP_22,Mobile,3149.1
ORD500799,2026-06-29,Monday,21:50,Eskişehir,Odunpazarı,CUST10831,Returning,Male,23.0,Elektronik,Kablosuz Mouse,1,499,5,Bank Transfer,EMP_21,Mobile,474.05
ORD500800,2026-06-18,Thursday,19:55,İstanbul,Bakırköy,CUST11177,New,Male,56.0,Elektronik,Kablosuz Mouse,1,499,0,PayPal,EMP_03,Mobile,499.0
ORD500801,2026-06-05,Friday,19:20,Ankara,Çankaya,CUST11825,New,Female,25.0,Elektronik,Bluetooth Kulaklık,2,1299,10,Card,EMP_13,Mobile,2338.2
ORD500802,2026-06-14,Sunday,10:30,İstanbul,Şişli,CUST10567,Returning,Male,42.0,Spor,Suluk,1,249,0,Wallet,EMP_19,Web,249.0
ORD500803,2026-06-13,Saturday,10:00,İstanbul,Bakırköy,CUST10401,Returning,Male,21.0,Kozmetik,Güneş Kremi,4,599,0,PayPal,EMP_15,Web,2396.0
ORD500804,2026-06-24,Wednesday,14:00,Konya,Selçuklu,CUST11217,New,Male,26.0,Spor,Pilates Bandı,1,349,0,Card,EMP_13,Mobile,349.0
ORD500805,2026-06-24,Wednesday,19:20,İzmir,Karşıyaka,CUST10164,Returning,Male,26.0,Elektronik,Kablosuz Mouse,2,499,20,Card,EMP_16,Mobile,798.4
ORD500806,2026-06-01,Monday,20:10,Bursa,Nilüfer,CUST10196,Returning,Female,39.0,Elektronik,Akıllı Saat,1,3499,10,PayPal,EMP_16,Mobile,3149.1
ORD500807,2026-06-08,Monday,14:20,Konya,Selçuklu,CUST10064,Returning,Female,28.0,Elektronik,Laptop Standı,3,999,20,Wallet,EMP_19,Mobile,2397.6
ORD500808,2026-06-08,Monday,19:40,Kocaeli,İzmit,CUST11784,New,Female,30.0,Elektronik,Laptop Standı,2,999,0,Wallet,EMP_01,Mobile,1998.0
ORD500809,2026-06-26,Friday,15:55,İstanbul,Kadıköy,CUST10457,Returning,Male,23.0,Elektronik,Bluetooth Kulaklık,3,1299,5,Bank Transfer,EMP_18,Mobile,3702.15
ORD500810,2026-06-11,Thursday,17:00,Adana,Seyhan,CUST10953,Returning,Female,44.0,Kitap,Kişisel Gelişim,1,349,20,Card,EMP_29,Mobile,279.2
ORD500811,2026-06-12,Friday,20:20,Antalya,Muratpaşa,CUST10166,New,Female,43.0,Elektronik,Laptop Standı,1,999,0,Card,EMP_16,Mobile,999.0
ORD500812,2026-06-18,Thursday,18:10,Ankara,Çankaya,CUST10119,New,Male,19.0,Ev,Termos,1,549,0,PayPal,EMP_05,Mobile,549.0
ORD500813,2026-06-23,Tuesday,19:20,Konya,Selçuklu,CUST10423,New,Female,19.0,Spor,Suluk,2,249,0,Bank Transfer,EMP_04,Mobile,498.0
ORD500814,2026-06-11,Thursday,13:40,İstanbul,Bakırköy,CUST11881,Returning,Female,52.0,Spor,Koşu Çantası,5,499,0,Wallet,EMP_22,Web,2495.0
ORD500815,2026-06-28,Sunday,14:35,Eskişehir,Odunpazarı,CUST11000,New,Male,36.0,Ev,Saklama Kabı,3,299,5,Bank Transfer,EMP_09,Mobile,852.15
ORD500816,2026-06-19,Friday,15:35,İzmir,Karşıyaka,CUST10155,Returning,Female,24.0,Elektronik,Powerbank,1,899,0,PayPal,EMP_14,Mobile,899.0
ORD500817,2026-06-09,Tuesday,13:05,Adana,Seyhan,CUST10944,New,Female,18.0,Spor,Koşu Çantası,1,499,10,Card,EMP_09,Mobile,449.1
ORD500818,2026-06-27,Saturday,21:20,İstanbul,Kadıköy,CUST11931,Returning,Male,40.0,Elektronik,Bluetooth Kulaklık,3,1299,0,PayPal,EMP_11,Mobile,3897.0
ORD500819,2026-06-28,Sunday,15:45,Bursa,Nilüfer,CUST10610,New,Male,62.0,Ev,Saklama Kabı,2,299,10,Card,EMP_08,Mobile,538.2
ORD500820,2026-06-06,Saturday,21:15,İstanbul,Şişli,CUST11371,Returning,Female,37.0,Spor,Pilates Bandı,2,349,0,Bank Transfer,EMP_22,Web,698.0
ORD500821,2026-06-27,Saturday,15:00,İstanbul,Bakırköy,CUST11256,Returning,Male,44.0,Spor,Pilates Bandı,4,349,20,Card,EMP_05,Mobile,1116.8
ORD500822,2026-06-19,Friday,15:00,Ankara,Yenimahalle,CUST11677,Returning,Female,26.0,Kozmetik,Şampuan,1,319,0,Wallet,EMP_12,Mobile,319.0
ORD500823,2026-06-19,Friday,09:30,İzmir,Karşıyaka,CUST10114,New,Male,49.0,Ev,Masa Lambası,3,899,15,Card,EMP_05,Mobile,2292.45
ORD500824,2026-06-22,Monday,16:35,Bursa,Nilüfer,CUST11936,New,Male,46.0,Elektronik,Powerbank,1,899,0,Wallet,EMP_05,Mobile,899.0
ORD500825,2026-06-23,Tuesday,16:30,Kocaeli,İzmit,CUST11700,New,Male,18.0,Ofis,Defter,1,179,15,Wallet,EMP_12,Mobile,152.15
ORD500826,2026-06-25,Thursday,17:50,Antalya,Muratpaşa,CUST11816,Returning,Male,20.0,Kitap,Bilim,1,429,5,Bank Transfer,EMP_26,Mobile,407.55
ORD500827,2026-06-23,Tuesday,17:35,İzmir,Karşıyaka,CUST10032,New,Female,45.0,Elektronik,Laptop Standı,5,999,10,Wallet,EMP_26,Mobile,4495.5
ORD500828,2026-06-18,Thursday,19:25,İzmir,Bornova,CUST10085,New,Male,62.0,Spor,Yoga Matı,1,699,0,Card,EMP_06,Mobile,699.0
ORD500829,2026-06-16,Tuesday,12:40,İzmir,Bornova,CUST10629,Returning,Male,30.0,Ofis,Masa Düzenleyici,3,399,0,PayPal,EMP_18,Mobile,1197.0
ORD500830,2026-06-12,Friday,16:35,İzmir,Karşıyaka,CUST10972,New,Female,50.0,Spor,Yoga Matı,1,699,5,Card,EMP_28,Web,664.05
ORD500831,2026-06-08,Monday,19:30,İzmir,Bornova,CUST11075,New,Female,51.0,Kitap,Roman,1,299,0,PayPal,EMP_09,Mobile,299.0
ORD500832,2026-06-24,Wednesday,15:00,İstanbul,Şişli,CUST11762,New,Male,43.0,Elektronik,Powerbank,2,899,0,Card,EMP_02,Mobile,1798.0
ORD500833,2026-06-23,Tuesday,19:15,Ankara,Yenimahalle,CUST10180,New,Female,36.0,Elektronik,Kablosuz Mouse,3,499,0,Unknown,EMP_15,Web,1497.0
ORD500834,2026-06-07,Sunday,13:05,İstanbul,Şişli,CUST10637,Returning,Female,58.0,Elektronik,Laptop Standı,3,999,0,Card,EMP_14,Mobile,2997.0
ORD500835,2026-06-13,Saturday,17:30,Gaziantep,Şehitkamil,CUST10966,New,Female,42.0,Kitap,Veri Analizi 101,2,549,0,Bank Transfer,EMP_02,Mobile,1098.0
ORD500836,2026-06-30,Tuesday,12:15,Antalya,Muratpaşa,CUST11646,New,Male,33.0,Ev,Masa Lambası,1,899,0,PayPal,EMP_19,Mobile,899.0
ORD500837,2026-06-17,Wednesday,19:25,Ankara,Çankaya,CUST11554,New,Female,28.0,Kozmetik,Serum,2,899,5,Wallet,EMP_11,Mobile,1708.1
ORD500838,2026-06-18,Thursday,16:00,Gaziantep,Şehitkamil,CUST10460,New,Male,24.0,Elektronik,Powerbank,3,899,0,Card,EMP_25,Web,2697.0
ORD500839,2026-06-08,Monday,19:20,İstanbul,Şişli,CUST11485,New,Male,54.0,Spor,Koşu Çantası,2,499,0,Bank Transfer,EMP_23,Mobile,998.0
ORD500840,2026-06-10,Wednesday,20:55,İstanbul,Kadıköy,CUST10869,New,Female,65.0,Elektronik,Bluetooth Kulaklık,1,1299,15,Card,EMP_16,Web,1104.15
ORD500841,2026-06-10,Wednesday,18:40,İzmir,Karşıyaka,CUST10381,Returning,Male,58.0,Elektronik,Bluetooth Kulaklık,1,1299,5,Wallet,EMP_11,Web,1234.05
ORD500842,2026-06-07,Sunday,20:05,Kocaeli,İzmit,CUST11038,New,Male,53.0,Elektronik,Powerbank,2,899,0,Card,EMP_10,Mobile,1798.0
ORD500843,2026-06-09,Tuesday,14:55,Konya,Selçuklu,CUST10456,New,Female,57.0,Spor,Yoga Matı,1,699,10,PayPal,EMP_16,Mobile,629.1
ORD500844,2026-06-19,Friday,17:00,Ankara,Yenimahalle,CUST11405,Returning,Male,31.0,Ev,French Press,2,649,0,Bank Transfer,EMP_06,Web,1298.0
ORD500845,2026-06-11,Thursday,16:15,İstanbul,Şişli,CUST11176,Returning,Female,35.0,Spor,Pilates Bandı,1,349,0,PayPal,EMP_04,Mobile,349.0
ORD500846,2026-06-19,Friday,20:35,İstanbul,Şişli,CUST11327,New,Male,30.0,Elektronik,Powerbank,1,899,10,Wallet,EMP_15,Mobile,809.1
ORD500847,2026-06-15,Monday,12:00,İstanbul,Şişli,CUST11567,Returning,Female,54.0,Kitap,Veri Analizi 101,4,549,0,Card,EMP_11,Mobile,2196.0
ORD500848,2026-06-23,Tuesday,17:25,Bursa,Nilüfer,CUST11899,Returning,Female,33.0,Ofis,Monitör Yükseltici,1,1199,5,Card,EMP_05,Mobile,1139.05
ORD500849,2026-06-04,Thursday,15:30,Ankara,Yenimahalle,CUST10058,New,Male,44.0,Kitap,Bilim,1,429,0,Wallet,EMP_14,Mobile,429.0
ORD500850,2026-06-06,Saturday,15:30,Ankara,Yenimahalle,CUST11636,Returning,Male,29.0,Spor,Koşu Çantası,1,499,0,Card,EMP_21,Mobile,499.0
ORD500851,2026-06-03,Wednesday,16:10,İstanbul,Kadıköy,CUST10152,Returning,Female,19.0,Ev,Masa Lambası,2,899,15,Card,EMP_19,Mobile,1528.3
ORD500852,2026-06-18,Thursday,14:15,İzmir,Karşıyaka,CUST11118,New,Female,32.0,Ofis,Ajanda,1,319,0,Bank Transfer,EMP_21,Web,319.0
ORD500853,2026-06-07,Sunday,19:40,Ankara,Yenimahalle,CUST11151,New,Male,45.0,Spor,Suluk,2,249,5,PayPal,EMP_08,Web,473.1
ORD500854,2026-06-05,Friday,21:15,Eskişehir,Odunpazarı,CUST11661,New,Female,45.0,Elektronik,Akıllı Saat,2,3499,0,Wallet,EMP_08,Web,6998.0
ORD500855,2026-06-14,Sunday,14:45,İstanbul,Bakırköy,CUST11042,Returning,Female,53.0,Elektronik,Powerbank,4,899,0,Bank Transfer,EMP_22,Mobile,3596.0
ORD500856,2026-06-05,Friday,17:30,İstanbul,Kadıköy,CUST10088,New,Male,48.0,Kozmetik,Parfüm,3,1799,0,Bank Transfer,EMP_29,Web,5397.0
ORD500857,2026-06-05,Friday,21:10,İstanbul,Bakırköy,CUST10769,Returning,Male,44.0,Kozmetik,Yüz Temizleyici,1,429,10,Card,EMP_03,Mobile,386.1
ORD500858,2026-06-12,Friday,20:45,Bursa,Nilüfer,CUST11114,New,Female,23.0,Spor,Koşu Çantası,1,499,20,PayPal,EMP_17,Web,399.2
ORD500859,2026-06-29,Monday,17:30,İzmir,Karşıyaka,CUST10733,Returning,Male,33.0,Ofis,Kalem Seti,1,229,10,Bank Transfer,EMP_26,Web,206.1
ORD500860,2026-06-21,Sunday,20:20,İstanbul,Şişli,CUST11466,New,Female,58.0,Ev,Masa Lambası,3,899,20,PayPal,EMP_04,Mobile,2157.6
ORD500861,2026-06-15,Monday,16:15,İstanbul,Kadıköy,CUST11696,New,Female,42.0,Kitap,Roman,2,299,5,Wallet,EMP_01,Web,568.1
ORD500862,2026-06-04,Thursday,17:25,Antalya,Muratpaşa,CUST10590,New,Female,24.0,Ev,Termos,1,549,15,PayPal,EMP_24,Mobile,466.65
ORD500863,2026-06-22,Monday,11:20,Ankara,Çankaya,CUST10328,Returning,Female,64.0,Kozmetik,Parfüm,1,1799,5,Bank Transfer,EMP_22,Mobile,1709.05
ORD500864,2026-06-27,Saturday,19:45,Adana,Seyhan,CUST10375,Returning,Male,51.0,Ev,Saklama Kabı,4,299,0,Bank Transfer,EMP_26,Mobile,1196.0
ORD500865,2026-06-11,Thursday,19:45,Eskişehir,Odunpazarı,CUST11883,Returning,Male,65.0,Ofis,Masa Düzenleyici,2,399,10,Wallet,EMP_24,Mobile,718.2
ORD500866,2026-06-30,Tuesday,20:50,İstanbul,Bakırköy,CUST10455,Returning,Male,62.0,Spor,Suluk,1,249,0,PayPal,EMP_10,Mobile,249.0
ORD500867,2026-06-07,Sunday,16:55,İzmir,Karşıyaka,CUST10709,Returning,Female,43.0,Kozmetik,Serum,2,899,10,Wallet,EMP_22,Mobile,1618.2
ORD500868,2026-06-23,Tuesday,14:40,Adana,Seyhan,CUST11080,Returning,Male,62.0,Spor,Dambıl Seti,1,1899,15,Card,EMP_26,Mobile,1614.15
ORD500869,2026-06-10,Wednesday,18:40,Kocaeli,İzmit,CUST10989,Returning,Male,54.0,Spor,Koşu Çantası,1,499,15,Card,EMP_10,Mobile,424.15
ORD500870,2026-06-02,Tuesday,21:25,İzmir,Karşıyaka,CUST11518,New,Male,59.0,Ev,Saklama Kabı,2,299,0,Card,EMP_17,Web,598.0
ORD500871,2026-06-02,Tuesday,19:20,Ankara,Yenimahalle,CUST10813,Returning,Female,60.0,Ofis,Ajanda,4,319,5,Bank Transfer,EMP_14,Web,1212.2
ORD500872,2026-06-22,Monday,12:25,İstanbul,Şişli,CUST10832,Returning,Female,37.0,Kitap,Kişisel Gelişim,1,349,0,Wallet,EMP_06,Web,349.0
ORD500873,2026-06-06,Saturday,14:25,Adana,Seyhan,CUST10884,Returning,Female,49.0,Elektronik,Powerbank,4,899,0,PayPal,EMP_10,Mobile,3596.0
ORD500874,2026-06-09,Tuesday,18:00,Ankara,Çankaya,CUST11397,Returning,Female,35.0,Spor,Suluk,2,249,0,PayPal,EMP_09,Web,498.0
ORD500875,2026-06-23,Tuesday,18:05,Kocaeli,İzmit,CUST10717,New,Male,46.0,Elektronik,Powerbank,3,899,5,Wallet,EMP_23,Web,2562.15
ORD500876,2026-06-23,Tuesday,21:30,İzmir,Karşıyaka,CUST11540,New,Female,44.0,Kozmetik,Güneş Kremi,4,599,0,Card,EMP_30,Mobile,2396.0
ORD500877,2026-06-30,Tuesday,12:45,Kocaeli,İzmit,CUST10624,New,Female,32.0,Elektronik,Bluetooth Kulaklık,1,1299,15,Wallet,EMP_24,Web,1104.15
ORD500878,2026-06-17,Wednesday,16:05,İstanbul,Bakırköy,CUST11972,New,Female,46.0,Kozmetik,Serum,3,899,5,PayPal,EMP_21,Mobile,2562.15
ORD500879,2026-06-09,Tuesday,11:40,Eskişehir,Odunpazarı,CUST11819,New,Female,33.0,Ofis,Ajanda,2,319,0,Card,EMP_17,Mobile,638.0
ORD500880,2026-06-15,Monday,21:20,İstanbul,Bakırköy,CUST11278,New,Male,53.0,Kitap,Kişisel Gelişim,1,349,10,Wallet,EMP_15,Web,314.1
ORD500881,2026-06-03,Wednesday,11:15,Ankara,Çankaya,CUST11961,New,Female,52.0,Elektronik,Kablosuz Mouse,2,499,0,Bank Transfer,EMP_16,Mobile,998.0
ORD500882,2026-06-02,Tuesday,15:35,Eskişehir,Odunpazarı,CUST11839,New,Male,59.0,Ev,Masa Lambası,2,899,0,Bank Transfer,EMP_14,Web,1798.0
ORD500883,2026-06-04,Thursday,20:45,Antalya,Muratpaşa,CUST11454,Returning,Female,55.0,Kozmetik,Yüz Temizleyici,1,429,20,Bank Transfer,EMP_17,Web,343.2
ORD500884,2026-06-03,Wednesday,18:30,İstanbul,Kadıköy,CUST11455,New,Male,33.0,Spor,Yoga Matı,2,699,0,PayPal,EMP_27,Web,1398.0
ORD500885,2026-06-22,Monday,19:25,İzmir,Bornova,CUST10371,Returning,Female,26.0,Kitap,Roman,2,299,0,PayPal,EMP_27,Mobile,598.0
ORD500886,2026-06-15,Monday,11:05,Gaziantep,Şehitkamil,CUST10328,Returning,Male,19.0,Elektronik,Akıllı Saat,1,3499,0,PayPal,EMP_20,Mobile,3499.0
ORD500887,2026-06-12,Friday,17:20,Ankara,Çankaya,CUST10068,New,Female,45.0,Ev,Termos,2,549,5,Wallet,EMP_14,Mobile,1043.1
ORD500888,2026-06-04,Thursday,12:50,İstanbul,Kadıköy,CUST11225,New,Male,47.0,Ev,Termos,2,549,10,PayPal,EMP_01,Mobile,988.2
ORD500889,2026-06-25,Thursday,21:55,Ankara,Yenimahalle,CUST10116,New,Male,30.0,Ev,Termos,2,549,10,Bank Transfer,EMP_21,Web,988.2
ORD500890,2026-06-23,Tuesday,12:10,Eskişehir,Odunpazarı,CUST10637,New,Male,20.0,Spor,Koşu Çantası,2,499,0,Card,EMP_17,Web,998.0
ORD500891,2026-06-17,Wednesday,18:30,Bursa,Nilüfer,CUST10128,New,Female,32.0,Ev,Blender,1,2199,5,PayPal,EMP_24,Web,2089.05
ORD500892,2026-06-05,Friday,20:00,Bursa,Nilüfer,CUST11033,Returning,Female,58.0,Ev,French Press,1,649,0,Wallet,EMP_05,Mobile,649.0
ORD500893,2026-06-10,Wednesday,17:00,Ankara,Yenimahalle,CUST10893,Returning,Female,49.0,Elektronik,Laptop Standı,2,999,10,PayPal,EMP_02,Mobile,1798.2
ORD500894,2026-06-24,Wednesday,18:40,Konya,Selçuklu,CUST10025,New,Male,50.0,Kozmetik,Parfüm,1,1799,10,PayPal,EMP_30,Web,1619.1
ORD500895,2026-06-30,Tuesday,10:05,Adana,Seyhan,CUST11088,New,Female,32.0,Elektronik,Kablosuz Mouse,1,499,10,PayPal,EMP_13,Web,449.1
ORD500896,2026-06-03,Wednesday,14:25,Bursa,Nilüfer,CUST10886,Returning,Female,58.0,Kozmetik,Güneş Kremi,1,599,0,Bank Transfer,EMP_14,Mobile,599.0
ORD500897,2026-06-14,Sunday,12:35,Kocaeli,İzmit,CUST10836,Returning,Female,49.0,Ofis,Ajanda,2,319,10,PayPal,EMP_16,Mobile,574.2
ORD500898,2026-06-22,Monday,20:40,Bursa,Nilüfer,CUST10141,New,Female,56.0,Ev,Termos,1,549,15,Bank Transfer,EMP_01,Mobile,466.65
ORD500899,2026-06-25,Thursday,21:45,Konya,Selçuklu,CUST10973,New,Male,27.0,Kozmetik,Yüz Temizleyici,1,429,0,Bank Transfer,EMP_29,Mobile,429.0
ORD500900,2026-06-23,Tuesday,14:30,Bursa,Nilüfer,CUST10835,Returning,Female,34.0,Ofis,Defter,2,179,0,Wallet,EMP_05,Mobile,358.0
ORD500901,2026-06-03,Wednesday,12:55,İzmir,Karşıyaka,CUST10642,New,Male,55.0,Elektronik,Powerbank,4,899,0,Bank Transfer,EMP_13,Mobile,3596.0
ORD500902,2026-06-01,Monday,19:55,İstanbul,Şişli,CUST11488,Returning,Female,26.0,Spor,Koşu Çantası,3,499,0,Wallet,EMP_01,Mobile,1497.0
ORD500903,2026-06-18,Thursday,13:10,İstanbul,Şişli,CUST11155,New,Male,55.0,Ev,French Press,4,649,0,Bank Transfer,EMP_18,Mobile,2596.0
ORD500904,2026-06-01,Monday,20:20,İstanbul,Kadıköy,CUST10470,Returning,Male,65.0,Kozmetik,Şampuan,1,319,10,Bank Transfer,EMP_17,Web,287.1
ORD500905,2026-06-07,Sunday,16:35,Ankara,Çankaya,CUST11054,Returning,Male,58.0,Kozmetik,Güneş Kremi,1,599,10,PayPal,EMP_13,Web,539.1
ORD500906,2026-06-14,Sunday,19:15,İstanbul,Bakırköy,CUST10273,New,Female,20.0,Ev,Saklama Kabı,5,299,0,PayPal,EMP_11,Mobile,1495.0
ORD500907,2026-06-08,Monday,10:25,İstanbul,Şişli,CUST11588,Returning,Male,62.0,Ev,Saklama Kabı,2,299,0,Wallet,EMP_29,Web,598.0
ORD500908,2026-06-14,Sunday,19:30,Antalya,Muratpaşa,CUST11391,Returning,Male,51.0,Ev,Saklama Kabı,1,299,10,Bank Transfer,EMP_28,Mobile,269.1
ORD500909,2026-06-30,Tuesday,16:40,Ankara,Yenimahalle,CUST11929,New,Female,43.0,Elektronik,Bluetooth Kulaklık,2,1299,10,Card,EMP_17,Web,2338.2
ORD500910,2026-06-18,Thursday,13:40,Ankara,Yenimahalle,CUST10514,Returning,Female,44.0,Kozmetik,Şampuan,2,319,15,Wallet,EMP_18,Mobile,542.3
ORD500911,2026-06-14,Sunday,16:30,Ankara,Yenimahalle,CUST11100,New,Female,60.0,Spor,Koşu Çantası,2,499,0,Wallet,EMP_19,Mobile,998.0
ORD500912,2026-06-05,Friday,18:20,Eskişehir,Odunpazarı,CUST11779,New,Female,34.0,Elektronik,Laptop Standı,1,999,0,Card,EMP_16,Mobile,999.0
ORD500913,2026-06-02,Tuesday,21:15,Konya,Selçuklu,CUST10210,New,Male,27.0,Kitap,Finans,1,459,15,Bank Transfer,EMP_16,Mobile,390.15
ORD500914,2026-06-25,Thursday,20:00,Adana,Seyhan,CUST11168,Returning,Male,53.0,Ofis,Kalem Seti,3,229,0,PayPal,EMP_16,Mobile,687.0
ORD500915,2026-06-20,Saturday,17:30,Ankara,Yenimahalle,CUST11748,New,Male,65.0,Spor,Koşu Çantası,2,499,5,Wallet,EMP_18,Web,948.1
ORD500916,2026-06-04,Thursday,14:15,Konya,Selçuklu,CUST10026,New,Male,63.0,Spor,Suluk,2,249,10,PayPal,EMP_10,Web,448.2
ORD500917,2026-06-20,Saturday,15:30,Gaziantep,Şehitkamil,CUST11874,New,Female,60.0,Elektronik,Powerbank,1,899,0,Card,EMP_01,Mobile,899.0
ORD500918,2026-06-21,Sunday,18:10,İstanbul,Şişli,CUST10902,New,Female,18.0,Ev,Blender,1,2199,0,Wallet,EMP_15,Mobile,2199.0
ORD500919,2026-06-25,Thursday,19:05,İzmir,Karşıyaka,CUST10706,Returning,Female,20.0,Ofis,Ajanda,1,319,0,Wallet,EMP_05,Mobile,319.0
ORD500920,2026-06-09,Tuesday,09:40,Adana,Seyhan,CUST11735,New,Female,21.0,Kozmetik,Şampuan,3,319,10,PayPal,EMP_06,Mobile,861.3
ORD500921,2026-06-01,Monday,17:50,Ankara,Çankaya,CUST11867,Returning,Male,60.0,Spor,Suluk,1,249,0,PayPal,EMP_08,Mobile,249.0
ORD500922,2026-06-29,Monday,20:00,Kocaeli,İzmit,CUST11342,New,Male,24.0,Kozmetik,Şampuan,1,319,10,Card,EMP_20,Web,287.1
ORD500923,2026-06-27,Saturday,19:50,Konya,Selçuklu,CUST10141,New,Female,56.0,Elektronik,Akıllı Saat,3,3499,20,PayPal,EMP_14,Mobile,8397.6
ORD500924,2026-06-14,Sunday,14:15,Kocaeli,İzmit,CUST11365,New,Female,50.0,Elektronik,Powerbank,1,899,15,Wallet,EMP_10,Mobile,764.15
ORD500925,2026-06-12,Friday,11:25,İstanbul,Bakırköy,CUST11944,Returning,Female,30.0,Ofis,Monitör Yükseltici,1,1199,15,Bank Transfer,EMP_22,Web,1019.15
ORD500926,2026-06-21,Sunday,20:05,İstanbul,Bakırköy,CUST10145,New,Female,40.0,Ofis,Defter,1,179,10,Card,EMP_16,Web,161.1
ORD500927,2026-06-04,Thursday,18:25,İzmir,Bornova,CUST11296,New,Female,44.0,Ofis,Monitör Yükseltici,4,1199,0,Card,EMP_07,Mobile,4796.0
ORD500928,2026-06-25,Thursday,18:40,İstanbul,Kadıköy,CUST11213,New,Male,33.0,Ev,Termos,3,549,5,Bank Transfer,EMP_23,Mobile,1564.65
ORD500929,2026-06-14,Sunday,20:40,İstanbul,Bakırköy,CUST10761,Returning,Female,45.0,Kitap,Finans,1,459,0,Bank Transfer,EMP_07,Web,459.0
ORD500930,2026-06-25,Thursday,19:30,Ankara,Çankaya,CUST10245,New,Male,18.0,Ev,Saklama Kabı,5,299,5,PayPal,EMP_08,Mobile,1420.25
ORD500931,2026-06-03,Wednesday,20:50,Antalya,Muratpaşa,CUST11870,Returning,Male,18.0,Kozmetik,Şampuan,1,319,0,Bank Transfer,EMP_25,Mobile,319.0
ORD500932,2026-06-20,Saturday,16:05,İzmir,Bornova,CUST11442,Returning,Male,30.0,Kozmetik,Yüz Temizleyici,1,429,5,Bank Transfer,EMP_30,Mobile,407.55
ORD500933,2026-06-16,Tuesday,12:35,İstanbul,Bakırköy,CUST10615,New,Male,20.0,Ev,Masa Lambası,2,899,10,Wallet,EMP_15,Mobile,1618.2
ORD500934,2026-06-23,Tuesday,19:35,Gaziantep,Şehitkamil,CUST10132,New,Male,58.0,Spor,Dambıl Seti,1,1899,0,Bank Transfer,EMP_10,Mobile,1899.0
ORD500935,2026-06-16,Tuesday,14:35,Konya,Selçuklu,CUST11250,Returning,Female,19.0,Kitap,Roman,1,299,0,Wallet,EMP_25,Mobile,299.0
ORD500936,2026-06-30,Tuesday,17:45,Kocaeli,İzmit,CUST10476,Returning,Male,24.0,Elektronik,Bluetooth Kulaklık,2,1299,0,PayPal,EMP_27,Web,2598.0
ORD500937,2026-06-30,Tuesday,19:00,İstanbul,Kadıköy,CUST10946,Returning,Female,51.0,Elektronik,Laptop Standı,1,999,0,Bank Transfer,EMP_23,Web,999.0
ORD500938,2026-06-05,Friday,20:25,Ankara,Çankaya,CUST11490,Returning,Female,36.0,Ev,French Press,1,649,5,Wallet,EMP_23,Web,616.55
ORD500939,2026-06-26,Friday,19:05,Kocaeli,İzmit,CUST11756,New,Male,24.0,Elektronik,Kablosuz Mouse,1,499,10,Bank Transfer,EMP_15,Mobile,449.1
ORD500940,2026-06-06,Saturday,11:35,Bursa,Nilüfer,CUST10613,New,Male,62.0,Ev,Blender,3,2199,10,Wallet,EMP_18,Mobile,5937.3
ORD500941,2026-06-29,Monday,19:40,İzmir,Karşıyaka,CUST10141,New,Female,35.0,Ev,French Press,2,649,10,Wallet,EMP_14,Mobile,1168.2
ORD500942,2026-06-03,Wednesday,19:45,Ankara,Yenimahalle,CUST10715,Returning,Male,30.0,Ev,Saklama Kabı,3,299,5,Wallet,EMP_05,Web,852.15
ORD500943,2026-06-01,Monday,15:50,Eskişehir,Odunpazarı,CUST11564,Returning,Male,43.0,Kozmetik,Şampuan,2,319,0,PayPal,EMP_28,Web,638.0
ORD500944,2026-06-09,Tuesday,18:15,Ankara,Yenimahalle,CUST11681,New,Male,34.0,Spor,Pilates Bandı,2,349,5,Bank Transfer,EMP_26,Mobile,663.1
ORD500945,2026-06-04,Thursday,20:10,Konya,Selçuklu,CUST11037,Returning,Male,42.0,Kozmetik,Serum,1,899,10,Card,EMP_26,Mobile,809.1
ORD500946,2026-06-22,Monday,13:45,Konya,Selçuklu,CUST11122,New,Female,58.0,Elektronik,Akıllı Saat,1,3499,0,PayPal,EMP_28,Web,3499.0
ORD500947,2026-06-21,Sunday,18:25,Bursa,Nilüfer,CUST10540,New,Male,32.0,Kozmetik,Parfüm,2,1799,5,Card,EMP_13,Web,3418.1
ORD500948,2026-06-03,Wednesday,16:50,Bursa,Nilüfer,CUST11188,Returning,Male,65.0,Elektronik,Akıllı Saat,1,3499,0,Bank Transfer,EMP_19,Web,3499.0
ORD500949,2026-06-06,Saturday,20:15,Gaziantep,Şehitkamil,CUST11992,Returning,Female,31.0,Ofis,Ajanda,1,319,10,PayPal,EMP_28,Web,287.1
ORD500950,2026-06-22,Monday,15:25,Ankara,Yenimahalle,CUST10976,Returning,Female,43.0,Ev,Saklama Kabı,1,299,5,PayPal,EMP_07,Web,284.05
ORD500951,2026-06-03,Wednesday,16:25,Antalya,Muratpaşa,CUST10731,Returning,Female,56.0,Spor,Koşu Çantası,2,499,0,Wallet,EMP_26,Mobile,998.0
ORD500952,2026-06-17,Wednesday,10:35,Eskişehir,Odunpazarı,CUST11183,Returning,Female,59.0,Elektronik,Akıllı Saat,1,3499,10,Wallet,EMP_08,Mobile,3149.1
ORD500953,2026-06-28,Sunday,19:45,Ankara,Çankaya,CUST10848,Returning,Female,62.0,Ofis,Kalem Seti,2,229,15,PayPal,EMP_15,Mobile,389.3
ORD500954,2026-06-10,Wednesday,12:15,Kocaeli,İzmit,CUST10121,New,Female,38.0,Ofis,Masa Düzenleyici,1,399,10,Wallet,EMP_24,Web,359.1
ORD500955,2026-06-22,Monday,18:55,İstanbul,Kadıköy,CUST10689,New,Male,33.0,Ofis,Ajanda,2,319,5,Bank Transfer,EMP_15,Mobile,606.1
ORD500956,2026-06-22,Monday,14:40,İstanbul,Bakırköy,CUST10259,Returning,Female,34.0,Kozmetik,Güneş Kremi,2,599,0,Wallet,EMP_20,Mobile,1198.0
ORD500957,2026-06-06,Saturday,19:00,İzmir,Karşıyaka,CUST11249,Returning,Male,30.0,Spor,Yoga Matı,1,699,0,Bank Transfer,EMP_16,Web,699.0
ORD500958,2026-06-13,Saturday,15:00,Bursa,Nilüfer,CUST11034,New,Female,29.0,Elektronik,Kablosuz Mouse,4,499,15,Bank Transfer,EMP_17,Mobile,1696.6
ORD500959,2026-06-15,Monday,15:10,İzmir,Bornova,CUST11488,New,Male,52.0,Ev,Saklama Kabı,1,299,10,Wallet,EMP_22,Web,269.1
ORD500960,2026-06-13,Saturday,15:05,Ankara,Yenimahalle,CUST11952,Returning,Male,43.0,Spor,Suluk,1,249,15,Card,EMP_26,Mobile,211.65
ORD500961,2026-06-30,Tuesday,21:00,Gaziantep,Şehitkamil,CUST10023,New,Female,59.0,Ofis,Masa Düzenleyici,3,399,10,PayPal,EMP_01,Web,1077.3
ORD500962,2026-06-06,Saturday,11:20,Adana,Seyhan,CUST10923,Returning,Female,44.0,Elektronik,Bluetooth Kulaklık,2,1299,10,PayPal,EMP_24,Web,2338.2
ORD500963,2026-06-02,Tuesday,16:20,İstanbul,Kadıköy,CUST11109,Returning,Female,45.0,Ofis,Masa Düzenleyici,1,399,5,PayPal,EMP_25,Mobile,379.05
ORD500964,2026-06-22,Monday,17:00,Kocaeli,İzmit,CUST11141,Returning,Female,34.0,Kitap,Veri Analizi 101,3,549,10,Wallet,EMP_02,Mobile,1482.3
ORD500965,2026-06-06,Saturday,20:25,İstanbul,Kadıköy,CUST11545,Returning,Male,39.0,Kozmetik,Serum,2,899,0,Card,EMP_13,Mobile,1798.0
ORD500966,2026-06-30,Tuesday,19:45,İstanbul,Kadıköy,CUST11824,New,Male,47.0,Kozmetik,Şampuan,1,319,0,Card,EMP_07,Web,319.0
ORD500967,2026-06-19,Friday,19:35,İzmir,Bornova,CUST10399,New,Male,24.0,Ev,Saklama Kabı,2,299,10,Bank Transfer,EMP_08,Web,538.2
ORD500968,2026-06-27,Saturday,19:25,Adana,Seyhan,CUST10142,Returning,Female,43.0,Ev,Termos,1,549,0,Bank Transfer,EMP_11,Web,549.0
ORD500969,2026-06-13,Saturday,20:15,Eskişehir,Odunpazarı,CUST10491,Returning,Male,61.0,Ofis,Masa Düzenleyici,1,399,15,Bank Transfer,EMP_14,Mobile,339.15
ORD500970,2026-06-29,Monday,20:40,İstanbul,Kadıköy,CUST10727,Returning,Male,25.0,Kitap,Roman,1,299,0,Wallet,EMP_03,Mobile,299.0
ORD500971,2026-06-09,Tuesday,11:05,Kocaeli,İzmit,CUST11831,New,Female,33.0,Ev,Masa Lambası,1,899,0,Wallet,EMP_24,Mobile,899.0
ORD500972,2026-06-27,Saturday,20:40,İzmir,Bornova,CUST11098,Returning,Male,44.0,Elektronik,Powerbank,5,899,0,Bank Transfer,EMP_06,Mobile,4495.0
ORD500973,2026-06-13,Saturday,17:10,Eskişehir,Odunpazarı,CUST10009,Returning,Male,31.0,Ev,Blender,3,2199,20,Card,EMP_25,Mobile,5277.6
ORD500974,2026-06-04,Thursday,15:55,İzmir,Karşıyaka,CUST10344,Returning,Female,25.0,Ev,Masa Lambası,3,899,0,Bank Transfer,EMP_16,Web,2697.0
ORD500975,2026-06-06,Saturday,18:55,İstanbul,Bakırköy,CUST11048,New,Female,38.0,Kozmetik,Şampuan,2,319,0,Wallet,EMP_13,Web,638.0
ORD500976,2026-06-23,Tuesday,19:55,İstanbul,Kadıköy,CUST10754,New,Female,45.0,Ev,Blender,1,2199,0,PayPal,EMP_14,Web,2199.0
ORD500977,2026-06-26,Friday,16:40,Bursa,Nilüfer,CUST10428,New,Female,19.0,Elektronik,Kablosuz Mouse,1,499,5,Bank Transfer,EMP_21,Web,474.05
ORD500978,2026-06-28,Sunday,18:30,Kocaeli,İzmit,CUST11674,New,Female,28.0,Spor,Pilates Bandı,1,349,0,PayPal,EMP_09,Mobile,349.0
ORD500979,2026-06-26,Friday,18:55,İstanbul,Şişli,CUST11321,New,Male,36.0,Elektronik,Powerbank,5,899,0,Card,EMP_27,Mobile,4495.0
ORD500980,2026-06-04,Thursday,19:50,Kocaeli,İzmit,CUST11623,New,Male,57.0,Kitap,Kişisel Gelişim,2,349,5,Card,EMP_15,Mobile,663.1
ORD500981,2026-06-14,Sunday,10:20,İzmir,Bornova,CUST11971,Returning,Male,56.0,Ev,Saklama Kabı,3,299,0,Unknown,EMP_13,Web,897.0
ORD500982,2026-06-23,Tuesday,12:35,Gaziantep,Şehitkamil,CUST11988,Returning,Female,50.0,Spor,Koşu Çantası,1,499,15,PayPal,EMP_23,Web,424.15
ORD500983,2026-06-06,Saturday,19:30,Gaziantep,Şehitkamil,CUST11308,Returning,Male,62.0,Elektronik,Powerbank,2,899,10,Bank Transfer,EMP_08,Mobile,1618.2
ORD500984,2026-06-04,Thursday,18:50,Adana,Seyhan,CUST11148,Returning,Female,19.0,Elektronik,Akıllı Saat,1,3499,5,Wallet,EMP_16,Mobile,3324.05
ORD500985,2026-06-29,Monday,18:00,Adana,Seyhan,CUST11487,Returning,Male,24.0,Ev,Masa Lambası,1,899,0,Wallet,EMP_17,Web,899.0
ORD500986,2026-06-10,Wednesday,20:05,Ankara,Çankaya,CUST11109,Returning,Male,58.0,Elektronik,Powerbank,1,899,5,Card,EMP_29,Web,854.05
ORD500987,2026-06-17,Wednesday,10:35,İstanbul,Bakırköy,CUST10956,New,Male,28.0,Kozmetik,Parfüm,1,1799,0,Card,EMP_19,Mobile,1799.0
ORD500988,2026-06-17,Wednesday,18:25,Ankara,Çankaya,CUST11469,Returning,Male,32.0,Kitap,Roman,2,299,5,Bank Transfer,EMP_22,Web,568.1
ORD500989,2026-06-08,Monday,17:55,İzmir,Bornova,CUST11323,Returning,Male,27.0,Kozmetik,Parfüm,1,1799,0,Wallet,EMP_05,Mobile,1799.0
ORD500990,2026-06-26,Friday,18:40,İstanbul,Kadıköy,CUST11714,Returning,Male,33.0,Kozmetik,Yüz Temizleyici,3,429,10,Bank Transfer,EMP_07,Mobile,1158.3
ORD500991,2026-06-09,Tuesday,17:25,İzmir,Karşıyaka,CUST11912,Returning,Male,40.0,Elektronik,Kablosuz Mouse,2,499,0,PayPal,EMP_14,Web,998.0
ORD500992,2026-06-30,Tuesday,16:05,Ankara,Çankaya,CUST11867,New,Female,39.0,Spor,Koşu Çantası,1,499,15,Bank Transfer,EMP_16,Web,424.15
ORD500993,2026-06-07,Sunday,14:30,İstanbul,Bakırköy,CUST11602,Returning,Male,28.0,Elektronik,Laptop Standı,1,999,10,Card,EMP_10,Mobile,899.1
ORD500994,2026-06-02,Tuesday,19:40,İstanbul,Şişli,CUST10692,New,Female,,Ofis,Monitör Yükseltici,2,1199,10,PayPal,EMP_07,Mobile,2158.2
ORD500995,2026-06-10,Wednesday,13:05,Kocaeli,İzmit,CUST11230,Returning,Female,58.0,Kozmetik,Yüz Temizleyici,1,429,10,PayPal,EMP_09,Web,386.1
ORD500996,2026-06-02,Tuesday,16:00,Ankara,Yenimahalle,CUST10522,New,Male,44.0,Spor,Pilates Bandı,1,349,0,Wallet,EMP_22,Web,349.0
ORD500997,2026-06-09,Tuesday,19:45,Antalya,Muratpaşa,CUST11635,New,Female,65.0,Elektronik,Powerbank,1,899,0,Card,EMP_25,Web,899.0
ORD500998,2026-06-19,Friday,10:20,Kocaeli,İzmit,CUST10987,New,Male,44.0,Ev,Masa Lambası,2,899,0,Wallet,EMP_25,Web,1798.0
ORD500999,2026-06-20,Saturday,18:45,Antalya,Muratpaşa,CUST11968,Returning,Male,47.0,Kozmetik,Yüz Temizleyici,3,429,5,Card,EMP_01,Web,1222.65
ORD501000,2026-06-14,Sunday,14:55,Kocaeli,İzmit,CUST11283,New,Female,,Kitap,Veri Analizi 101,2,549,5,PayPal,EMP_26,Mobile,1043.1
ORD501001,2026-06-12,Friday,12:05,İstanbul,Şişli,CUST11192,New,Female,38.0,Spor,Dambıl Seti,1,1899,0,Bank Transfer,EMP_27,Mobile,1899.0
ORD501002,2026-06-17,Wednesday,20:15,Ankara,Çankaya,CUST10704,Returning,Male,34.0,Elektronik,Powerbank,2,899,0,PayPal,EMP_09,Web,1798.0
ORD501003,2026-06-19,Friday,19:15,Ankara,Yenimahalle,CUST10798,New,Male,40.0,Ev,Masa Lambası,1,899,0,Bank Transfer,EMP_15,Mobile,899.0
ORD501004,2026-06-04,Thursday,14:50,İzmir,Bornova,CUST10707,New,Female,37.0,Kozmetik,Serum,4,899,0,Wallet,EMP_08,Mobile,3596.0
ORD501005,2026-06-29,Monday,17:25,Adana,Seyhan,CUST10799,Returning,Female,23.0,Ev,French Press,1,649,0,PayPal,EMP_23,Mobile,649.0
ORD501006,2026-06-16,Tuesday,16:50,İzmir,Bornova,CUST11938,New,Female,43.0,Kozmetik,Güneş Kremi,1,599,0,Bank Transfer,EMP_25,Mobile,599.0
ORD501007,2026-06-11,Thursday,14:55,Eskişehir,Odunpazarı,CUST11940,New,Female,41.0,Ofis,Masa Düzenleyici,2,399,10,Bank Transfer,EMP_17,Web,718.2
ORD501008,2026-06-11,Thursday,16:55,Bursa,Nilüfer,CUST11819,New,Male,26.0,Spor,Koşu Çantası,1,499,0,PayPal,EMP_24,Web,499.0
ORD501009,2026-06-06,Saturday,21:35,Eskişehir,Odunpazarı,CUST11297,Returning,Female,46.0,Spor,Koşu Çantası,2,499,0,PayPal,EMP_27,Web,998.0
ORD501010,2026-06-29,Monday,21:30,Ankara,Yenimahalle,CUST10382,New,Male,47.0,Elektronik,Akıllı Saat,2,3499,0,PayPal,EMP_05,Web,6998.0
ORD501011,2026-06-10,Wednesday,15:50,İstanbul,Şişli,CUST11050,Returning,Female,63.0,Elektronik,Bluetooth Kulaklık,3,1299,5,Unknown,EMP_22,Web,3702.15
ORD501012,2026-06-28,Sunday,20:15,Kocaeli,İzmit,CUST11099,Returning,Male,,Spor,Pilates Bandı,4,349,0,Card,EMP_25,Web,1396.0
ORD501013,2026-06-02,Tuesday,15:45,Gaziantep,Şehitkamil,CUST10101,New,Male,23.0,Kitap,Veri Analizi 101,2,549,0,Bank Transfer,EMP_24,Mobile,1098.0
ORD501014,2026-06-26,Friday,12:50,Adana,Seyhan,CUST11468,New,Female,38.0,Kozmetik,Serum,1,899,5,PayPal,EMP_23,Web,854.05
ORD501015,2026-06-18,Thursday,10:30,Gaziantep,Şehitkamil,CUST11697,Returning,Female,34.0,Elektronik,Kablosuz Mouse,1,499,0,Unknown,EMP_08,Mobile,499.0
ORD501016,2026-06-09,Tuesday,15:15,İstanbul,Şişli,CUST11876,New,Female,51.0,Elektronik,Powerbank,1,899,0,Bank Transfer,EMP_26,Mobile,899.0
ORD501017,2026-06-04,Thursday,14:45,İzmir,Karşıyaka,CUST11713,New,Female,22.0,Elektronik,Laptop Standı,1,999,5,Wallet,EMP_30,Web,949.05
ORD501018,2026-06-17,Wednesday,17:40,Bursa,Nilüfer,CUST10809,New,Male,48.0,Spor,Suluk,4,249,10,Bank Transfer,EMP_02,Mobile,896.4
ORD501019,2026-06-27,Saturday,20:40,İstanbul,Bakırköy,CUST11816,New,Male,57.0,Kitap,Roman,2,299,0,Bank Transfer,EMP_09,Mobile,598.0
ORD501020,2026-06-23,Tuesday,16:05,Adana,Seyhan,CUST11031,Returning,Female,28.0,Ev,Blender,1,2199,5,Card,EMP_22,Web,2089.05
ORD501021,2026-06-23,Tuesday,10:40,İstanbul,Kadıköy,CUST11280,New,Female,38.0,Spor,Koşu Çantası,1,499,0,Card,EMP_15,Web,499.0
ORD501022,2026-06-20,Saturday,18:40,İstanbul,Bakırköy,CUST10094,Returning,Male,45.0,Ofis,Kalem Seti,1,229,10,Wallet,EMP_01,Mobile,206.1
ORD501023,2026-06-12,Friday,17:55,Konya,Selçuklu,CUST11315,Returning,Male,50.0,Spor,Pilates Bandı,5,349,0,Wallet,EMP_18,Mobile,1745.0
ORD501024,2026-06-24,Wednesday,17:40,Eskişehir,Odunpazarı,CUST11392,Returning,Female,44.0,Ofis,Monitör Yükseltici,1,1199,5,Card,EMP_06,Mobile,1139.05
ORD501025,2026-06-14,Sunday,09:25,Eskişehir,Odunpazarı,CUST11203,Returning,Male,51.0,Ev,Masa Lambası,4,899,15,PayPal,EMP_23,Mobile,3056.6
ORD501026,2026-06-03,Wednesday,19:50,İzmir,Bornova,CUST11720,Returning,Female,63.0,Spor,Koşu Çantası,2,499,10,Bank Transfer,EMP_09,Web,898.2
ORD501027,2026-06-21,Sunday,17:45,Kocaeli,İzmit,CUST10531,New,Female,36.0,Ofis,Defter,4,179,0,PayPal,EMP_24,Web,716.0
ORD501028,2026-06-07,Sunday,16:50,İzmir,Bornova,CUST10948,Returning,Male,59.0,Kozmetik,Serum,2,899,10,Wallet,EMP_24,Mobile,1618.2
ORD501029,2026-06-03,Wednesday,17:50,Konya,Selçuklu,CUST11602,New,Female,23.0,Spor,Koşu Çantası,1,499,15,Wallet,EMP_12,Mobile,424.15
ORD501030,2026-06-14,Sunday,18:30,İstanbul,Bakırköy,CUST11040,Returning,Male,65.0,Elektronik,Kablosuz Mouse,4,499,20,Card,EMP_04,Mobile,1596.8
ORD501031,2026-06-05,Friday,11:40,İstanbul,Bakırköy,CUST10247,New,Male,36.0,Spor,Dambıl Seti,2,1899,15,Wallet,EMP_10,Mobile,3228.3
ORD501032,2026-06-06,Saturday,16:20,Konya,Selçuklu,CUST11212,Returning,Female,20.0,Kozmetik,Şampuan,2,319,5,Bank Transfer,EMP_06,Mobile,606.1
ORD501033,2026-06-01,Monday,20:10,İstanbul,Kadıköy,CUST10512,Returning,Male,38.0,Kozmetik,Güneş Kremi,2,599,5,Wallet,EMP_18,Mobile,1138.1
ORD501034,2026-06-14,Sunday,18:00,Bursa,Nilüfer,CUST10247,New,Male,47.0,Ofis,Masa Düzenleyici,4,399,15,Card,EMP_03,Mobile,1356.6
ORD501035,2026-06-21,Sunday,14:55,Eskişehir,Odunpazarı,CUST10086,Returning,Male,50.0,Ev,Masa Lambası,2,899,10,Wallet,EMP_16,Mobile,1618.2
ORD501036,2026-06-21,Sunday,16:30,Gaziantep,Şehitkamil,CUST10964,Returning,Male,40.0,Elektronik,Akıllı Saat,2,3499,10,Bank Transfer,EMP_16,Mobile,6298.2
ORD501037,2026-06-07,Sunday,10:30,Antalya,Muratpaşa,CUST10583,New,Female,37.0,Elektronik,Laptop Standı,1,999,20,Card,EMP_15,Web,799.2
ORD501038,2026-06-16,Tuesday,17:50,Antalya,Muratpaşa,CUST10570,New,Female,43.0,Ofis,Ajanda,1,319,0,Bank Transfer,EMP_30,Mobile,319.0
ORD501039,2026-06-05,Friday,19:10,Bursa,Nilüfer,CUST10275,New,Male,23.0,Kitap,Bilim,1,429,0,PayPal,EMP_25,Mobile,429.0
ORD501040,2026-06-05,Friday,12:55,Adana,Seyhan,CUST11961,New,Female,34.0,Kozmetik,Parfüm,1,1799,0,Card,EMP_23,Mobile,1799.0
ORD501041,2026-06-10,Wednesday,19:00,Antalya,Muratpaşa,CUST11380,Returning,Female,57.0,Ofis,Ajanda,1,319,0,Card,EMP_15,Web,319.0
ORD501042,2026-06-27,Saturday,16:40,İzmir,Karşıyaka,CUST11779,Returning,Female,44.0,Elektronik,Laptop Standı,1,999,0,PayPal,EMP_01,Mobile,999.0
ORD501043,2026-06-24,Wednesday,18:45,Ankara,Çankaya,CUST11811,Returning,Female,37.0,Elektronik,Akıllı Saat,3,3499,10,Bank Transfer,EMP_25,Mobile,9447.3
ORD501044,2026-06-01,Monday,15:15,Bursa,Nilüfer,CUST10099,Returning,Female,56.0,Elektronik,Bluetooth Kulaklık,1,1299,0,Wallet,EMP_20,Mobile,1299.0
ORD501045,2026-06-09,Tuesday,14:30,Ankara,Yenimahalle,CUST11916,New,Male,34.0,Ev,Masa Lambası,4,899,0,PayPal,EMP_22,Mobile,3596.0
ORD501046,2026-06-07,Sunday,15:35,Konya,Selçuklu,CUST10128,New,Female,22.0,Ofis,Ajanda,4,319,0,Wallet,EMP_04,Mobile,1276.0
ORD501047,2026-06-07,Sunday,12:15,Eskişehir,Odunpazarı,CUST11477,New,Male,42.0,Kozmetik,Güneş Kremi,2,599,0,Card,EMP_16,Mobile,1198.0
ORD501048,2026-06-30,Tuesday,15:05,Bursa,Nilüfer,CUST11853,Returning,Male,23.0,Kozmetik,Yüz Temizleyici,2,429,0,Wallet,EMP_17,Web,858.0
ORD501049,2026-06-23,Tuesday,19:50,Bursa,Nilüfer,CUST11682,Returning,Female,54.0,Ofis,Masa Düzenleyici,1,399,0,Wallet,EMP_19,Mobile,399.0
ORD501050,2026-06-20,Saturday,12:25,Gaziantep,Şehitkamil,CUST11342,Returning,Female,42.0,Ofis,Masa Düzenleyici,2,399,20,Wallet,EMP_20,Mobile,638.4
ORD501051,2026-06-07,Sunday,12:40,Bursa,Nilüfer,CUST10427,New,Female,21.0,Spor,Suluk,2,249,20,Card,EMP_07,Web,398.4
ORD501052,2026-06-22,Monday,16:00,İstanbul,Şişli,CUST10033,New,Female,20.0,Kozmetik,Yüz Temizleyici,1,429,0,Wallet,EMP_26,Web,429.0
ORD501053,2026-06-20,Saturday,19:45,Kocaeli,İzmit,CUST11295,Returning,Female,64.0,Elektronik,Bluetooth Kulaklık,1,1299,0,Bank Transfer,EMP_04,Mobile,1299.0
ORD501054,2026-06-25,Thursday,17:40,Adana,Seyhan,CUST10084,Returning,Male,53.0,Ofis,Defter,3,179,0,PayPal,EMP_15,Web,537.0
ORD501055,2026-06-19,Friday,21:35,İstanbul,Bakırköy,CUST10624,Returning,Female,48.0,Kozmetik,Güneş Kremi,1,599,5,PayPal,EMP_22,Mobile,569.05
ORD501056,2026-06-11,Thursday,15:45,Ankara,Çankaya,CUST10275,Returning,Male,64.0,Ev,French Press,1,649,5,Card,EMP_18,Mobile,616.55
ORD501057,2026-06-04,Thursday,14:40,Antalya,Muratpaşa,CUST11689,New,Female,45.0,Kozmetik,Parfüm,1,1799,5,Wallet,EMP_11,Mobile,1709.05
ORD501058,2026-06-10,Wednesday,19:45,İstanbul,Kadıköy,CUST11195,Returning,Male,53.0,Elektronik,Powerbank,4,899,0,PayPal,EMP_11,Mobile,3596.0
ORD501059,2026-06-15,Monday,21:05,Adana,Seyhan,CUST11436,New,Female,50.0,Ofis,Defter,1,179,10,Card,EMP_25,Web,161.1
ORD501060,2026-06-02,Tuesday,17:05,İstanbul,Bakırköy,CUST11776,New,Male,47.0,Kitap,Finans,1,459,10,Bank Transfer,EMP_20,Web,413.1
ORD501061,2026-06-21,Sunday,15:50,Kocaeli,İzmit,CUST11018,New,Male,19.0,Spor,Pilates Bandı,1,349,20,Card,EMP_08,Web,279.2
ORD501062,2026-06-02,Tuesday,20:50,Eskişehir,Odunpazarı,CUST11681,New,Female,53.0,Kozmetik,Yüz Temizleyici,1,429,0,PayPal,EMP_23,Mobile,429.0
ORD501063,2026-06-23,Tuesday,12:25,İstanbul,Şişli,CUST11968,New,Female,23.0,Ev,Masa Lambası,2,899,15,Bank Transfer,EMP_26,Mobile,1528.3
ORD501064,2026-06-23,Tuesday,15:05,İstanbul,Bakırköy,CUST10968,New,Male,45.0,Kozmetik,Parfüm,1,1799,10,Card,EMP_03,Web,1619.1
ORD501065,2026-06-29,Monday,11:30,Kocaeli,İzmit,CUST11437,Returning,Female,43.0,Elektronik,Kablosuz Mouse,1,499,10,Bank Transfer,EMP_30,Mobile,449.1
ORD501066,2026-06-25,Thursday,17:50,Antalya,Muratpaşa,CUST11873,New,Female,38.0,Elektronik,Laptop Standı,3,999,10,Bank Transfer,EMP_28,Mobile,2697.3
ORD501067,2026-06-08,Monday,19:05,Konya,Selçuklu,CUST11212,New,Male,39.0,Ev,Saklama Kabı,1,299,0,PayPal,EMP_24,Mobile,299.0
ORD501068,2026-06-04,Thursday,18:35,Eskişehir,Odunpazarı,CUST11262,Returning,Female,37.0,Kitap,Kişisel Gelişim,4,349,0,Unknown,EMP_22,Mobile,1396.0
ORD501069,2026-06-27,Saturday,20:10,Antalya,Muratpaşa,CUST10420,Returning,Female,64.0,Elektronik,Powerbank,3,899,0,Bank Transfer,EMP_12,Mobile,2697.0
ORD501070,2026-06-27,Saturday,15:55,İzmir,Karşıyaka,CUST11592,Returning,Male,51.0,Ofis,Masa Düzenleyici,2,399,10,Bank Transfer,EMP_10,Web,718.2
ORD501071,2026-06-19,Friday,13:50,Bursa,Nilüfer,CUST10291,Returning,Female,40.0,Ev,Termos,3,549,10,Bank Transfer,EMP_20,Mobile,1482.3
ORD501072,2026-06-15,Monday,17:50,Eskişehir,Odunpazarı,CUST11213,New,Male,50.0,Elektronik,Powerbank,3,899,0,PayPal,EMP_22,Web,2697.0
ORD501073,2026-06-15,Monday,12:50,Gaziantep,Şehitkamil,CUST11775,Returning,Female,24.0,Elektronik,Powerbank,4,899,15,PayPal,EMP_20,Mobile,3056.6
ORD501074,2026-06-26,Friday,18:00,İstanbul,Şişli,CUST11536,Returning,Male,20.0,Elektronik,Laptop Standı,2,999,5,PayPal,EMP_22,Mobile,1898.1
ORD501075,2026-06-25,Thursday,17:45,Antalya,Muratpaşa,CUST10463,Returning,Female,57.0,Kozmetik,Parfüm,4,1799,0,PayPal,EMP_22,Web,7196.0
ORD501076,2026-06-01,Monday,21:50,İstanbul,Şişli,CUST10021,Returning,Male,30.0,Elektronik,Kablosuz Mouse,1,499,20,Card,EMP_26,Web,399.2
ORD501077,2026-06-09,Tuesday,12:05,Antalya,Muratpaşa,CUST10771,New,Male,34.0,Elektronik,Powerbank,1,899,20,Bank Transfer,EMP_18,Web,719.2
ORD501078,2026-06-27,Saturday,18:25,Antalya,Muratpaşa,CUST10128,Returning,Female,57.0,Elektronik,Akıllı Saat,3,3499,0,Wallet,EMP_13,Mobile,10497.0
ORD501079,2026-06-30,Tuesday,15:25,İstanbul,Kadıköy,CUST10841,New,Male,49.0,Ev,Termos,4,549,0,Bank Transfer,EMP_13,Mobile,2196.0
ORD501080,2026-06-01,Monday,20:35,İstanbul,Kadıköy,CUST10775,New,Male,39.0,Kitap,Finans,2,459,15,Wallet,EMP_30,Mobile,780.3
ORD501081,2026-06-27,Saturday,11:25,Eskişehir,Odunpazarı,CUST11567,New,Male,61.0,Kozmetik,Güneş Kremi,2,599,15,Wallet,EMP_01,Mobile,1018.3
ORD501082,2026-06-05,Friday,13:20,İzmir,Bornova,CUST11563,New,Male,36.0,Spor,Koşu Çantası,2,499,0,Wallet,EMP_26,Web,998.0
ORD501083,2026-06-11,Thursday,17:45,İstanbul,Şişli,CUST10328,New,Female,24.0,Kitap,Kişisel Gelişim,3,349,0,Card,EMP_28,Web,1047.0
ORD501084,2026-06-23,Tuesday,19:20,Ankara,Yenimahalle,CUST10581,Returning,Male,38.0,Ofis,Ajanda,1,319,10,Bank Transfer,EMP_16,Mobile,287.1
ORD501085,2026-06-07,Sunday,15:35,İstanbul,Şişli,CUST10514,New,Female,59.0,Spor,Suluk,1,249,10,Card,EMP_21,Web,224.1
ORD501086,2026-06-01,Monday,17:05,Gaziantep,Şehitkamil,CUST11160,New,Female,43.0,Spor,Yoga Matı,1,699,5,Card,EMP_07,Mobile,664.05
ORD501087,2026-06-29,Monday,17:15,Gaziantep,Şehitkamil,CUST10206,Returning,Female,48.0,Kozmetik,Serum,5,899,0,PayPal,EMP_17,Web,4495.0
ORD501088,2026-06-03,Wednesday,19:40,Adana,Seyhan,CUST10979,New,Female,32.0,Kitap,Roman,1,299,0,PayPal,EMP_17,Web,299.0
ORD501089,2026-06-08,Monday,09:20,Adana,Seyhan,CUST11937,Returning,Male,55.0,Kozmetik,Serum,3,899,0,Bank Transfer,EMP_28,Web,2697.0
ORD501090,2026-06-22,Monday,17:10,İzmir,Bornova,CUST10477,New,Male,56.0,Kitap,Finans,5,459,10,Bank Transfer,EMP_24,Web,2065.5
ORD501091,2026-06-07,Sunday,19:40,Eskişehir,Odunpazarı,CUST11853,Returning,Female,40.0,Elektronik,Kablosuz Mouse,1,499,0,Bank Transfer,EMP_11,Web,499.0
ORD501092,2026-06-16,Tuesday,16:35,Bursa,Nilüfer,CUST10892,New,Male,52.0,Elektronik,Akıllı Saat,1,3499,20,Wallet,EMP_22,Mobile,2799.2
ORD501093,2026-06-10,Wednesday,12:30,Konya,Selçuklu,CUST11698,Returning,Male,63.0,Ev,Termos,1,549,5,Card,EMP_06,Web,521.55
ORD501094,2026-06-04,Thursday,14:35,İstanbul,Bakırköy,CUST11221,New,Female,39.0,Kitap,Veri Analizi 101,2,549,0,Bank Transfer,EMP_23,Web,1098.0
ORD501095,2026-06-09,Tuesday,11:20,Ankara,Yenimahalle,CUST10563,New,Female,21.0,Kozmetik,Şampuan,3,319,10,Card,EMP_24,Web,861.3
ORD501096,2026-06-08,Monday,21:45,Kocaeli,İzmit,CUST10718,New,Female,35.0,Ev,Masa Lambası,2,899,15,Wallet,EMP_11,Mobile,1528.3
ORD501097,2026-06-26,Friday,20:45,İstanbul,Şişli,CUST11159,New,Female,46.0,Ev,Blender,2,2199,0,PayPal,EMP_26,Web,4398.0
ORD501098,2026-06-24,Wednesday,16:55,İstanbul,Şişli,CUST10631,Returning,Female,34.0,Ofis,Masa Düzenleyici,1,399,0,Card,EMP_25,Mobile,399.0
ORD501099,2026-06-25,Thursday,17:15,Kocaeli,İzmit,CUST10380,Returning,Female,55.0,Elektronik,Laptop Standı,4,999,0,Wallet,EMP_08,Mobile,3996.0
ORD501100,2026-06-29,Monday,20:40,İzmir,Karşıyaka,CUST10669,Returning,Male,34.0,Ofis,Masa Düzenleyici,1,399,10,Bank Transfer,EMP_14,Mobile,359.1
ORD501101,2026-06-01,Monday,17:05,İzmir,Karşıyaka,CUST11985,New,Male,32.0,Kozmetik,Şampuan,1,319,0,Unknown,EMP_26,Mobile,319.0
ORD501102,2026-06-17,Wednesday,19:40,İstanbul,Şişli,CUST11943,New,Female,38.0,Elektronik,Bluetooth Kulaklık,2,1299,10,Bank Transfer,EMP_01,Mobile,2338.2
ORD501103,2026-06-16,Tuesday,17:30,Gaziantep,Şehitkamil,CUST11854,New,Female,20.0,Kozmetik,Serum,1,899,5,Bank Transfer,EMP_20,Web,854.05
ORD501104,2026-06-15,Monday,18:45,Gaziantep,Şehitkamil,CUST10855,Returning,Female,37.0,Ofis,Masa Düzenleyici,1,399,10,Wallet,EMP_08,Mobile,359.1
ORD501105,2026-06-19,Friday,20:35,İstanbul,Kadıköy,CUST10709,New,Male,21.0,Elektronik,Kablosuz Mouse,1,499,0,PayPal,EMP_13,Web,499.0
ORD501106,2026-06-10,Wednesday,19:30,Konya,Selçuklu,CUST11203,New,Male,,Kozmetik,Güneş Kremi,2,599,5,Card,EMP_22,Web,1138.1
ORD501107,2026-06-08,Monday,21:45,Antalya,Muratpaşa,CUST11247,New,Male,33.0,Spor,Yoga Matı,2,699,5,PayPal,EMP_17,Mobile,1328.1
ORD501108,2026-06-25,Thursday,15:30,Eskişehir,Odunpazarı,CUST10461,Returning,Female,24.0,Kozmetik,Parfüm,1,1799,5,Card,EMP_27,Mobile,1709.05
ORD501109,2026-06-17,Wednesday,21:25,Eskişehir,Odunpazarı,CUST10354,New,Female,63.0,Spor,Dambıl Seti,3,1899,10,Card,EMP_22,Web,5127.3
ORD501110,2026-06-28,Sunday,21:05,İstanbul,Şişli,CUST11613,Returning,Female,28.0,Elektronik,Kablosuz Mouse,2,499,5,Unknown,EMP_04,Mobile,948.1
ORD501111,2026-06-26,Friday,21:30,İzmir,Karşıyaka,CUST10511,Returning,Male,31.0,Spor,Pilates Bandı,1,349,10,PayPal,EMP_27,Mobile,314.1
ORD501112,2026-06-06,Saturday,19:25,Antalya,Muratpaşa,CUST10280,New,Female,60.0,Ev,Termos,1,549,0,Card,EMP_13,Web,549.0
ORD501113,2026-06-19,Friday,18:05,İstanbul,Bakırköy,CUST11587,New,Male,50.0,Ev,Masa Lambası,1,899,10,Card,EMP_23,Mobile,809.1
ORD501114,2026-06-17,Wednesday,20:00,Adana,Seyhan,CUST11540,New,Female,45.0,Ev,Termos,1,549,0,PayPal,EMP_27,Web,549.0
ORD501115,2026-06-03,Wednesday,20:15,İzmir,Bornova,CUST11930,Returning,Male,27.0,Elektronik,Laptop Standı,1,999,0,Card,EMP_09,Mobile,999.0
ORD501116,2026-06-11,Thursday,14:45,Antalya,Muratpaşa,CUST10955,Returning,Female,32.0,Ev,Termos,1,549,10,Card,EMP_02,Web,494.1
ORD501117,2026-06-16,Tuesday,20:20,Ankara,Çankaya,CUST11671,Returning,Male,45.0,Elektronik,Powerbank,2,899,15,PayPal,EMP_06,Web,1528.3
ORD501118,2026-06-14,Sunday,18:45,İstanbul,Bakırköy,CUST11946,New,Female,47.0,Ev,Blender,2,2199,0,PayPal,EMP_18,Web,4398.0
ORD501119,2026-06-21,Sunday,17:00,İstanbul,Kadıköy,CUST11175,New,Male,47.0,Ev,French Press,2,649,5,Card,EMP_14,Mobile,1233.1
ORD501120,2026-06-10,Wednesday,17:05,İzmir,Bornova,CUST10759,New,Male,45.0,Ev,Blender,3,2199,0,Card,EMP_17,Mobile,6597.0
ORD501121,2026-06-19,Friday,11:50,İstanbul,Şişli,CUST11379,New,Female,36.0,Elektronik,Akıllı Saat,1,3499,5,PayPal,EMP_18,Web,3324.05
ORD501122,2026-06-10,Wednesday,10:15,Ankara,Çankaya,CUST11877,New,Female,62.0,Ev,Blender,2,2199,10,PayPal,EMP_09,Mobile,3958.2
ORD501123,2026-06-15,Monday,19:40,Kocaeli,İzmit,CUST11705,Returning,Female,20.0,Elektronik,Bluetooth Kulaklık,1,1299,0,PayPal,EMP_08,Web,1299.0
ORD501124,2026-06-29,Monday,18:15,Gaziantep,Şehitkamil,CUST11693,Returning,Female,61.0,Spor,Yoga Matı,4,699,15,Card,EMP_12,Mobile,2376.6
ORD501125,2026-06-17,Wednesday,19:30,İzmir,Bornova,CUST11827,Returning,Male,53.0,Kitap,Bilim,1,429,0,Bank Transfer,EMP_28,Mobile,429.0
ORD501126,2026-06-29,Monday,17:20,İzmir,Karşıyaka,CUST11637,New,Male,61.0,Kozmetik,Parfüm,4,1799,0,Wallet,EMP_11,Mobile,7196.0
ORD501127,2026-06-09,Tuesday,16:20,Gaziantep,Şehitkamil,CUST10839,Returning,Female,29.0,Spor,Dambıl Seti,2,1899,0,Card,EMP_09,Mobile,3798.0
ORD501128,2026-06-16,Tuesday,20:35,İstanbul,Bakırköy,CUST10955,New,Male,30.0,Elektronik,Kablosuz Mouse,2,499,0,PayPal,EMP_24,Web,998.0
ORD501129,2026-06-30,Tuesday,14:15,Antalya,Muratpaşa,CUST10185,New,Male,26.0,Spor,Suluk,2,249,5,PayPal,EMP_21,Web,473.1
ORD501130,2026-06-19,Friday,18:20,Bursa,Nilüfer,CUST11389,Returning,Male,35.0,Kitap,Finans,2,459,0,Wallet,EMP_24,Web,918.0
ORD501131,2026-06-14,Sunday,20:15,İstanbul,Şişli,CUST10807,New,Male,40.0,Elektronik,Laptop Standı,3,999,5,Bank Transfer,EMP_04,Mobile,2847.15
ORD501132,2026-06-01,Monday,11:25,Kocaeli,İzmit,CUST10129,Returning,Male,50.0,Spor,Suluk,2,249,0,Card,EMP_25,Web,498.0
ORD501133,2026-06-04,Thursday,16:55,Bursa,Nilüfer,CUST11432,Returning,Female,54.0,Elektronik,Kablosuz Mouse,2,499,5,PayPal,EMP_16,Web,948.1
ORD501134,2026-06-25,Thursday,19:40,Eskişehir,Odunpazarı,CUST10497,New,Female,45.0,Ev,Masa Lambası,2,899,15,Bank Transfer,EMP_15,Web,1528.3
ORD501135,2026-06-15,Monday,13:35,Ankara,Çankaya,CUST10585,New,Male,59.0,Elektronik,Bluetooth Kulaklık,2,1299,5,Wallet,EMP_02,Web,2468.1
ORD501136,2026-06-25,Thursday,18:20,Kocaeli,İzmit,CUST10233,New,Female,53.0,Ofis,Defter,1,179,0,Bank Transfer,EMP_18,Mobile,179.0
ORD501137,2026-06-04,Thursday,16:05,Konya,Selçuklu,CUST11041,Returning,Female,31.0,Ev,Masa Lambası,1,899,0,Card,EMP_14,Mobile,899.0
ORD501138,2026-06-04,Thursday,21:35,Antalya,Muratpaşa,CUST11159,New,Female,51.0,Ofis,Monitör Yükseltici,1,1199,10,Bank Transfer,EMP_07,Web,1079.1
ORD501139,2026-06-03,Wednesday,18:20,Antalya,Muratpaşa,CUST11857,New,Female,57.0,Elektronik,Kablosuz Mouse,4,499,5,Card,EMP_25,Web,1896.2
ORD501140,2026-06-26,Friday,13:05,Eskişehir,Odunpazarı,CUST11239,New,Male,20.0,Ofis,Ajanda,2,319,0,PayPal,EMP_09,Mobile,638.0
ORD501141,2026-06-16,Tuesday,18:30,Eskişehir,Odunpazarı,CUST10067,Returning,Male,45.0,Ofis,Monitör Yükseltici,1,1199,15,Wallet,EMP_15,Web,1019.15
ORD501142,2026-06-24,Wednesday,17:55,Eskişehir,Odunpazarı,CUST11719,Returning,Female,26.0,Elektronik,Powerbank,2,899,10,Wallet,EMP_20,Web,1618.2
ORD501143,2026-06-11,Thursday,20:15,İstanbul,Bakırköy,CUST11189,New,Female,20.0,Ofis,Defter,4,179,0,Card,EMP_01,Web,716.0
ORD501144,2026-06-22,Monday,20:35,İstanbul,Kadıköy,CUST11942,Returning,Male,34.0,Kitap,Veri Analizi 101,1,549,5,Wallet,EMP_01,Web,521.55
ORD501145,2026-06-17,Wednesday,19:40,Bursa,Nilüfer,CUST11638,New,Male,48.0,Elektronik,Kablosuz Mouse,1,499,0,Card,EMP_18,Mobile,499.0
ORD501146,2026-06-03,Wednesday,17:40,İstanbul,Şişli,CUST10598,New,Female,45.0,Ofis,Monitör Yükseltici,4,1199,0,PayPal,EMP_16,Web,4796.0
ORD501147,2026-06-01,Monday,21:00,Ankara,Çankaya,CUST11764,Returning,Male,38.0,Ev,Termos,1,549,0,Card,EMP_07,Mobile,549.0
ORD501148,2026-06-11,Thursday,17:45,İstanbul,Şişli,CUST11748,Returning,Male,25.0,Ofis,Defter,2,179,0,Wallet,EMP_21,Web,358.0
ORD501149,2026-06-04,Thursday,17:25,İstanbul,Şişli,CUST10162,New,Female,64.0,Ev,Masa Lambası,2,899,0,Card,EMP_11,Mobile,1798.0
ORD501150,2026-06-29,Monday,18:00,İstanbul,Kadıköy,CUST11700,Returning,Male,,Kitap,Kişisel Gelişim,1,349,0,Wallet,EMP_19,Mobile,349.0
ORD501151,2026-06-17,Wednesday,20:30,Ankara,Çankaya,CUST10576,Returning,Male,64.0,Elektronik,Kablosuz Mouse,4,499,0,Bank Transfer,EMP_25,Mobile,1996.0
ORD501152,2026-06-27,Saturday,15:30,Kocaeli,İzmit,CUST10997,Returning,Female,25.0,Kitap,Bilim,2,429,10,Bank Transfer,EMP_01,Mobile,772.2
ORD501153,2026-06-29,Monday,19:40,Bursa,Nilüfer,CUST10550,Returning,Male,58.0,Elektronik,Bluetooth Kulaklık,4,1299,0,PayPal,EMP_14,Mobile,5196.0
ORD501154,2026-06-01,Monday,18:00,Kocaeli,İzmit,CUST10429,Returning,Male,63.0,Kitap,Finans,1,459,0,PayPal,EMP_26,Mobile,459.0
ORD501155,2026-06-02,Tuesday,17:50,İstanbul,Bakırköy,CUST11040,Returning,Female,38.0,Elektronik,Powerbank,2,899,0,Bank Transfer,EMP_27,Web,1798.0
ORD501156,2026-06-12,Friday,18:35,Kocaeli,İzmit,CUST10602,New,Male,42.0,Kozmetik,Serum,1,899,0,Wallet,EMP_25,Web,899.0
ORD501157,2026-06-23,Tuesday,18:15,Gaziantep,Şehitkamil,CUST10008,Returning,Female,41.0,Elektronik,Laptop Standı,1,999,0,Card,EMP_10,Web,999.0
ORD501158,2026-06-11,Thursday,16:30,İzmir,Karşıyaka,CUST10157,Returning,Female,61.0,Elektronik,Laptop Standı,1,999,15,Card,EMP_03,Mobile,849.15
ORD501159,2026-06-22,Monday,12:35,Adana,Seyhan,CUST10720,New,Female,63.0,Spor,Yoga Matı,1,699,5,Wallet,EMP_22,Mobile,664.05
ORD501160,2026-06-02,Tuesday,15:00,Adana,Seyhan,CUST11027,New,Male,55.0,Elektronik,Akıllı Saat,2,3499,0,PayPal,EMP_05,Mobile,6998.0
ORD501161,2026-06-20,Saturday,11:10,Konya,Selçuklu,CUST11300,Returning,Female,20.0,Elektronik,Akıllı Saat,2,3499,0,Bank Transfer,EMP_19,Mobile,6998.0
ORD501162,2026-06-08,Monday,16:45,İstanbul,Kadıköy,CUST10629,New,Female,28.0,Elektronik,Powerbank,3,899,0,PayPal,EMP_02,Mobile,2697.0
ORD501163,2026-06-21,Sunday,16:05,Adana,Seyhan,CUST10445,New,Female,30.0,Elektronik,Kablosuz Mouse,1,499,10,Card,EMP_22,Mobile,449.1
ORD501164,2026-06-28,Sunday,14:30,Ankara,Yenimahalle,CUST11376,New,Female,26.0,Elektronik,Powerbank,1,899,10,Wallet,EMP_08,Mobile,809.1
ORD501165,2026-06-01,Monday,17:30,Ankara,Yenimahalle,CUST10336,New,Female,51.0,Elektronik,Akıllı Saat,1,3499,10,Wallet,EMP_24,Web,3149.1
ORD501166,2026-06-05,Friday,21:50,İstanbul,Bakırköy,CUST11235,New,Female,36.0,Kitap,Veri Analizi 101,1,549,0,Card,EMP_15,Web,549.0
ORD501167,2026-06-01,Monday,20:55,Ankara,Yenimahalle,CUST11601,New,Male,48.0,Kitap,Bilim,3,429,20,PayPal,EMP_15,Mobile,1029.6
ORD501168,2026-06-07,Sunday,19:35,Bursa,Nilüfer,CUST11278,New,Female,,Kozmetik,Şampuan,2,319,0,Card,EMP_02,Web,638.0
ORD501169,2026-06-04,Thursday,17:45,İstanbul,Bakırköy,CUST10843,Returning,Female,61.0,Ofis,Kalem Seti,2,229,0,Card,EMP_24,Web,458.0
ORD501170,2026-06-03,Wednesday,17:40,İstanbul,Kadıköy,CUST10923,Returning,Male,48.0,Spor,Koşu Çantası,1,499,10,Wallet,EMP_24,Mobile,449.1
ORD501171,2026-06-09,Tuesday,13:45,Konya,Selçuklu,CUST10414,New,Female,48.0,Kitap,Bilim,1,429,10,Wallet,EMP_06,Mobile,386.1
ORD501172,2026-06-11,Thursday,14:20,Bursa,Nilüfer,CUST11419,New,Male,24.0,Kozmetik,Serum,3,899,0,Card,EMP_11,Mobile,2697.0
ORD501173,2026-06-13,Saturday,19:15,Kocaeli,İzmit,CUST11315,Returning,Female,21.0,Ev,Saklama Kabı,2,299,0,Wallet,EMP_30,Mobile,598.0
ORD501174,2026-06-16,Tuesday,14:05,Antalya,Muratpaşa,CUST10705,New,Male,49.0,Spor,Suluk,2,249,0,Bank Transfer,EMP_16,Mobile,498.0
ORD501175,2026-06-24,Wednesday,16:30,Bursa,Nilüfer,CUST11680,Returning,Female,40.0,Elektronik,Kablosuz Mouse,1,499,0,Card,EMP_06,Mobile,499.0
ORD501176,2026-06-04,Thursday,11:15,İstanbul,Kadıköy,CUST11237,New,Female,46.0,Elektronik,Kablosuz Mouse,1,499,15,Card,EMP_02,Mobile,424.15
ORD501177,2026-06-21,Sunday,09:15,Eskişehir,Odunpazarı,CUST10259,New,Male,37.0,Ev,Masa Lambası,2,899,5,PayPal,EMP_12,Mobile,1708.1
ORD501178,2026-06-24,Wednesday,17:50,İstanbul,Şişli,CUST11082,New,Female,52.0,Ofis,Monitör Yükseltici,2,1199,5,Wallet,EMP_16,Web,2278.1
ORD501179,2026-06-02,Tuesday,14:35,Adana,Seyhan,CUST11577,New,Female,60.0,Elektronik,Kablosuz Mouse,1,499,0,Card,EMP_25,Web,499.0
ORD501180,2026-06-06,Saturday,12:05,Konya,Selçuklu,CUST10390,Returning,Male,26.0,Kozmetik,Parfüm,1,1799,10,Wallet,EMP_12,Mobile,1619.1
ORD501181,2026-06-29,Monday,12:20,İstanbul,Kadıköy,CUST11032,Returning,Female,48.0,Elektronik,Laptop Standı,1,999,5,PayPal,EMP_29,Web,949.05
ORD501182,2026-06-05,Friday,21:25,İzmir,Bornova,CUST11167,New,Female,40.0,Kitap,Bilim,4,429,5,Card,EMP_16,Mobile,1630.2
ORD501183,2026-06-15,Monday,17:25,Ankara,Yenimahalle,CUST10326,Returning,Female,53.0,Kozmetik,Parfüm,1,1799,15,PayPal,EMP_03,Mobile,1529.15
ORD501184,2026-06-12,Friday,15:15,Adana,Seyhan,CUST10684,Returning,Male,43.0,Ofis,Defter,2,179,0,PayPal,EMP_22,Web,358.0
ORD501185,2026-06-24,Wednesday,17:55,Adana,Seyhan,CUST10187,New,Female,37.0,Elektronik,Bluetooth Kulaklık,3,1299,0,PayPal,EMP_23,Web,3897.0
ORD501186,2026-06-27,Saturday,17:10,İzmir,Karşıyaka,CUST11776,New,Female,47.0,Elektronik,Kablosuz Mouse,2,499,15,Card,EMP_22,Web,848.3
ORD501187,2026-06-14,Sunday,15:15,İstanbul,Kadıköy,CUST11228,New,Female,25.0,Kitap,Finans,2,459,0,Card,EMP_25,Mobile,918.0
ORD501188,2026-06-17,Wednesday,16:25,Konya,Selçuklu,CUST10010,New,Male,34.0,Spor,Dambıl Seti,1,1899,0,Bank Transfer,EMP_09,Web,1899.0
ORD501189,2026-06-19,Friday,12:10,Konya,Selçuklu,CUST10619,Returning,Female,28.0,Elektronik,Bluetooth Kulaklık,1,1299,5,Card,EMP_11,Web,1234.05
ORD501190,2026-06-22,Monday,17:05,Adana,Seyhan,CUST11052,Returning,Female,46.0,Ofis,Masa Düzenleyici,2,399,0,Card,EMP_25,Mobile,798.0
ORD501191,2026-06-24,Wednesday,11:45,İstanbul,Bakırköy,CUST10743,Returning,Female,48.0,Spor,Koşu Çantası,4,499,10,Card,EMP_17,Mobile,1796.4
ORD501192,2026-06-29,Monday,17:25,İstanbul,Bakırköy,CUST10972,New,Male,44.0,Ofis,Masa Düzenleyici,1,399,0,Wallet,EMP_12,Mobile,399.0
ORD501193,2026-06-28,Sunday,19:20,Kocaeli,İzmit,CUST11797,Returning,Female,39.0,Spor,Koşu Çantası,2,499,10,Bank Transfer,EMP_07,Mobile,898.2
ORD501194,2026-06-05,Friday,19:25,Ankara,Çankaya,CUST11440,New,Female,22.0,Ev,Termos,1,549,10,Card,EMP_18,Web,494.1
ORD501195,2026-06-17,Wednesday,18:20,Ankara,Çankaya,CUST10377,Returning,Male,52.0,Elektronik,Bluetooth Kulaklık,3,1299,20,Bank Transfer,EMP_04,Mobile,3117.6
ORD501196,2026-06-18,Thursday,20:50,İstanbul,Bakırköy,CUST10369,Returning,Female,49.0,Spor,Dambıl Seti,2,1899,10,PayPal,EMP_30,Web,3418.2
ORD501197,2026-06-25,Thursday,21:30,İstanbul,Şişli,CUST11512,Returning,Male,22.0,Elektronik,Powerbank,2,899,5,Card,EMP_18,Mobile,1708.1
ORD501198,2026-06-22,Monday,18:50,İstanbul,Şişli,CUST11306,New,Female,33.0,Ev,Blender,3,2199,0,Card,EMP_18,Mobile,6597.0
ORD501199,2026-06-06,Saturday,20:10,Ankara,Çankaya,CUST10748,New,Female,65.0,Ofis,Defter,1,179,5,Wallet,EMP_10,Web,170.05
ORD501200,2026-06-26,Friday,19:35,İzmir,Karşıyaka,CUST11458,New,Male,51.0,Ev,Blender,2,2199,0,Bank Transfer,EMP_08,Mobile,4398.0
ORD501201,2026-06-05,Friday,13:05,Kocaeli,İzmit,CUST10948,New,Male,47.0,Elektronik,Bluetooth Kulaklık,4,1299,5,PayPal,EMP_23,Mobile,4936.2
ORD501202,2026-06-16,Tuesday,20:50,İstanbul,Kadıköy,CUST11982,New,Male,40.0,Elektronik,Kablosuz Mouse,1,499,15,Wallet,EMP_05,Mobile,424.15
ORD501203,2026-06-01,Monday,15:00,Adana,Seyhan,CUST11761,New,Female,32.0,Elektronik,Akıllı Saat,4,3499,0,Card,EMP_14,Mobile,13996.0
ORD501204,2026-06-01,Monday,19:35,Konya,Selçuklu,CUST11115,New,Male,48.0,Elektronik,Powerbank,5,899,0,Wallet,EMP_12,Web,4495.0
ORD501205,2026-06-05,Friday,19:15,Konya,Selçuklu,CUST11980,New,Female,49.0,Ev,Saklama Kabı,1,299,10,Card,EMP_22,Mobile,269.1
ORD501206,2026-06-14,Sunday,19:25,Antalya,Muratpaşa,CUST11859,New,Female,61.0,Ev,Saklama Kabı,3,299,20,Card,EMP_27,Mobile,717.6
ORD501207,2026-06-29,Monday,17:50,Ankara,Yenimahalle,CUST10008,Returning,Male,63.0,Spor,Pilates Bandı,1,349,0,Wallet,EMP_13,Web,349.0
ORD501208,2026-06-12,Friday,17:15,İstanbul,Bakırköy,CUST10654,Returning,Female,42.0,Elektronik,Powerbank,1,899,15,Bank Transfer,EMP_30,Mobile,764.15
ORD501209,2026-06-09,Tuesday,13:50,Bursa,Nilüfer,CUST10635,Returning,Female,49.0,Elektronik,Powerbank,1,899,5,Wallet,EMP_15,Mobile,854.05
ORD501210,2026-06-15,Monday,17:05,İstanbul,Bakırköy,CUST10195,Returning,Female,20.0,Elektronik,Laptop Standı,1,999,10,Wallet,EMP_30,Mobile,899.1
ORD501211,2026-06-08,Monday,21:35,Antalya,Muratpaşa,CUST11805,New,Male,42.0,Elektronik,Kablosuz Mouse,1,499,5,Bank Transfer,EMP_03,Mobile,474.05
ORD501212,2026-06-09,Tuesday,09:20,İstanbul,Bakırköy,CUST11449,New,Male,32.0,Ev,Saklama Kabı,5,299,5,Card,EMP_11,Web,1420.25
ORD501213,2026-06-23,Tuesday,11:35,Kocaeli,İzmit,CUST11519,Returning,Female,18.0,Elektronik,Powerbank,5,899,0,Wallet,EMP_18,Mobile,4495.0
ORD501214,2026-06-11,Thursday,19:00,Eskişehir,Odunpazarı,CUST10108,Returning,Male,60.0,Kozmetik,Güneş Kremi,1,599,10,Wallet,EMP_27,Mobile,539.1
ORD501215,2026-06-22,Monday,15:40,Bursa,Nilüfer,CUST11048,Returning,Male,31.0,Kozmetik,Güneş Kremi,1,599,0,Wallet,EMP_28,Mobile,599.0
ORD501216,2026-06-05,Friday,11:05,Kocaeli,İzmit,CUST10832,New,Male,40.0,Ev,Masa Lambası,1,899,10,Bank Transfer,EMP_03,Mobile,809.1
ORD501217,2026-06-13,Saturday,12:20,Eskişehir,Odunpazarı,CUST11862,Returning,Female,45.0,Elektronik,Powerbank,2,899,0,PayPal,EMP_23,Mobile,1798.0
ORD501218,2026-06-08,Monday,11:45,İstanbul,Kadıköy,CUST10456,Returning,Male,21.0,Ofis,Monitör Yükseltici,1,1199,0,Wallet,EMP_17,Web,1199.0
ORD501219,2026-06-23,Tuesday,19:20,İstanbul,Kadıköy,CUST11582,Returning,Female,22.0,Spor,Suluk,2,249,10,Bank Transfer,EMP_09,Web,448.2
ORD501220,2026-06-20,Saturday,17:10,Adana,Seyhan,CUST11092,New,Male,40.0,Ev,Masa Lambası,2,899,5,PayPal,EMP_09,Web,1708.1
ORD501221,2026-06-12,Friday,18:30,Konya,Selçuklu,CUST11574,New,Male,26.0,Ofis,Kalem Seti,1,229,0,Card,EMP_28,Mobile,229.0
ORD501222,2026-06-02,Tuesday,19:15,İstanbul,Kadıköy,CUST10925,Returning,Female,43.0,Ev,Blender,1,2199,0,Card,EMP_01,Web,2199.0
ORD501223,2026-06-28,Sunday,19:00,İstanbul,Bakırköy,CUST11091,New,Female,62.0,Kozmetik,Güneş Kremi,2,599,20,PayPal,EMP_20,Web,958.4
ORD501224,2026-06-22,Monday,11:35,İzmir,Karşıyaka,CUST10746,New,Male,63.0,Elektronik,Powerbank,1,899,0,PayPal,EMP_19,Web,899.0
ORD501225,2026-06-03,Wednesday,11:35,Gaziantep,Şehitkamil,CUST10129,Returning,Male,51.0,Ev,Saklama Kabı,1,299,0,Wallet,EMP_03,Mobile,299.0
ORD501226,2026-06-19,Friday,19:35,İstanbul,Kadıköy,CUST11404,New,Female,21.0,Ev,Masa Lambası,3,899,0,Bank Transfer,EMP_22,Web,2697.0
ORD501227,2026-06-03,Wednesday,19:40,İstanbul,Kadıköy,CUST11304,Returning,Male,57.0,Kitap,Veri Analizi 101,2,549,0,Wallet,EMP_16,Web,1098.0
ORD501228,2026-06-21,Sunday,19:10,Ankara,Yenimahalle,CUST10818,New,Male,52.0,Kitap,Finans,2,459,15,Wallet,EMP_16,Mobile,780.3
ORD501229,2026-06-04,Thursday,18:35,Adana,Seyhan,CUST11798,New,Female,53.0,Ev,Blender,2,2199,0,Wallet,EMP_23,Web,4398.0
ORD501230,2026-06-10,Wednesday,15:45,İstanbul,Kadıköy,CUST10835,New,Male,64.0,Ev,Termos,1,549,0,Bank Transfer,EMP_19,Web,549.0
ORD501231,2026-06-30,Tuesday,18:45,Bursa,Nilüfer,CUST10907,New,Male,48.0,Kozmetik,Parfüm,5,1799,0,PayPal,EMP_29,Web,8995.0
ORD501232,2026-06-08,Monday,20:00,İzmir,Karşıyaka,CUST11194,New,Female,65.0,Spor,Suluk,1,249,0,Bank Transfer,EMP_18,Web,249.0
ORD501233,2026-06-03,Wednesday,19:25,Ankara,Çankaya,CUST11090,Returning,Female,39.0,Kozmetik,Şampuan,1,319,5,Bank Transfer,EMP_18,Mobile,303.05
ORD501234,2026-06-18,Thursday,17:55,Bursa,Nilüfer,CUST10045,New,Male,52.0,Kozmetik,Güneş Kremi,2,599,0,Wallet,EMP_11,Mobile,1198.0
ORD501235,2026-06-09,Tuesday,19:55,Bursa,Nilüfer,CUST10314,New,Male,65.0,Spor,Yoga Matı,1,699,0,PayPal,EMP_05,Web,699.0
ORD501236,2026-06-28,Sunday,17:05,Bursa,Nilüfer,CUST10000,Returning,Female,32.0,Ev,French Press,3,649,0,Card,EMP_04,Web,1947.0
ORD501237,2026-06-05,Friday,15:35,Adana,Seyhan,CUST11210,New,Female,43.0,Elektronik,Kablosuz Mouse,1,499,0,Wallet,EMP_08,Web,499.0
ORD501238,2026-06-30,Tuesday,10:20,Antalya,Muratpaşa,CUST10283,New,Female,62.0,Kitap,Kişisel Gelişim,2,349,0,Bank Transfer,EMP_27,Web,698.0
ORD501239,2026-06-04,Thursday,18:40,Ankara,Çankaya,CUST10558,New,Male,46.0,Spor,Pilates Bandı,1,349,5,PayPal,EMP_03,Mobile,331.55
ORD501240,2026-06-13,Saturday,20:25,Eskişehir,Odunpazarı,CUST10447,New,Female,47.0,Spor,Pilates Bandı,4,349,5,Bank Transfer,EMP_17,Mobile,1326.2
ORD501241,2026-06-28,Sunday,11:05,İstanbul,Kadıköy,CUST10130,Returning,Female,38.0,Elektronik,Laptop Standı,2,999,5,Wallet,EMP_26,Mobile,1898.1
ORD501242,2026-06-28,Sunday,14:10,İstanbul,Bakırköy,CUST10017,Returning,Male,27.0,Kozmetik,Şampuan,3,319,0,Card,EMP_28,Mobile,957.0
ORD501243,2026-06-14,Sunday,18:00,Adana,Seyhan,CUST10576,New,Male,65.0,Ev,Termos,3,549,0,PayPal,EMP_09,Mobile,1647.0
ORD501244,2026-06-15,Monday,21:00,Kocaeli,İzmit,CUST10567,Returning,Male,34.0,Kitap,Kişisel Gelişim,1,349,0,PayPal,EMP_28,Mobile,349.0
ORD501245,2026-06-03,Wednesday,14:25,İzmir,Bornova,CUST11055,New,Male,50.0,Elektronik,Bluetooth Kulaklık,1,1299,0,PayPal,EMP_04,Mobile,1299.0
ORD501246,2026-06-20,Saturday,19:15,Antalya,Muratpaşa,CUST11562,Returning,Male,37.0,Kitap,Kişisel Gelişim,1,349,5,PayPal,EMP_08,Mobile,331.55
ORD501247,2026-06-09,Tuesday,21:45,İzmir,Bornova,CUST11907,Returning,Female,21.0,Elektronik,Akıllı Saat,1,3499,0,Wallet,EMP_29,Mobile,3499.0
ORD501248,2026-06-08,Monday,15:10,Konya,Selçuklu,CUST11494,Returning,Male,28.0,Spor,Suluk,4,249,5,PayPal,EMP_18,Mobile,946.2
ORD501249,2026-06-18,Thursday,21:30,İstanbul,Bakırköy,CUST10706,Returning,Female,55.0,Kozmetik,Serum,3,899,15,Card,EMP_23,Mobile,2292.45
ORD501250,2026-06-13,Saturday,09:40,Ankara,Yenimahalle,CUST11673,Returning,Female,35.0,Kozmetik,Parfüm,3,1799,10,Unknown,EMP_11,Mobile,4857.3
ORD501251,2026-06-21,Sunday,12:45,Gaziantep,Şehitkamil,CUST10076,Returning,Male,61.0,Kozmetik,Serum,5,899,0,Bank Transfer,EMP_06,Mobile,4495.0
ORD501252,2026-06-30,Tuesday,19:55,Antalya,Muratpaşa,CUST10750,Returning,Male,44.0,Kozmetik,Parfüm,1,1799,5,Wallet,EMP_19,Web,1709.05
ORD501253,2026-06-11,Thursday,18:50,Bursa,Nilüfer,CUST11598,New,Male,18.0,Kozmetik,Parfüm,4,1799,0,Bank Transfer,EMP_09,Mobile,7196.0
ORD501254,2026-06-02,Tuesday,18:20,İstanbul,Bakırköy,CUST11988,Returning,Male,44.0,Kitap,Finans,1,459,0,PayPal,EMP_03,Mobile,459.0
ORD501255,2026-06-14,Sunday,17:05,İzmir,Karşıyaka,CUST10558,Returning,Female,59.0,Elektronik,Kablosuz Mouse,3,499,0,Bank Transfer,EMP_17,Mobile,1497.0
ORD501256,2026-06-22,Monday,17:15,Kocaeli,İzmit,CUST11832,New,Male,63.0,Ev,Saklama Kabı,1,299,10,Wallet,EMP_12,Web,269.1
ORD501257,2026-06-13,Saturday,17:35,Antalya,Muratpaşa,CUST10693,New,Male,40.0,Spor,Suluk,1,249,0,Wallet,EMP_23,Web,249.0
ORD501258,2026-06-24,Wednesday,18:30,Antalya,Muratpaşa,CUST11173,New,Male,61.0,Ev,Termos,1,549,10,PayPal,EMP_12,Mobile,494.1
ORD501259,2026-06-12,Friday,14:50,Gaziantep,Şehitkamil,CUST10851,New,Female,42.0,Elektronik,Powerbank,2,899,10,Bank Transfer,EMP_30,Web,1618.2
ORD501260,2026-06-17,Wednesday,15:20,Kocaeli,İzmit,CUST11075,New,Male,34.0,Elektronik,Bluetooth Kulaklık,1,1299,0,Card,EMP_19,Mobile,1299.0
ORD501261,2026-06-17,Wednesday,18:40,Antalya,Muratpaşa,CUST10497,New,Female,36.0,Elektronik,Kablosuz Mouse,2,499,5,PayPal,EMP_15,Web,948.1
ORD501262,2026-06-18,Thursday,18:10,İstanbul,Kadıköy,CUST10144,Returning,Male,54.0,Elektronik,Laptop Standı,2,999,15,Wallet,EMP_25,Mobile,1698.3
ORD501263,2026-06-08,Monday,16:30,Eskişehir,Odunpazarı,CUST11414,Returning,Female,18.0,Spor,Yoga Matı,3,699,5,PayPal,EMP_22,Mobile,1992.15
ORD501264,2026-06-13,Saturday,14:35,Bursa,Nilüfer,CUST10574,Returning,Female,65.0,Ofis,Kalem Seti,4,229,10,Bank Transfer,EMP_09,Web,824.4
ORD501265,2026-06-12,Friday,20:50,Bursa,Nilüfer,CUST10371,New,Female,18.0,Ofis,Kalem Seti,1,229,0,PayPal,EMP_08,Web,229.0
ORD501266,2026-06-17,Wednesday,19:25,Adana,Seyhan,CUST10915,Returning,Female,60.0,Ofis,Masa Düzenleyici,1,399,0,Bank Transfer,EMP_11,Mobile,399.0
ORD501267,2026-06-21,Sunday,20:55,İstanbul,Kadıköy,CUST11347,Returning,Female,56.0,Spor,Koşu Çantası,2,499,15,Card,EMP_01,Web,848.3
ORD501268,2026-06-21,Sunday,13:50,Antalya,Muratpaşa,CUST11143,New,Female,35.0,Ev,Termos,2,549,0,Bank Transfer,EMP_29,Mobile,1098.0
ORD501269,2026-06-08,Monday,18:15,İstanbul,Kadıköy,CUST10944,New,Male,36.0,Ev,Termos,1,549,0,Card,EMP_20,Web,549.0
ORD501270,2026-06-22,Monday,20:50,İzmir,Karşıyaka,CUST11990,New,Female,31.0,Kitap,Kişisel Gelişim,3,349,0,Wallet,EMP_24,Mobile,1047.0
ORD501271,2026-06-25,Thursday,09:15,İstanbul,Kadıköy,CUST10984,New,Male,23.0,Ofis,Kalem Seti,1,229,10,Bank Transfer,EMP_01,Web,206.1
ORD501272,2026-06-27,Saturday,18:40,Ankara,Yenimahalle,CUST10570,New,Male,33.0,Ofis,Kalem Seti,2,229,5,Wallet,EMP_25,Web,435.1
ORD501273,2026-06-16,Tuesday,21:10,İstanbul,Kadıköy,CUST11046,New,Male,52.0,Ofis,Monitör Yükseltici,1,1199,15,PayPal,EMP_09,Mobile,1019.15
ORD501274,2026-06-12,Friday,18:45,İstanbul,Kadıköy,CUST10027,Returning,Female,35.0,Ofis,Monitör Yükseltici,1,1199,0,Card,EMP_06,Mobile,1199.0
ORD501275,2026-06-22,Monday,12:25,Eskişehir,Odunpazarı,CUST11074,New,Male,60.0,Kozmetik,Serum,1,899,0,PayPal,EMP_14,Mobile,899.0
ORD501276,2026-06-14,Sunday,21:20,İstanbul,Bakırköy,CUST11901,Returning,Male,28.0,Ofis,Monitör Yükseltici,4,1199,10,Card,EMP_22,Web,4316.4
ORD501277,2026-06-03,Wednesday,18:30,Bursa,Nilüfer,CUST10282,Returning,Female,21.0,Ev,Masa Lambası,1,899,10,Card,EMP_02,Mobile,809.1
ORD501278,2026-06-12,Friday,18:05,İstanbul,Bakırköy,CUST10700,New,Male,42.0,Kitap,Finans,1,459,10,Bank Transfer,EMP_19,Mobile,413.1
ORD501279,2026-06-08,Monday,18:50,Gaziantep,Şehitkamil,CUST10042,Returning,Male,22.0,Kitap,Bilim,1,429,0,Unknown,EMP_16,Mobile,429.0
ORD501280,2026-06-13,Saturday,16:05,Eskişehir,Odunpazarı,CUST10664,New,Male,,Elektronik,Laptop Standı,1,999,5,Card,EMP_11,Web,949.05
ORD501281,2026-06-24,Wednesday,20:50,İstanbul,Kadıköy,CUST10240,New,Female,24.0,Kozmetik,Şampuan,2,319,10,Wallet,EMP_19,Mobile,574.2
ORD501282,2026-06-15,Monday,13:40,Ankara,Yenimahalle,CUST11232,New,Male,41.0,Elektronik,Bluetooth Kulaklık,1,1299,0,Wallet,EMP_06,Web,1299.0
ORD501283,2026-06-17,Wednesday,19:05,İzmir,Karşıyaka,CUST10548,Returning,Male,50.0,Ofis,Masa Düzenleyici,1,399,0,Bank Transfer,EMP_05,Web,399.0
ORD501284,2026-06-18,Thursday,18:55,Bursa,Nilüfer,CUST11788,Returning,Female,39.0,Ev,Blender,1,2199,0,Card,EMP_09,Mobile,2199.0
ORD501285,2026-06-10,Wednesday,21:30,Eskişehir,Odunpazarı,CUST11065,New,Male,61.0,Elektronik,Laptop Standı,1,999,15,Card,EMP_25,Mobile,849.15
ORD501286,2026-06-24,Wednesday,16:05,İstanbul,Şişli,CUST10559,New,Female,35.0,Ev,Masa Lambası,2,899,0,Bank Transfer,EMP_28,Web,1798.0
ORD501287,2026-06-22,Monday,21:00,İstanbul,Kadıköy,CUST11381,Returning,Female,27.0,Spor,Koşu Çantası,2,499,10,PayPal,EMP_29,Web,898.2
ORD501288,2026-06-18,Thursday,17:40,İstanbul,Bakırköy,CUST10321,Returning,Male,20.0,Kitap,Kişisel Gelişim,1,349,0,Wallet,EMP_08,Web,349.0
ORD501289,2026-06-23,Tuesday,13:15,Adana,Seyhan,CUST10868,New,Female,64.0,Ev,French Press,1,649,20,PayPal,EMP_13,Mobile,519.2
ORD501290,2026-06-13,Saturday,15:45,İzmir,Karşıyaka,CUST11695,New,Male,55.0,Elektronik,Powerbank,2,899,15,Wallet,EMP_11,Mobile,1528.3
ORD501291,2026-06-29,Monday,14:35,İstanbul,Şişli,CUST10098,New,Male,30.0,Elektronik,Powerbank,1,899,0,Card,EMP_03,Mobile,899.0
ORD501292,2026-06-26,Friday,11:40,Gaziantep,Şehitkamil,CUST10933,New,Male,52.0,Kitap,Kişisel Gelişim,2,349,0,Wallet,EMP_17,Web,698.0
ORD501293,2026-06-28,Sunday,10:00,Kocaeli,İzmit,CUST11449,Returning,Male,41.0,Kozmetik,Şampuan,1,319,10,Card,EMP_13,Web,287.1
ORD501294,2026-06-06,Saturday,12:40,Gaziantep,Şehitkamil,CUST10038,New,Male,61.0,Spor,Pilates Bandı,5,349,0,Bank Transfer,EMP_29,Web,1745.0
ORD501295,2026-06-01,Monday,19:45,Bursa,Nilüfer,CUST10258,New,Male,55.0,Ofis,Masa Düzenleyici,1,399,5,Bank Transfer,EMP_17,Mobile,379.05
ORD501296,2026-06-27,Saturday,18:20,İstanbul,Kadıköy,CUST11719,Returning,Female,28.0,Kitap,Roman,2,299,5,Bank Transfer,EMP_27,Mobile,568.1
ORD501297,2026-06-19,Friday,19:05,İzmir,Karşıyaka,CUST11861,Returning,Male,53.0,Spor,Dambıl Seti,1,1899,0,Card,EMP_21,Web,1899.0
ORD501298,2026-06-27,Saturday,13:50,Ankara,Yenimahalle,CUST11951,New,Female,18.0,Ofis,Masa Düzenleyici,4,399,10,PayPal,EMP_23,Mobile,1436.4
ORD501299,2026-06-01,Monday,19:40,Antalya,Muratpaşa,CUST11418,Returning,Female,24.0,Ofis,Defter,1,179,10,Card,EMP_11,Web,161.1
ORD501300,2026-06-05,Friday,14:50,İstanbul,Şişli,CUST10162,Returning,Female,53.0,Elektronik,Kablosuz Mouse,1,499,20,Bank Transfer,EMP_01,Mobile,399.2
ORD501301,2026-06-25,Thursday,17:15,İstanbul,Kadıköy,CUST11657,Returning,Male,47.0,Kitap,Bilim,1,429,0,Unknown,EMP_20,Web,429.0
ORD501302,2026-06-19,Friday,17:50,Ankara,Çankaya,CUST10032,New,Male,41.0,Ofis,Kalem Seti,1,229,5,PayPal,EMP_20,Mobile,217.55
ORD501303,2026-06-26,Friday,09:20,Bursa,Nilüfer,CUST10477,Returning,Male,47.0,Elektronik,Kablosuz Mouse,1,499,0,Bank Transfer,EMP_28,Mobile,499.0
ORD501304,2026-06-10,Wednesday,17:15,İstanbul,Şişli,CUST11269,Returning,Male,28.0,Kitap,Veri Analizi 101,2,549,15,Wallet,EMP_04,Mobile,933.3
ORD501305,2026-06-27,Saturday,11:15,İzmir,Karşıyaka,CUST11518,Returning,Female,44.0,Ofis,Defter,1,179,20,PayPal,EMP_11,Mobile,143.2
ORD501306,2026-06-03,Wednesday,20:20,Gaziantep,Şehitkamil,CUST11798,New,Female,22.0,Elektronik,Powerbank,3,899,0,Bank Transfer,EMP_10,Mobile,2697.0
ORD501307,2026-06-11,Thursday,18:45,Adana,Seyhan,CUST11628,New,Female,29.0,Kitap,Roman,1,299,20,Bank Transfer,EMP_24,Mobile,239.2
ORD501308,2026-06-20,Saturday,19:00,İstanbul,Kadıköy,CUST11983,Returning,Female,31.0,Kozmetik,Şampuan,4,319,5,PayPal,EMP_16,Mobile,1212.2
ORD501309,2026-06-29,Monday,18:20,İstanbul,Bakırköy,CUST10851,New,Female,53.0,Ofis,Defter,1,179,5,Card,EMP_30,Mobile,170.05
ORD501310,2026-06-26,Friday,20:50,İstanbul,Şişli,CUST11214,Returning,Female,44.0,Ofis,Monitör Yükseltici,1,1199,5,PayPal,EMP_06,Mobile,1139.05
ORD501311,2026-06-02,Tuesday,12:30,İstanbul,Kadıköy,CUST11550,Returning,Female,42.0,Spor,Yoga Matı,2,699,0,Wallet,EMP_25,Mobile,1398.0
ORD501312,2026-06-09,Tuesday,16:20,İzmir,Bornova,CUST11539,New,Female,26.0,Spor,Dambıl Seti,3,1899,10,Card,EMP_19,Mobile,5127.3
ORD501313,2026-06-09,Tuesday,20:35,İstanbul,Bakırköy,CUST11020,New,Male,41.0,Ev,Blender,2,2199,5,PayPal,EMP_11,Web,4178.1
ORD501314,2026-06-17,Wednesday,15:00,Kocaeli,İzmit,CUST11581,New,Male,20.0,Kozmetik,Parfüm,1,1799,0,Wallet,EMP_25,Web,1799.0
ORD501315,2026-06-20,Saturday,21:55,İstanbul,Bakırköy,CUST11682,Returning,Female,36.0,Elektronik,Bluetooth Kulaklık,1,1299,0,Card,EMP_11,Mobile,1299.0
ORD501316,2026-06-14,Sunday,17:50,Kocaeli,İzmit,CUST10100,Returning,Female,19.0,Spor,Yoga Matı,2,699,0,Card,EMP_13,Web,1398.0
ORD501317,2026-06-06,Saturday,19:35,İzmir,Karşıyaka,CUST10781,Returning,Male,22.0,Elektronik,Akıllı Saat,1,3499,0,Bank Transfer,EMP_24,Web,3499.0
ORD501318,2026-06-04,Thursday,16:25,Bursa,Nilüfer,CUST11057,New,Male,33.0,Ev,Saklama Kabı,2,299,0,Bank Transfer,EMP_17,Mobile,598.0
ORD501319,2026-06-28,Sunday,16:15,İzmir,Bornova,CUST11799,Returning,Female,31.0,Kitap,Kişisel Gelişim,1,349,15,Card,EMP_28,Mobile,296.65
ORD501320,2026-06-25,Thursday,15:00,İzmir,Karşıyaka,CUST10100,New,Male,39.0,Kitap,Finans,2,459,0,Wallet,EMP_03,Web,918.0
ORD501321,2026-06-15,Monday,18:20,Antalya,Muratpaşa,CUST11931,New,Female,59.0,Ev,Masa Lambası,2,899,5,Card,EMP_22,Web,1708.1
ORD501322,2026-06-07,Sunday,15:15,Gaziantep,Şehitkamil,CUST11511,New,Male,,Ofis,Kalem Seti,4,229,0,Wallet,EMP_02,Mobile,916.0
ORD501323,2026-06-11,Thursday,14:10,Ankara,Çankaya,CUST10859,Returning,Male,20.0,Spor,Yoga Matı,1,699,5,PayPal,EMP_16,Mobile,664.05
ORD501324,2026-06-08,Monday,18:50,Antalya,Muratpaşa,CUST11026,Returning,Female,31.0,Kitap,Roman,1,299,0,Card,EMP_11,Web,299.0
ORD501325,2026-06-23,Tuesday,20:50,Eskişehir,Odunpazarı,CUST10376,Returning,Male,60.0,Elektronik,Powerbank,5,899,5,Bank Transfer,EMP_28,Web,4270.25
ORD501326,2026-06-03,Wednesday,20:35,Ankara,Çankaya,CUST11989,New,Male,53.0,Spor,Koşu Çantası,1,499,0,Bank Transfer,EMP_08,Web,499.0
ORD501327,2026-06-20,Saturday,20:15,Gaziantep,Şehitkamil,CUST10335,New,Female,39.0,Kozmetik,Yüz Temizleyici,1,429,0,Wallet,EMP_13,Mobile,429.0
ORD501328,2026-06-12,Friday,18:45,Eskişehir,Odunpazarı,CUST11720,Returning,Female,49.0,Elektronik,Laptop Standı,1,999,0,Wallet,EMP_02,Mobile,999.0
ORD501329,2026-06-08,Monday,18:10,İstanbul,Bakırköy,CUST10935,New,Male,18.0,Elektronik,Kablosuz Mouse,1,499,15,Wallet,EMP_08,Mobile,424.15
ORD501330,2026-06-22,Monday,21:15,Adana,Seyhan,CUST11380,Returning,Male,37.0,Kozmetik,Güneş Kremi,2,599,5,Bank Transfer,EMP_06,Web,1138.1
ORD501331,2026-06-08,Monday,13:10,İstanbul,Kadıköy,CUST10675,Returning,Male,31.0,Kozmetik,Serum,4,899,20,PayPal,EMP_05,Web,2876.8
ORD501332,2026-06-15,Monday,10:00,Adana,Seyhan,CUST11476,Returning,Male,54.0,Kozmetik,Güneş Kremi,1,599,10,Wallet,EMP_20,Web,539.1
ORD501333,2026-06-11,Thursday,20:30,Eskişehir,Odunpazarı,CUST10388,New,Male,33.0,Ofis,Kalem Seti,4,229,0,Bank Transfer,EMP_17,Web,916.0
ORD501334,2026-06-08,Monday,16:00,İstanbul,Bakırköy,CUST11783,New,Male,28.0,Kozmetik,Güneş Kremi,2,599,5,Bank Transfer,EMP_27,Web,1138.1
ORD501335,2026-06-18,Thursday,19:55,Eskişehir,Odunpazarı,CUST10671,New,Male,24.0,Elektronik,Powerbank,1,899,5,Bank Transfer,EMP_21,Mobile,854.05
ORD501336,2026-06-19,Friday,11:40,Ankara,Çankaya,CUST10299,New,Male,48.0,Elektronik,Bluetooth Kulaklık,3,1299,5,Wallet,EMP_21,Mobile,3702.15
ORD501337,2026-06-23,Tuesday,11:05,Eskişehir,Odunpazarı,CUST11819,Returning,Female,19.0,Ev,Blender,5,2199,15,Bank Transfer,EMP_13,Mobile,9345.75
ORD501338,2026-06-05,Friday,17:25,Bursa,Nilüfer,CUST10392,Returning,Female,36.0,Elektronik,Powerbank,2,899,0,Wallet,EMP_30,Mobile,1798.0
ORD501339,2026-06-23,Tuesday,20:55,Ankara,Çankaya,CUST11760,New,Female,62.0,Ev,Termos,1,549,0,Wallet,EMP_22,Web,549.0
ORD501340,2026-06-25,Thursday,09:55,İstanbul,Şişli,CUST10941,Returning,Male,40.0,Spor,Pilates Bandı,1,349,5,Card,EMP_20,Mobile,331.55
ORD501341,2026-06-15,Monday,18:20,İstanbul,Bakırköy,CUST11590,Returning,Female,55.0,Kozmetik,Parfüm,2,1799,0,Bank Transfer,EMP_13,Mobile,3598.0
ORD501342,2026-06-08,Monday,16:30,Adana,Seyhan,CUST11844,Returning,Male,37.0,Ofis,Monitör Yükseltici,2,1199,10,Card,EMP_25,Mobile,2158.2
ORD501343,2026-06-15,Monday,15:25,İstanbul,Bakırköy,CUST10829,Returning,Female,42.0,Kitap,Kişisel Gelişim,1,349,0,Wallet,EMP_29,Mobile,349.0
ORD501344,2026-06-02,Tuesday,18:40,Gaziantep,Şehitkamil,CUST11972,Returning,Male,31.0,Elektronik,Kablosuz Mouse,1,499,5,PayPal,EMP_01,Mobile,474.05
ORD501345,2026-06-05,Friday,14:45,İstanbul,Şişli,CUST10850,New,Male,26.0,Elektronik,Kablosuz Mouse,2,499,5,Bank Transfer,EMP_20,Mobile,948.1
ORD501346,2026-06-19,Friday,13:10,Eskişehir,Odunpazarı,CUST11729,Returning,Male,40.0,Ev,Masa Lambası,1,899,10,Bank Transfer,EMP_03,Web,809.1
ORD501347,2026-06-25,Thursday,14:45,Adana,Seyhan,CUST11233,New,Male,23.0,Ofis,Kalem Seti,2,229,5,Card,EMP_29,Web,435.1
ORD501348,2026-06-18,Thursday,20:10,Ankara,Yenimahalle,CUST11236,Returning,Male,46.0,Elektronik,Bluetooth Kulaklık,1,1299,10,Card,EMP_02,Mobile,1169.1
ORD501349,2026-06-17,Wednesday,17:10,Antalya,Muratpaşa,CUST11732,Returning,Female,59.0,Ofis,Kalem Seti,5,229,10,PayPal,EMP_18,Mobile,1030.5
ORD501350,2026-06-24,Wednesday,20:15,Kocaeli,İzmit,CUST10133,New,Female,55.0,Kozmetik,Şampuan,2,319,5,Bank Transfer,EMP_23,Mobile,606.1
ORD501351,2026-06-06,Saturday,17:20,İzmir,Karşıyaka,CUST10780,New,Female,39.0,Ev,Termos,3,549,5,Card,EMP_19,Web,1564.65
ORD501352,2026-06-20,Saturday,15:55,Konya,Selçuklu,CUST10323,Returning,Male,51.0,Ofis,Masa Düzenleyici,1,399,0,Bank Transfer,EMP_02,Web,399.0
ORD501353,2026-06-02,Tuesday,18:15,İstanbul,Bakırköy,CUST11773,New,Male,27.0,Ofis,Masa Düzenleyici,2,399,0,Card,EMP_02,Mobile,798.0
ORD501354,2026-06-21,Sunday,21:20,Konya,Selçuklu,CUST10761,New,Male,32.0,Spor,Suluk,2,249,0,Unknown,EMP_13,Mobile,498.0
ORD501355,2026-06-21,Sunday,18:20,Antalya,Muratpaşa,CUST10985,New,Male,50.0,Spor,Pilates Bandı,3,349,0,Wallet,EMP_01,Mobile,1047.0
ORD501356,2026-06-18,Thursday,17:35,İzmir,Karşıyaka,CUST11306,Returning,Female,63.0,Ofis,Monitör Yükseltici,3,1199,10,PayPal,EMP_19,Web,3237.3
ORD501357,2026-06-29,Monday,18:10,İzmir,Bornova,CUST11778,New,Male,42.0,Elektronik,Akıllı Saat,1,3499,0,PayPal,EMP_05,Web,3499.0
ORD501358,2026-06-03,Wednesday,09:40,İstanbul,Bakırköy,CUST10707,Returning,Female,52.0,Elektronik,Powerbank,3,899,0,Bank Transfer,EMP_05,Web,2697.0
ORD501359,2026-06-06,Saturday,18:45,Antalya,Muratpaşa,CUST11146,Returning,Male,43.0,Elektronik,Kablosuz Mouse,5,499,0,Card,EMP_18,Mobile,2495.0
ORD501360,2026-06-21,Sunday,15:45,Antalya,Muratpaşa,CUST10028,Returning,Male,61.0,Ev,Blender,2,2199,0,Wallet,EMP_30,Web,4398.0
ORD501361,2026-06-18,Thursday,16:45,İstanbul,Şişli,CUST11639,New,Male,22.0,Elektronik,Laptop Standı,2,999,15,PayPal,EMP_06,Web,1698.3
ORD501362,2026-06-19,Friday,20:25,Bursa,Nilüfer,CUST10786,Returning,Male,30.0,Elektronik,Powerbank,1,899,10,PayPal,EMP_10,Web,809.1
ORD501363,2026-06-21,Sunday,09:30,İstanbul,Kadıköy,CUST11260,New,Female,,Spor,Dambıl Seti,1,1899,15,Bank Transfer,EMP_10,Mobile,1614.15
ORD501364,2026-06-27,Saturday,20:25,Adana,Seyhan,CUST10225,Returning,Male,46.0,Kitap,Veri Analizi 101,2,549,10,Wallet,EMP_15,Mobile,988.2
ORD501365,2026-06-18,Thursday,20:15,İstanbul,Şişli,CUST11657,Returning,Male,32.0,Ev,Saklama Kabı,1,299,0,Card,EMP_25,Web,299.0
ORD501366,2026-06-03,Wednesday,18:10,İstanbul,Kadıköy,CUST11230,New,Male,33.0,Spor,Yoga Matı,4,699,15,Bank Transfer,EMP_07,Mobile,2376.6
ORD501367,2026-06-16,Tuesday,19:45,İstanbul,Kadıköy,CUST10181,New,Male,47.0,Kitap,Bilim,1,429,5,Bank Transfer,EMP_01,Mobile,407.55
ORD501368,2026-06-07,Sunday,17:30,Antalya,Muratpaşa,CUST11038,Returning,Female,35.0,Elektronik,Powerbank,2,899,5,Bank Transfer,EMP_26,Mobile,1708.1
ORD501369,2026-06-02,Tuesday,17:50,İstanbul,Şişli,CUST10022,New,Male,50.0,Elektronik,Akıllı Saat,3,3499,15,Wallet,EMP_25,Mobile,8922.45
ORD501370,2026-06-30,Tuesday,14:50,İstanbul,Şişli,CUST10604,Returning,Male,60.0,Ev,Saklama Kabı,1,299,10,PayPal,EMP_19,Web,269.1
ORD501371,2026-06-13,Saturday,14:55,Konya,Selçuklu,CUST11486,New,Female,49.0,Kozmetik,Parfüm,1,1799,0,Wallet,EMP_04,Web,1799.0
ORD501372,2026-06-12,Friday,15:45,Kocaeli,İzmit,CUST10334,Returning,Male,18.0,Ev,Masa Lambası,2,899,5,Bank Transfer,EMP_01,Web,1708.1
ORD501373,2026-06-19,Friday,20:55,Konya,Selçuklu,CUST10732,Returning,Female,44.0,Kitap,Roman,1,299,5,PayPal,EMP_23,Mobile,284.05
ORD501374,2026-06-21,Sunday,19:55,Konya,Selçuklu,CUST10317,New,Female,51.0,Kozmetik,Serum,1,899,0,Wallet,EMP_15,Mobile,899.0
ORD501375,2026-06-08,Monday,12:35,İstanbul,Bakırköy,CUST10544,Returning,Female,62.0,Kitap,Veri Analizi 101,1,549,10,Bank Transfer,EMP_29,Web,494.1
ORD501376,2026-06-26,Friday,15:35,İzmir,Karşıyaka,CUST10811,Returning,Male,48.0,Ofis,Ajanda,4,319,15,Card,EMP_11,Mobile,1084.6
ORD501377,2026-06-23,Tuesday,20:15,Gaziantep,Şehitkamil,CUST10956,New,Male,32.0,Ev,French Press,1,649,15,Bank Transfer,EMP_20,Mobile,551.65
ORD501378,2026-06-18,Thursday,11:45,İzmir,Bornova,CUST10045,New,Male,58.0,Elektronik,Laptop Standı,1,999,10,Wallet,EMP_08,Mobile,899.1
ORD501379,2026-06-03,Wednesday,19:20,İstanbul,Bakırköy,CUST10210,New,Female,36.0,Ofis,Ajanda,3,319,0,Bank Transfer,EMP_24,Web,957.0
ORD501380,2026-06-12,Friday,18:50,İzmir,Karşıyaka,CUST11194,Returning,Male,46.0,Elektronik,Powerbank,1,899,0,PayPal,EMP_28,Web,899.0
ORD501381,2026-06-16,Tuesday,16:00,Adana,Seyhan,CUST10683,New,Male,36.0,Ofis,Ajanda,1,319,5,Card,EMP_01,Mobile,303.05
ORD501382,2026-06-20,Saturday,15:50,Konya,Selçuklu,CUST11773,Returning,Female,59.0,Ofis,Monitör Yükseltici,3,1199,15,PayPal,EMP_12,Mobile,3057.45
ORD501383,2026-06-28,Sunday,13:25,Adana,Seyhan,CUST10656,Returning,Male,39.0,Kozmetik,Parfüm,3,1799,10,PayPal,EMP_02,Web,4857.3
ORD501384,2026-06-29,Monday,18:45,Konya,Selçuklu,CUST11437,Returning,Female,47.0,Elektronik,Laptop Standı,2,999,0,Card,EMP_04,Mobile,1998.0
ORD501385,2026-06-10,Wednesday,11:50,Kocaeli,İzmit,CUST11901,New,Male,64.0,Elektronik,Akıllı Saat,1,3499,5,Card,EMP_02,Mobile,3324.05
ORD501386,2026-06-27,Saturday,16:20,Adana,Seyhan,CUST11896,New,Female,48.0,Spor,Koşu Çantası,3,499,0,Card,EMP_28,Mobile,1497.0
ORD501387,2026-06-19,Friday,16:25,İstanbul,Kadıköy,CUST10135,Returning,Female,42.0,Elektronik,Laptop Standı,3,999,0,PayPal,EMP_23,Mobile,2997.0
ORD501388,2026-06-08,Monday,20:15,Eskişehir,Odunpazarı,CUST11065,New,Female,29.0,Kozmetik,Parfüm,2,1799,0,Wallet,EMP_05,Web,3598.0
ORD501389,2026-06-09,Tuesday,18:45,Ankara,Çankaya,CUST10186,Returning,Male,32.0,Ev,French Press,2,649,10,PayPal,EMP_19,Mobile,1168.2
ORD501390,2026-06-27,Saturday,18:25,İstanbul,Kadıköy,CUST11634,New,Female,23.0,Ofis,Ajanda,4,319,0,Bank Transfer,EMP_02,Mobile,1276.0
ORD501391,2026-06-03,Wednesday,16:45,İstanbul,Bakırköy,CUST10958,New,Male,24.0,Ofis,Ajanda,1,319,0,PayPal,EMP_09,Mobile,319.0
ORD501392,2026-06-08,Monday,19:00,Antalya,Muratpaşa,CUST11547,Returning,Female,25.0,Elektronik,Bluetooth Kulaklık,2,1299,20,Bank Transfer,EMP_04,Mobile,2078.4
ORD501393,2026-06-18,Thursday,14:05,İstanbul,Bakırköy,CUST10628,New,Male,25.0,Ev,Termos,1,549,0,PayPal,EMP_07,Mobile,549.0
ORD501394,2026-06-12,Friday,15:10,İstanbul,Şişli,CUST10655,New,Female,56.0,Ev,Blender,1,2199,10,Card,EMP_01,Mobile,1979.1
ORD501395,2026-06-01,Monday,18:00,Adana,Seyhan,CUST11561,New,Female,59.0,Spor,Koşu Çantası,1,499,15,Bank Transfer,EMP_10,Mobile,424.15
ORD501396,2026-06-12,Friday,17:15,Bursa,Nilüfer,CUST11515,Returning,Male,52.0,Kitap,Finans,1,459,10,Wallet,EMP_17,Mobile,413.1
ORD501397,2026-06-12,Friday,18:15,İstanbul,Bakırköy,CUST10981,Returning,Male,37.0,Spor,Dambıl Seti,3,1899,0,Bank Transfer,EMP_17,Mobile,5697.0
ORD501398,2026-06-02,Tuesday,18:20,Konya,Selçuklu,CUST10284,New,Female,19.0,Elektronik,Bluetooth Kulaklık,1,1299,5,PayPal,EMP_23,Web,1234.05
ORD501399,2026-06-03,Wednesday,16:45,Adana,Seyhan,CUST11528,New,Male,54.0,Elektronik,Bluetooth Kulaklık,1,1299,0,Wallet,EMP_13,Mobile,1299.0
ORD501400,2026-06-08,Monday,16:25,İstanbul,Şişli,CUST10411,New,Male,43.0,Elektronik,Powerbank,2,899,10,Bank Transfer,EMP_22,Mobile,1618.2
ORD501401,2026-06-26,Friday,15:15,İstanbul,Kadıköy,CUST11575,Returning,Male,56.0,Ev,Masa Lambası,3,899,10,Card,EMP_12,Mobile,2427.3
ORD501402,2026-06-09,Tuesday,21:05,Adana,Seyhan,CUST11664,Returning,Female,50.0,Kitap,Veri Analizi 101,2,549,0,PayPal,EMP_23,Web,1098.0
ORD501403,2026-06-05,Friday,14:10,İstanbul,Bakırköy,CUST11869,New,Female,38.0,Ev,French Press,1,649,5,PayPal,EMP_04,Mobile,616.55
ORD501404,2026-06-02,Tuesday,16:35,Kocaeli,İzmit,CUST10086,Returning,Female,45.0,Elektronik,Bluetooth Kulaklık,1,1299,10,PayPal,EMP_26,Mobile,1169.1
ORD501405,2026-06-17,Wednesday,20:30,Ankara,Yenimahalle,CUST11216,New,Female,31.0,Kozmetik,Serum,2,899,0,Wallet,EMP_25,Web,1798.0
ORD501406,2026-06-19,Friday,17:50,Ankara,Çankaya,CUST10608,New,Female,21.0,Kozmetik,Güneş Kremi,3,599,0,Bank Transfer,EMP_06,Mobile,1797.0
ORD501407,2026-06-20,Saturday,19:25,İstanbul,Kadıköy,CUST11642,Returning,Male,56.0,Elektronik,Kablosuz Mouse,2,499,0,PayPal,EMP_16,Mobile,998.0
ORD501408,2026-06-08,Monday,21:55,Kocaeli,İzmit,CUST10770,New,Female,21.0,Ofis,Ajanda,2,319,0,PayPal,EMP_02,Web,638.0
ORD501409,2026-06-24,Wednesday,16:55,Kocaeli,İzmit,CUST10856,Returning,Male,55.0,Ev,Blender,1,2199,0,Wallet,EMP_26,Mobile,2199.0
ORD501410,2026-06-01,Monday,12:40,İstanbul,Bakırköy,CUST10901,New,Female,38.0,Elektronik,Bluetooth Kulaklık,3,1299,5,Bank Transfer,EMP_21,Mobile,3702.15
ORD501411,2026-06-06,Saturday,18:00,İstanbul,Şişli,CUST10896,Returning,Female,55.0,Kitap,Veri Analizi 101,2,549,0,Unknown,EMP_11,Mobile,1098.0
ORD501412,2026-06-19,Friday,16:00,Adana,Seyhan,CUST10113,New,Male,58.0,Spor,Yoga Matı,1,699,0,Card,EMP_02,Mobile,699.0
ORD501413,2026-06-08,Monday,21:10,İstanbul,Bakırköy,CUST10069,New,Male,26.0,Spor,Suluk,2,249,10,Bank Transfer,EMP_21,Mobile,448.2
ORD501414,2026-06-17,Wednesday,11:00,İstanbul,Bakırköy,CUST11252,Returning,Male,51.0,Ev,Blender,1,2199,15,Card,EMP_05,Mobile,1869.15
ORD501415,2026-06-26,Friday,20:15,İstanbul,Kadıköy,CUST10029,Returning,Female,42.0,Ev,Blender,1,2199,10,PayPal,EMP_30,Mobile,1979.1
ORD501416,2026-06-03,Wednesday,18:45,Kocaeli,İzmit,CUST10228,Returning,Female,43.0,Spor,Dambıl Seti,1,1899,5,PayPal,EMP_30,Web,1804.05
ORD501417,2026-06-20,Saturday,20:50,Konya,Selçuklu,CUST11458,New,Female,31.0,Elektronik,Kablosuz Mouse,2,499,20,PayPal,EMP_29,Mobile,798.4
ORD501418,2026-06-24,Wednesday,18:50,İzmir,Bornova,CUST10563,New,Male,22.0,Elektronik,Akıllı Saat,2,3499,5,Wallet,EMP_02,Web,6648.1
ORD501419,2026-06-04,Thursday,17:30,İzmir,Bornova,CUST10263,Returning,Female,62.0,Elektronik,Bluetooth Kulaklık,1,1299,0,Bank Transfer,EMP_17,Web,1299.0
ORD501420,2026-06-18,Thursday,19:40,İstanbul,Bakırköy,CUST10424,New,Female,40.0,Elektronik,Kablosuz Mouse,3,499,0,PayPal,EMP_03,Web,1497.0
ORD501421,2026-06-05,Friday,15:05,İzmir,Karşıyaka,CUST11835,New,Male,37.0,Ev,French Press,2,649,0,Card,EMP_16,Web,1298.0
ORD501422,2026-06-28,Sunday,12:05,Bursa,Nilüfer,CUST10998,Returning,Male,26.0,Spor,Yoga Matı,3,699,0,Wallet,EMP_08,Mobile,2097.0
ORD501423,2026-06-20,Saturday,18:05,Ankara,Çankaya,CUST10482,Returning,Female,31.0,Spor,Dambıl Seti,4,1899,0,PayPal,EMP_04,Mobile,7596.0
ORD501424,2026-06-15,Monday,20:35,İstanbul,Şişli,CUST10873,New,Male,56.0,Ev,Masa Lambası,1,899,20,Card,EMP_02,Mobile,719.2
ORD501425,2026-06-04,Thursday,20:30,Ankara,Yenimahalle,CUST11077,New,Female,28.0,Elektronik,Laptop Standı,2,999,0,Bank Transfer,EMP_07,Web,1998.0
ORD501426,2026-06-14,Sunday,19:05,Konya,Selçuklu,CUST10245,New,Male,55.0,Kozmetik,Şampuan,2,319,5,Bank Transfer,EMP_07,Web,606.1
ORD501427,2026-06-24,Wednesday,15:45,Ankara,Yenimahalle,CUST11575,Returning,Female,60.0,Spor,Pilates Bandı,1,349,0,Wallet,EMP_18,Mobile,349.0
ORD501428,2026-06-27,Saturday,09:10,Eskişehir,Odunpazarı,CUST11768,Returning,Female,65.0,Kitap,Kişisel Gelişim,2,349,0,Wallet,EMP_12,Mobile,698.0
ORD501429,2026-06-14,Sunday,19:10,Konya,Selçuklu,CUST11419,Returning,Female,60.0,Elektronik,Laptop Standı,4,999,20,Wallet,EMP_25,Mobile,3196.8
ORD501430,2026-06-30,Tuesday,18:45,İstanbul,Şişli,CUST10492,Returning,Male,41.0,Kitap,Finans,4,459,0,Card,EMP_21,Web,1836.0
ORD501431,2026-06-22,Monday,12:00,Gaziantep,Şehitkamil,CUST11951,Returning,Female,25.0,Ofis,Masa Düzenleyici,1,399,0,Wallet,EMP_02,Mobile,399.0
ORD501432,2026-06-01,Monday,18:50,Antalya,Muratpaşa,CUST10443,Returning,Female,38.0,Kozmetik,Yüz Temizleyici,1,429,10,Card,EMP_30,Mobile,386.1
ORD501433,2026-06-05,Friday,19:15,İzmir,Karşıyaka,CUST11704,Returning,Male,61.0,Kozmetik,Serum,2,899,0,Card,EMP_07,Mobile,1798.0
ORD501434,2026-06-22,Monday,17:45,İstanbul,Şişli,CUST10524,New,Female,25.0,Ofis,Ajanda,1,319,0,Bank Transfer,EMP_23,Web,319.0
ORD501435,2026-06-04,Thursday,13:45,İstanbul,Bakırköy,CUST11448,New,Female,59.0,Kitap,Kişisel Gelişim,3,349,5,Wallet,EMP_25,Mobile,994.65
ORD501436,2026-06-17,Wednesday,19:35,Bursa,Nilüfer,CUST11964,New,Male,65.0,Elektronik,Kablosuz Mouse,1,499,0,Unknown,EMP_18,Web,499.0
ORD501437,2026-06-19,Friday,21:40,Bursa,Nilüfer,CUST10671,Returning,Female,28.0,Elektronik,Bluetooth Kulaklık,1,1299,15,Card,EMP_18,Mobile,1104.15
ORD501438,2026-06-02,Tuesday,14:45,Antalya,Muratpaşa,CUST10228,New,Male,33.0,Ev,Termos,1,549,0,Wallet,EMP_15,Mobile,549.0
ORD501439,2026-06-21,Sunday,18:15,İzmir,Karşıyaka,CUST10890,New,Male,40.0,Kozmetik,Güneş Kremi,2,599,5,Wallet,EMP_21,Mobile,1138.1
ORD501440,2026-06-24,Wednesday,17:55,İstanbul,Bakırköy,CUST10522,Returning,Male,29.0,Elektronik,Laptop Standı,1,999,0,Wallet,EMP_30,Web,999.0
ORD501441,2026-06-30,Tuesday,20:35,Antalya,Muratpaşa,CUST11958,Returning,Female,37.0,Kozmetik,Serum,1,899,15,PayPal,EMP_28,Web,764.15
ORD501442,2026-06-28,Sunday,20:20,Gaziantep,Şehitkamil,CUST11342,Returning,Male,32.0,Elektronik,Kablosuz Mouse,3,499,15,Bank Transfer,EMP_27,Web,1272.45
ORD501443,2026-06-22,Monday,17:40,Kocaeli,İzmit,CUST11191,New,Male,31.0,Kitap,Kişisel Gelişim,2,349,10,PayPal,EMP_26,Mobile,628.2
ORD501444,2026-06-18,Thursday,16:35,Antalya,Muratpaşa,CUST10363,New,Female,63.0,Spor,Yoga Matı,4,699,0,Card,EMP_27,Mobile,2796.0
ORD501445,2026-06-26,Friday,12:10,İzmir,Karşıyaka,CUST10573,New,Female,60.0,Kitap,Veri Analizi 101,1,549,0,PayPal,EMP_03,Web,549.0
ORD501446,2026-06-04,Thursday,12:30,İzmir,Bornova,CUST11160,Returning,Female,35.0,Kozmetik,Yüz Temizleyici,1,429,0,PayPal,EMP_06,Mobile,429.0
ORD501447,2026-06-05,Friday,18:10,İstanbul,Şişli,CUST10148,Returning,Male,32.0,Ofis,Monitör Yükseltici,2,1199,0,Bank Transfer,EMP_03,Mobile,2398.0
ORD501448,2026-06-11,Thursday,15:25,Bursa,Nilüfer,CUST10726,Returning,Female,64.0,Ofis,Kalem Seti,1,229,20,Card,EMP_08,Mobile,183.2
ORD501449,2026-06-15,Monday,10:05,Adana,Seyhan,CUST10772,New,Female,50.0,Kozmetik,Serum,1,899,0,Wallet,EMP_22,Web,899.0
ORD501450,2026-06-09,Tuesday,17:50,İzmir,Bornova,CUST10527,Returning,Male,59.0,Kozmetik,Şampuan,2,319,0,Bank Transfer,EMP_06,Mobile,638.0
ORD501451,2026-06-06,Saturday,18:20,Ankara,Çankaya,CUST10412,New,Female,51.0,Spor,Suluk,4,249,0,Card,EMP_30,Mobile,996.0
ORD501452,2026-06-27,Saturday,12:05,İzmir,Karşıyaka,CUST10444,Returning,Male,,Ofis,Kalem Seti,1,229,10,Card,EMP_30,Mobile,206.1
ORD501453,2026-06-11,Thursday,17:45,Ankara,Yenimahalle,CUST10380,Returning,Female,43.0,Kitap,Bilim,1,429,10,Bank Transfer,EMP_07,Mobile,386.1
ORD501454,2026-06-05,Friday,14:50,İstanbul,Kadıköy,CUST11913,New,Male,28.0,Ev,Saklama Kabı,3,299,0,Card,EMP_17,Mobile,897.0
ORD501455,2026-06-27,Saturday,18:50,Gaziantep,Şehitkamil,CUST11052,New,Male,20.0,Ev,Termos,3,549,0,PayPal,EMP_13,Web,1647.0
ORD501456,2026-06-29,Monday,17:20,İstanbul,Bakırköy,CUST11940,Returning,Male,47.0,Elektronik,Laptop Standı,1,999,0,Bank Transfer,EMP_27,Mobile,999.0
ORD501457,2026-06-30,Tuesday,13:55,Eskişehir,Odunpazarı,CUST10150,New,Male,25.0,Elektronik,Bluetooth Kulaklık,2,1299,0,Card,EMP_13,Web,2598.0
ORD501458,2026-06-20,Saturday,15:25,Antalya,Muratpaşa,CUST10308,New,Female,19.0,Elektronik,Akıllı Saat,2,3499,5,PayPal,EMP_04,Mobile,6648.1
ORD501459,2026-06-03,Wednesday,14:55,Ankara,Yenimahalle,CUST10265,Returning,Male,64.0,Elektronik,Powerbank,1,899,10,Card,EMP_17,Mobile,809.1
ORD501460,2026-06-03,Wednesday,19:15,İstanbul,Bakırköy,CUST11281,New,Male,40.0,Ofis,Kalem Seti,1,229,0,Card,EMP_08,Mobile,229.0
ORD501461,2026-06-03,Wednesday,18:40,Ankara,Çankaya,CUST10430,Returning,Female,29.0,Spor,Suluk,2,249,10,Card,EMP_19,Mobile,448.2
ORD501462,2026-06-26,Friday,14:15,İstanbul,Kadıköy,CUST11948,New,Female,53.0,Ofis,Monitör Yükseltici,1,1199,0,Card,EMP_09,Mobile,1199.0
ORD501463,2026-06-25,Thursday,17:20,Antalya,Muratpaşa,CUST11102,New,Male,56.0,Spor,Suluk,1,249,0,PayPal,EMP_21,Mobile,249.0
ORD501464,2026-06-03,Wednesday,19:40,İstanbul,Kadıköy,CUST10932,New,Female,46.0,Ofis,Kalem Seti,1,229,5,PayPal,EMP_27,Web,217.55
ORD501465,2026-06-28,Sunday,18:30,Kocaeli,İzmit,CUST11941,New,Male,50.0,Spor,Suluk,2,249,10,Wallet,EMP_15,Web,448.2
ORD501466,2026-06-27,Saturday,18:10,İstanbul,Şişli,CUST11546,New,Female,50.0,Elektronik,Akıllı Saat,2,3499,0,Card,EMP_03,Web,6998.0
ORD501467,2026-06-27,Saturday,17:40,İzmir,Bornova,CUST10370,Returning,Female,65.0,Ofis,Ajanda,3,319,0,PayPal,EMP_20,Web,957.0
ORD501468,2026-06-14,Sunday,19:15,Eskişehir,Odunpazarı,CUST10009,New,Female,32.0,Kozmetik,Şampuan,3,319,10,Bank Transfer,EMP_05,Mobile,861.3
ORD501469,2026-06-22,Monday,10:45,İstanbul,Şişli,CUST11908,Returning,Female,65.0,Kozmetik,Yüz Temizleyici,1,429,0,PayPal,EMP_25,Web,429.0
ORD501470,2026-06-14,Sunday,13:30,Bursa,Nilüfer,CUST10752,New,Male,24.0,Ev,Termos,2,549,5,PayPal,EMP_17,Web,1043.1
ORD501471,2026-06-13,Saturday,21:20,Gaziantep,Şehitkamil,CUST11784,New,Female,22.0,Elektronik,Powerbank,1,899,10,Bank Transfer,EMP_24,Mobile,809.1
ORD501472,2026-06-02,Tuesday,09:10,İstanbul,Kadıköy,CUST11119,New,Male,46.0,Ev,Masa Lambası,3,899,5,Bank Transfer,EMP_01,Mobile,2562.15
ORD501473,2026-06-17,Wednesday,13:10,Kocaeli,İzmit,CUST11160,New,Male,53.0,Kozmetik,Güneş Kremi,1,599,15,Wallet,EMP_14,Mobile,509.15
ORD501474,2026-06-04,Thursday,20:30,Ankara,Yenimahalle,CUST10102,Returning,Female,48.0,Elektronik,Bluetooth Kulaklık,1,1299,0,PayPal,EMP_22,Web,1299.0
ORD501475,2026-06-17,Wednesday,18:35,İzmir,Karşıyaka,CUST10030,New,Female,26.0,Ev,Masa Lambası,3,899,0,PayPal,EMP_24,Mobile,2697.0
ORD501476,2026-06-26,Friday,15:15,İstanbul,Bakırköy,CUST11006,Returning,Female,61.0,Ev,Masa Lambası,2,899,0,Bank Transfer,EMP_08,Web,1798.0
ORD501477,2026-06-25,Thursday,11:00,İstanbul,Bakırköy,CUST11319,Returning,Male,57.0,Ofis,Ajanda,1,319,0,Card,EMP_10,Mobile,319.0
ORD501478,2026-06-19,Friday,18:45,İstanbul,Bakırköy,CUST10190,New,Male,32.0,Elektronik,Kablosuz Mouse,1,499,0,Card,EMP_27,Web,499.0
ORD501479,2026-06-13,Saturday,15:40,Eskişehir,Odunpazarı,CUST10853,Returning,Female,25.0,Kozmetik,Serum,1,899,0,PayPal,EMP_17,Mobile,899.0
ORD501480,2026-06-26,Friday,14:50,Adana,Seyhan,CUST10079,Returning,Male,42.0,Elektronik,Bluetooth Kulaklık,4,1299,0,PayPal,EMP_24,Mobile,5196.0
ORD501481,2026-06-16,Tuesday,14:20,İstanbul,Kadıköy,CUST10617,New,Male,57.0,Kozmetik,Yüz Temizleyici,1,429,0,Wallet,EMP_23,Mobile,429.0
ORD501482,2026-06-03,Wednesday,16:20,Kocaeli,İzmit,CUST11155,New,Female,29.0,Spor,Suluk,1,249,0,Card,EMP_19,Web,249.0
ORD501483,2026-06-15,Monday,18:50,İstanbul,Bakırköy,CUST10292,New,Female,21.0,Elektronik,Kablosuz Mouse,1,499,0,PayPal,EMP_15,Mobile,499.0
ORD501484,2026-06-27,Saturday,18:40,İstanbul,Şişli,CUST10277,New,Male,49.0,Spor,Koşu Çantası,3,499,15,PayPal,EMP_14,Web,1272.45
ORD501485,2026-06-05,Friday,18:55,Konya,Selçuklu,CUST11749,Returning,Female,45.0,Ofis,Ajanda,1,319,0,Bank Transfer,EMP_17,Mobile,319.0
ORD501486,2026-06-21,Sunday,18:40,Bursa,Nilüfer,CUST11677,Returning,Male,39.0,Elektronik,Bluetooth Kulaklık,3,1299,5,Card,EMP_11,Mobile,3702.15
ORD501487,2026-06-08,Monday,17:20,İstanbul,Kadıköy,CUST11409,Returning,Female,53.0,Kozmetik,Güneş Kremi,3,599,5,Wallet,EMP_29,Web,1707.15
ORD501488,2026-06-03,Wednesday,11:55,Gaziantep,Şehitkamil,CUST11775,Returning,Female,44.0,Elektronik,Powerbank,1,899,0,Wallet,EMP_22,Mobile,899.0
ORD501489,2026-06-09,Tuesday,19:35,İzmir,Karşıyaka,CUST11144,New,Male,24.0,Kitap,Kişisel Gelişim,2,349,10,PayPal,EMP_07,Mobile,628.2
ORD501490,2026-06-30,Tuesday,20:10,Antalya,Muratpaşa,CUST10493,Returning,Male,37.0,Elektronik,Kablosuz Mouse,1,499,0,Wallet,EMP_26,Mobile,499.0
ORD501491,2026-06-08,Monday,15:15,İstanbul,Kadıköy,CUST10552,Returning,Female,24.0,Elektronik,Laptop Standı,3,999,0,Wallet,EMP_13,Web,2997.0
ORD501492,2026-06-18,Thursday,13:05,Ankara,Çankaya,CUST11047,Returning,Male,54.0,Spor,Yoga Matı,3,699,10,Bank Transfer,EMP_25,Mobile,1887.3
ORD501493,2026-06-19,Friday,18:50,Eskişehir,Odunpazarı,CUST10418,Returning,Female,35.0,Elektronik,Laptop Standı,1,999,20,PayPal,EMP_12,Mobile,799.2
ORD501494,2026-06-17,Wednesday,11:40,İzmir,Bornova,CUST10491,New,Male,39.0,Elektronik,Laptop Standı,2,999,15,PayPal,EMP_14,Web,1698.3
ORD501495,2026-06-07,Sunday,19:00,Kocaeli,İzmit,CUST11557,Returning,Female,23.0,Elektronik,Akıllı Saat,5,3499,10,Card,EMP_24,Web,15745.5
ORD501496,2026-06-23,Tuesday,10:45,Gaziantep,Şehitkamil,CUST10355,New,Female,52.0,Ofis,Monitör Yükseltici,2,1199,10,Wallet,EMP_02,Web,2158.2
ORD501497,2026-06-19,Friday,19:20,Ankara,Yenimahalle,CUST11014,Returning,Male,57.0,Spor,Pilates Bandı,1,349,10,Bank Transfer,EMP_14,Web,314.1
ORD501498,2026-06-12,Friday,18:40,Gaziantep,Şehitkamil,CUST11272,New,Female,22.0,Spor,Pilates Bandı,1,349,0,PayPal,EMP_27,Mobile,349.0
ORD501499,2026-06-19,Friday,16:05,Bursa,Nilüfer,CUST11283,New,Female,43.0,Kozmetik,Yüz Temizleyici,1,429,0,Card,EMP_20,Web,429.0
ORD501500,2026-06-03,Wednesday,17:00,İstanbul,Bakırköy,CUST11105,Returning,Female,59.0,Ofis,Masa Düzenleyici,2,399,0,Bank Transfer,EMP_10,Mobile,798.0
ORD501501,2026-06-16,Tuesday,12:35,Kocaeli,İzmit,CUST10778,Returning,Male,65.0,Ev,Masa Lambası,1,899,0,Card,EMP_26,Web,899.0
ORD501502,2026-06-28,Sunday,17:20,Antalya,Muratpaşa,CUST11019,New,Male,42.0,Ofis,Monitör Yükseltici,1,1199,10,PayPal,EMP_24,Web,1079.1
ORD501503,2026-06-19,Friday,10:05,Ankara,Çankaya,CUST10108,Returning,Female,34.0,Spor,Dambıl Seti,4,1899,0,PayPal,EMP_27,Mobile,7596.0
ORD501504,2026-06-15,Monday,17:45,Antalya,Muratpaşa,CUST10916,Returning,Female,42.0,Ev,French Press,1,649,0,Unknown,EMP_16,Mobile,649.0
ORD501505,2026-06-07,Sunday,11:05,İstanbul,Bakırköy,CUST10367,New,Female,35.0,Ofis,Defter,1,179,0,Bank Transfer,EMP_19,Web,179.0
ORD501506,2026-06-09,Tuesday,19:05,Eskişehir,Odunpazarı,CUST10272,New,Male,26.0,Spor,Yoga Matı,1,699,20,Wallet,EMP_22,Mobile,559.2
ORD501507,2026-06-15,Monday,20:40,Konya,Selçuklu,CUST11668,Returning,Female,63.0,Spor,Dambıl Seti,1,1899,0,PayPal,EMP_23,Mobile,1899.0
ORD501508,2026-06-24,Wednesday,18:20,Eskişehir,Odunpazarı,CUST10878,Returning,Male,44.0,Ev,Blender,1,2199,0,Wallet,EMP_17,Web,2199.0
ORD501509,2026-06-19,Friday,17:40,Bursa,Nilüfer,CUST10407,New,Female,29.0,Kitap,Bilim,2,429,10,Bank Transfer,EMP_27,Mobile,772.2
ORD501510,2026-06-07,Sunday,17:35,Adana,Seyhan,CUST11926,Returning,Male,62.0,Ev,French Press,3,649,10,Bank Transfer,EMP_15,Mobile,1752.3
ORD501511,2026-06-22,Monday,20:35,İstanbul,Kadıköy,CUST11330,New,Male,57.0,Spor,Yoga Matı,1,699,10,Bank Transfer,EMP_18,Mobile,629.1
ORD501512,2026-06-02,Tuesday,17:20,İstanbul,Şişli,CUST11090,New,Female,39.0,Spor,Yoga Matı,1,699,10,Wallet,EMP_26,Mobile,629.1
ORD501513,2026-06-12,Friday,11:45,İstanbul,Bakırköy,CUST11963,New,Male,33.0,Ofis,Masa Düzenleyici,1,399,0,Card,EMP_26,Web,399.0
ORD501514,2026-06-04,Thursday,20:40,İstanbul,Bakırköy,CUST11541,New,Male,51.0,Elektronik,Bluetooth Kulaklık,2,1299,0,Wallet,EMP_11,Web,2598.0
ORD501515,2026-06-23,Tuesday,19:35,İstanbul,Bakırköy,CUST11678,Returning,Male,36.0,Elektronik,Akıllı Saat,1,3499,10,Card,EMP_02,Mobile,3149.1
ORD501516,2026-06-02,Tuesday,20:30,Antalya,Muratpaşa,CUST10341,Returning,Female,55.0,Spor,Suluk,1,249,5,Card,EMP_24,Web,236.55
ORD501517,2026-06-04,Thursday,18:15,İstanbul,Kadıköy,CUST10422,New,Male,45.0,Spor,Koşu Çantası,1,499,5,Bank Transfer,EMP_25,Mobile,474.05
ORD501518,2026-06-24,Wednesday,15:35,Gaziantep,Şehitkamil,CUST10420,Returning,Male,59.0,Kitap,Veri Analizi 101,1,549,0,PayPal,EMP_23,Mobile,549.0
ORD501519,2026-06-14,Sunday,16:45,İstanbul,Şişli,CUST11293,Returning,Female,33.0,Kitap,Roman,5,299,5,Card,EMP_17,Web,1420.25
ORD501520,2026-06-22,Monday,15:50,Konya,Selçuklu,CUST11727,Returning,Female,62.0,Spor,Pilates Bandı,1,349,5,Card,EMP_09,Web,331.55
ORD501521,2026-06-03,Wednesday,20:45,Bursa,Nilüfer,CUST10552,Returning,Male,28.0,Elektronik,Powerbank,2,899,5,Card,EMP_14,Mobile,1708.1
ORD501522,2026-06-22,Monday,17:50,Konya,Selçuklu,CUST11270,Returning,Male,41.0,Spor,Yoga Matı,1,699,10,Wallet,EMP_11,Web,629.1
ORD501523,2026-06-10,Wednesday,11:05,Antalya,Muratpaşa,CUST11873,New,Male,40.0,Elektronik,Laptop Standı,1,999,10,PayPal,EMP_21,Web,899.1
ORD501524,2026-06-12,Friday,16:30,Gaziantep,Şehitkamil,CUST10481,Returning,Male,23.0,Elektronik,Akıllı Saat,3,3499,20,Card,EMP_17,Web,8397.6
ORD501525,2026-06-23,Tuesday,18:50,İstanbul,Kadıköy,CUST10828,Returning,Male,52.0,Kozmetik,Yüz Temizleyici,1,429,15,Wallet,EMP_27,Web,364.65
ORD501526,2026-06-07,Sunday,16:40,İstanbul,Şişli,CUST10278,New,Female,36.0,Elektronik,Bluetooth Kulaklık,3,1299,10,PayPal,EMP_12,Web,3507.3
ORD501527,2026-06-15,Monday,19:00,İzmir,Karşıyaka,CUST11795,Returning,Female,41.0,Elektronik,Bluetooth Kulaklık,1,1299,10,Card,EMP_04,Mobile,1169.1
ORD501528,2026-06-28,Sunday,20:45,Adana,Seyhan,CUST10477,New,Female,61.0,Kitap,Kişisel Gelişim,2,349,5,Card,EMP_17,Mobile,663.1
ORD501529,2026-06-02,Tuesday,17:50,İstanbul,Bakırköy,CUST10154,Returning,Female,20.0,Ev,Masa Lambası,3,899,5,Wallet,EMP_27,Web,2562.15
ORD501530,2026-06-19,Friday,18:35,Ankara,Yenimahalle,CUST10303,New,Male,43.0,Ofis,Kalem Seti,3,229,0,Card,EMP_11,Web,687.0
ORD501531,2026-06-16,Tuesday,21:25,Antalya,Muratpaşa,CUST11523,Returning,Female,61.0,Kozmetik,Serum,1,899,5,PayPal,EMP_23,Web,854.05
ORD501532,2026-06-08,Monday,09:30,Ankara,Yenimahalle,CUST11085,Returning,Female,21.0,Spor,Suluk,5,249,10,Bank Transfer,EMP_25,Mobile,1120.5
ORD501533,2026-06-16,Tuesday,16:05,Ankara,Yenimahalle,CUST10495,Returning,Female,65.0,Ev,Saklama Kabı,3,299,10,Unknown,EMP_11,Mobile,807.3
ORD501534,2026-06-05,Friday,10:20,İstanbul,Bakırköy,CUST11242,New,Female,22.0,Kozmetik,Parfüm,2,1799,0,Wallet,EMP_06,Web,3598.0
ORD501535,2026-06-09,Tuesday,18:35,Antalya,Muratpaşa,CUST10315,Returning,Female,45.0,Kozmetik,Serum,3,899,0,Card,EMP_25,Mobile,2697.0
ORD501536,2026-06-17,Wednesday,11:15,Bursa,Nilüfer,CUST10544,New,Male,47.0,Spor,Suluk,1,249,10,Wallet,EMP_15,Mobile,224.1
ORD501537,2026-06-25,Thursday,18:05,Antalya,Muratpaşa,CUST10378,Returning,Male,49.0,Kozmetik,Şampuan,1,319,0,PayPal,EMP_08,Web,319.0
ORD501538,2026-06-23,Tuesday,17:55,İstanbul,Kadıköy,CUST11954,Returning,Female,,Ev,French Press,1,649,0,Card,EMP_26,Web,649.0
ORD501539,2026-06-29,Monday,21:35,Eskişehir,Odunpazarı,CUST10298,Returning,Female,29.0,Kozmetik,Yüz Temizleyici,3,429,15,PayPal,EMP_19,Mobile,1093.95
ORD501540,2026-06-21,Sunday,20:10,İstanbul,Şişli,CUST11982,New,Female,37.0,Spor,Koşu Çantası,2,499,5,Card,EMP_18,Web,948.1
ORD501541,2026-06-25,Thursday,20:10,İzmir,Karşıyaka,CUST11907,New,Male,33.0,Elektronik,Powerbank,4,899,0,Bank Transfer,EMP_28,Mobile,3596.0
ORD501542,2026-06-02,Tuesday,19:40,Gaziantep,Şehitkamil,CUST10854,Returning,Female,62.0,Elektronik,Bluetooth Kulaklık,1,1299,10,Bank Transfer,EMP_29,Mobile,1169.1
ORD501543,2026-06-19,Friday,18:20,Gaziantep,Şehitkamil,CUST10282,New,Female,52.0,Ev,Termos,1,549,0,Bank Transfer,EMP_02,Mobile,549.0
ORD501544,2026-06-23,Tuesday,18:05,İstanbul,Şişli,CUST10069,New,Male,45.0,Elektronik,Powerbank,1,899,5,Bank Transfer,EMP_22,Mobile,854.05
ORD501545,2026-06-28,Sunday,20:20,İstanbul,Şişli,CUST11359,Returning,Female,48.0,Elektronik,Laptop Standı,2,999,0,Card,EMP_13,Mobile,1998.0
ORD501546,2026-06-24,Wednesday,16:15,Bursa,Nilüfer,CUST11208,Returning,Male,40.0,Kozmetik,Güneş Kremi,1,599,15,Card,EMP_28,Mobile,509.15
ORD501547,2026-06-15,Monday,17:15,İstanbul,Bakırköy,CUST11799,Returning,Male,23.0,Kitap,Finans,1,459,5,PayPal,EMP_28,Web,436.05
ORD501548,2026-06-17,Wednesday,21:40,Eskişehir,Odunpazarı,CUST11276,Returning,Female,41.0,Kitap,Veri Analizi 101,1,549,0,PayPal,EMP_27,Web,549.0
ORD501549,2026-06-28,Sunday,18:30,İstanbul,Şişli,CUST10792,Returning,Female,41.0,Spor,Suluk,3,249,0,Wallet,EMP_24,Mobile,747.0
ORD501550,2026-06-24,Wednesday,15:25,Gaziantep,Şehitkamil,CUST11166,New,Male,48.0,Ofis,Ajanda,1,319,0,Bank Transfer,EMP_08,Web,319.0
ORD501551,2026-06-23,Tuesday,18:35,İstanbul,Kadıköy,CUST11745,Returning,Female,33.0,Ev,Blender,1,2199,0,PayPal,EMP_25,Mobile,2199.0
ORD501552,2026-06-15,Monday,16:25,Bursa,Nilüfer,CUST10870,Returning,Male,26.0,Elektronik,Powerbank,4,899,10,Wallet,EMP_04,Mobile,3236.4
ORD501553,2026-06-16,Tuesday,21:50,Ankara,Yenimahalle,CUST10398,Returning,Female,36.0,Elektronik,Powerbank,4,899,5,PayPal,EMP_26,Mobile,3416.2
ORD501554,2026-06-23,Tuesday,11:15,Adana,Seyhan,CUST11219,Returning,Male,34.0,Ofis,Monitör Yükseltici,1,1199,0,Bank Transfer,EMP_12,Web,1199.0
ORD501555,2026-06-25,Thursday,15:10,Gaziantep,Şehitkamil,CUST11445,Returning,Female,42.0,Spor,Suluk,1,249,0,Bank Transfer,EMP_30,Web,249.0
ORD501556,2026-06-25,Thursday,18:00,Bursa,Nilüfer,CUST11573,Returning,Female,39.0,Elektronik,Kablosuz Mouse,1,499,5,PayPal,EMP_11,Web,474.05
ORD501557,2026-06-09,Tuesday,19:10,Adana,Seyhan,CUST10111,New,Male,59.0,Kitap,Finans,1,459,0,PayPal,EMP_29,Mobile,459.0
ORD501558,2026-06-03,Wednesday,17:55,Adana,Seyhan,CUST10566,New,Female,20.0,Spor,Suluk,2,249,10,Bank Transfer,EMP_13,Web,448.2
ORD501559,2026-06-05,Friday,20:10,Gaziantep,Şehitkamil,CUST10833,Returning,Male,44.0,Ofis,Monitör Yükseltici,2,1199,15,PayPal,EMP_09,Web,2038.3
ORD501560,2026-06-05,Friday,16:30,Gaziantep,Şehitkamil,CUST11112,New,Male,24.0,Ofis,Defter,2,179,0,PayPal,EMP_23,Mobile,358.0
ORD501561,2026-06-08,Monday,13:30,İstanbul,Kadıköy,CUST10540,New,Male,64.0,Ofis,Ajanda,4,319,10,PayPal,EMP_05,Web,1148.4
ORD501562,2026-06-16,Tuesday,17:50,İstanbul,Bakırköy,CUST10496,New,Female,30.0,Ev,Termos,1,549,10,PayPal,EMP_01,Web,494.1
ORD501563,2026-06-05,Friday,14:05,İstanbul,Bakırköy,CUST11612,New,Male,46.0,Ev,Blender,4,2199,5,PayPal,EMP_10,Mobile,8356.2
ORD501564,2026-06-12,Friday,14:55,İstanbul,Kadıköy,CUST11504,New,Male,32.0,Ev,Masa Lambası,3,899,5,Card,EMP_06,Web,2562.15
ORD501565,2026-06-10,Wednesday,13:30,Antalya,Muratpaşa,CUST11434,Returning,Female,57.0,Elektronik,Bluetooth Kulaklık,1,1299,0,Bank Transfer,EMP_22,Web,1299.0
ORD501566,2026-06-13,Saturday,15:50,Eskişehir,Odunpazarı,CUST10680,New,Female,55.0,Elektronik,Laptop Standı,1,999,0,Bank Transfer,EMP_25,Web,999.0
ORD501567,2026-06-03,Wednesday,19:40,İstanbul,Bakırköy,CUST11228,Returning,Male,56.0,Ofis,Masa Düzenleyici,3,399,0,Wallet,EMP_02,Mobile,1197.0
ORD501568,2026-06-22,Monday,18:35,İstanbul,Bakırköy,CUST11819,New,Male,54.0,Kozmetik,Yüz Temizleyici,2,429,0,PayPal,EMP_06,Web,858.0
ORD501569,2026-06-19,Friday,21:50,İstanbul,Şişli,CUST10142,Returning,Male,62.0,Ev,Termos,3,549,10,Bank Transfer,EMP_18,Web,1482.3
ORD501570,2026-06-14,Sunday,16:35,İzmir,Karşıyaka,CUST10374,Returning,Female,34.0,Ev,Masa Lambası,1,899,10,Wallet,EMP_29,Web,809.1
ORD501571,2026-06-19,Friday,11:25,İstanbul,Kadıköy,CUST10758,New,Male,50.0,Elektronik,Kablosuz Mouse,1,499,5,PayPal,EMP_26,Web,474.05
ORD501572,2026-06-11,Thursday,18:25,İstanbul,Bakırköy,CUST10489,New,Male,46.0,Elektronik,Laptop Standı,1,999,0,PayPal,EMP_16,Mobile,999.0
ORD501573,2026-06-30,Tuesday,16:25,Gaziantep,Şehitkamil,CUST11684,Returning,Female,36.0,Spor,Pilates Bandı,1,349,0,Wallet,EMP_03,Mobile,349.0
ORD501574,2026-06-19,Friday,14:30,İstanbul,Kadıköy,CUST10021,Returning,Female,25.0,Spor,Suluk,1,249,20,Bank Transfer,EMP_02,Mobile,199.2
ORD501575,2026-06-21,Sunday,16:10,İstanbul,Kadıköy,CUST11476,New,Female,57.0,Ofis,Monitör Yükseltici,1,1199,0,Card,EMP_21,Web,1199.0
ORD501576,2026-06-04,Thursday,19:20,Bursa,Nilüfer,CUST10715,New,Female,48.0,Elektronik,Kablosuz Mouse,2,499,15,Wallet,EMP_06,Mobile,848.3
ORD501577,2026-06-04,Thursday,16:15,Antalya,Muratpaşa,CUST10131,New,Male,18.0,Ev,Masa Lambası,2,899,0,PayPal,EMP_26,Web,1798.0
ORD501578,2026-06-23,Tuesday,19:00,Adana,Seyhan,CUST11191,New,Male,45.0,Spor,Dambıl Seti,1,1899,5,Bank Transfer,EMP_06,Mobile,1804.05
ORD501579,2026-06-25,Thursday,16:25,Adana,Seyhan,CUST10415,Returning,Male,55.0,Spor,Koşu Çantası,1,499,5,PayPal,EMP_13,Mobile,474.05
ORD501580,2026-06-19,Friday,16:55,Ankara,Çankaya,CUST10008,New,Female,25.0,Elektronik,Laptop Standı,2,999,10,Wallet,EMP_19,Web,1798.2
ORD501581,2026-06-18,Thursday,12:55,Adana,Seyhan,CUST10681,Returning,Male,62.0,Spor,Koşu Çantası,1,499,5,Wallet,EMP_04,Mobile,474.05
ORD501582,2026-06-03,Wednesday,17:40,Konya,Selçuklu,CUST11671,New,Female,49.0,Kitap,Kişisel Gelişim,2,349,10,Wallet,EMP_18,Mobile,628.2
ORD501583,2026-06-26,Friday,17:10,Kocaeli,İzmit,CUST10819,New,Male,23.0,Kitap,Finans,2,459,10,PayPal,EMP_02,Web,826.2
ORD501584,2026-06-06,Saturday,19:30,Ankara,Yenimahalle,CUST10067,New,Female,58.0,Kozmetik,Yüz Temizleyici,1,429,5,Bank Transfer,EMP_26,Web,407.55
ORD501585,2026-06-17,Wednesday,16:50,İstanbul,Bakırköy,CUST11710,Returning,Female,28.0,Kozmetik,Yüz Temizleyici,1,429,0,PayPal,EMP_04,Web,429.0
ORD501586,2026-06-16,Tuesday,17:35,Bursa,Nilüfer,CUST11267,Returning,Female,59.0,Ofis,Monitör Yükseltici,1,1199,15,PayPal,EMP_13,Mobile,1019.15
ORD501587,2026-06-02,Tuesday,19:05,İstanbul,Kadıköy,CUST11354,New,Male,38.0,Kitap,Veri Analizi 101,2,549,5,Wallet,EMP_17,Mobile,1043.1
ORD501588,2026-06-02,Tuesday,20:45,Bursa,Nilüfer,CUST10872,New,Female,34.0,Spor,Dambıl Seti,1,1899,0,Card,EMP_04,Web,1899.0
ORD501589,2026-06-12,Friday,21:55,İstanbul,Şişli,CUST11093,New,Female,51.0,Ev,Masa Lambası,3,899,0,Card,EMP_04,Mobile,2697.0
ORD501590,2026-06-15,Monday,15:45,Adana,Seyhan,CUST11151,Returning,Female,54.0,Elektronik,Kablosuz Mouse,3,499,0,PayPal,EMP_07,Mobile,1497.0
ORD501591,2026-06-23,Tuesday,14:10,İstanbul,Şişli,CUST11204,New,Male,49.0,Ev,Saklama Kabı,1,299,0,Wallet,EMP_24,Web,299.0
ORD501592,2026-06-19,Friday,17:10,Gaziantep,Şehitkamil,CUST10530,Returning,Female,31.0,Ev,Termos,1,549,5,Unknown,EMP_25,Mobile,521.55
ORD501593,2026-06-08,Monday,19:45,İstanbul,Bakırköy,CUST10428,New,Female,36.0,Ofis,Defter,1,179,10,PayPal,EMP_30,Web,161.1
ORD501594,2026-06-16,Tuesday,18:05,Gaziantep,Şehitkamil,CUST11586,New,Male,40.0,Elektronik,Kablosuz Mouse,2,499,15,Wallet,EMP_30,Web,848.3
ORD501595,2026-06-24,Wednesday,15:25,İstanbul,Bakırköy,CUST11061,Returning,Male,49.0,Ev,French Press,3,649,10,Bank Transfer,EMP_30,Mobile,1752.3
ORD501596,2026-06-24,Wednesday,15:10,Ankara,Çankaya,CUST10582,New,Female,46.0,Elektronik,Akıllı Saat,2,3499,20,Card,EMP_22,Mobile,5598.4
ORD501597,2026-06-09,Tuesday,18:15,Ankara,Yenimahalle,CUST10940,Returning,Male,31.0,Ev,Termos,2,549,10,Wallet,EMP_09,Mobile,988.2
ORD501598,2026-06-28,Sunday,20:40,İzmir,Karşıyaka,CUST11682,Returning,Male,60.0,Elektronik,Bluetooth Kulaklık,3,1299,5,PayPal,EMP_23,Web,3702.15
ORD501599,2026-06-12,Friday,15:25,İstanbul,Kadıköy,CUST11850,Returning,Male,34.0,Elektronik,Bluetooth Kulaklık,1,1299,0,PayPal,EMP_25,Mobile,1299.0
ORD501600,2026-06-14,Sunday,19:00,İstanbul,Şişli,CUST11675,Returning,Female,44.0,Ofis,Defter,2,179,15,Bank Transfer,EMP_13,Mobile,304.3
ORD501601,2026-06-30,Tuesday,19:20,Antalya,Muratpaşa,CUST11637,Returning,Female,34.0,Elektronik,Bluetooth Kulaklık,1,1299,10,Bank Transfer,EMP_01,Mobile,1169.1
ORD501602,2026-06-10,Wednesday,15:35,Kocaeli,İzmit,CUST10898,New,Female,39.0,Elektronik,Bluetooth Kulaklık,4,1299,0,PayPal,EMP_26,Web,5196.0
ORD501603,2026-06-29,Monday,13:50,Bursa,Nilüfer,CUST10398,New,Male,35.0,Elektronik,Akıllı Saat,5,3499,0,Bank Transfer,EMP_28,Mobile,17495.0
ORD501604,2026-06-29,Monday,17:00,İstanbul,Kadıköy,CUST11061,New,Female,37.0,Kitap,Bilim,1,429,10,PayPal,EMP_26,Web,386.1
ORD501605,2026-06-13,Saturday,19:30,İstanbul,Bakırköy,CUST10600,New,Male,37.0,Kozmetik,Parfüm,2,1799,0,Card,EMP_14,Web,3598.0
ORD501606,2026-06-09,Tuesday,18:05,İstanbul,Kadıköy,CUST11445,New,Male,30.0,Kozmetik,Güneş Kremi,1,599,0,Bank Transfer,EMP_10,Web,599.0
ORD501607,2026-06-27,Saturday,11:35,İstanbul,Şişli,CUST10771,New,Female,22.0,Kozmetik,Güneş Kremi,4,599,15,Card,EMP_27,Web,2036.6
ORD501608,2026-06-22,Monday,21:15,Konya,Selçuklu,CUST10529,Returning,Female,25.0,Elektronik,Akıllı Saat,1,3499,5,Bank Transfer,EMP_13,Mobile,3324.05
ORD501609,2026-06-13,Saturday,18:35,İstanbul,Kadıköy,CUST10791,New,Male,63.0,Spor,Yoga Matı,3,699,10,Card,EMP_02,Web,1887.3
ORD501610,2026-06-04,Thursday,16:45,Antalya,Muratpaşa,CUST10751,New,Female,39.0,Ofis,Ajanda,2,319,20,Wallet,EMP_02,Mobile,510.4
ORD501611,2026-06-30,Tuesday,18:15,İzmir,Bornova,CUST11784,Returning,Male,49.0,Ev,Blender,3,2199,0,PayPal,EMP_27,Mobile,6597.0
ORD501612,2026-06-16,Tuesday,17:40,Gaziantep,Şehitkamil,CUST11795,New,Female,39.0,Spor,Koşu Çantası,1,499,0,Card,EMP_05,Mobile,499.0
ORD501613,2026-06-29,Monday,17:25,İzmir,Bornova,CUST11084,New,Male,40.0,Spor,Koşu Çantası,2,499,20,PayPal,EMP_15,Mobile,798.4
ORD501614,2026-06-26,Friday,21:00,İzmir,Karşıyaka,CUST10890,Returning,Male,18.0,Spor,Suluk,1,249,0,Wallet,EMP_07,Mobile,249.0
ORD501615,2026-06-15,Monday,13:45,İzmir,Bornova,CUST10831,New,Male,40.0,Ofis,Masa Düzenleyici,1,399,0,Wallet,EMP_22,Mobile,399.0
ORD501616,2026-06-09,Tuesday,20:55,Ankara,Yenimahalle,CUST11650,Returning,Male,25.0,Spor,Yoga Matı,2,699,0,Card,EMP_30,Mobile,1398.0
ORD501617,2026-06-28,Sunday,13:25,İstanbul,Bakırköy,CUST10857,New,Female,23.0,Elektronik,Laptop Standı,5,999,5,Card,EMP_30,Mobile,4745.25
ORD501618,2026-06-12,Friday,13:45,Konya,Selçuklu,CUST11406,New,Male,22.0,Kitap,Veri Analizi 101,2,549,0,Wallet,EMP_16,Mobile,1098.0
ORD501619,2026-06-11,Thursday,09:25,İzmir,Karşıyaka,CUST10214,New,Female,59.0,Spor,Koşu Çantası,1,499,5,Wallet,EMP_22,Web,474.05
ORD501620,2026-06-10,Wednesday,14:05,Bursa,Nilüfer,CUST10022,New,Female,29.0,Elektronik,Bluetooth Kulaklık,3,1299,0,Wallet,EMP_04,Mobile,3897.0
ORD501621,2026-06-17,Wednesday,17:30,İzmir,Karşıyaka,CUST10192,New,Female,30.0,Ev,Masa Lambası,4,899,0,PayPal,EMP_03,Mobile,3596.0
ORD501622,2026-06-27,Saturday,10:35,İstanbul,Şişli,CUST11571,Returning,Female,47.0,Kozmetik,Yüz Temizleyici,1,429,0,Card,EMP_27,Mobile,429.0
ORD501623,2026-06-16,Tuesday,18:45,Bursa,Nilüfer,CUST11089,Returning,Female,,Spor,Suluk,2,249,0,Card,EMP_29,Web,498.0
ORD501624,2026-06-17,Wednesday,17:15,İstanbul,Bakırköy,CUST11070,Returning,Male,39.0,Ev,Blender,1,2199,15,Card,EMP_17,Web,1869.15
ORD501625,2026-06-28,Sunday,20:55,Kocaeli,İzmit,CUST11279,New,Female,29.0,Elektronik,Bluetooth Kulaklık,1,1299,20,Card,EMP_12,Web,1039.2
ORD501626,2026-06-18,Thursday,15:55,İstanbul,Bakırköy,CUST10565,Returning,Female,44.0,Kitap,Veri Analizi 101,3,549,20,Bank Transfer,EMP_17,Web,1317.6
ORD501627,2026-06-20,Saturday,18:00,İstanbul,Kadıköy,CUST10405,New,Female,62.0,Kozmetik,Yüz Temizleyici,5,429,0,Bank Transfer,EMP_26,Mobile,2145.0
ORD501628,2026-06-20,Saturday,19:25,İstanbul,Kadıköy,CUST11977,Returning,Male,43.0,Elektronik,Akıllı Saat,1,3499,10,Wallet,EMP_17,Mobile,3149.1
ORD501629,2026-06-16,Tuesday,20:15,Adana,Seyhan,CUST10324,New,Female,28.0,Kozmetik,Serum,3,899,0,Wallet,EMP_10,Web,2697.0
ORD501630,2026-06-16,Tuesday,11:10,Adana,Seyhan,CUST10907,New,Female,57.0,Elektronik,Laptop Standı,2,999,0,Wallet,EMP_10,Web,1998.0
ORD501631,2026-06-10,Wednesday,19:10,İzmir,Bornova,CUST10101,New,Male,33.0,Kitap,Veri Analizi 101,1,549,10,Card,EMP_10,Mobile,494.1
ORD501632,2026-06-05,Friday,12:55,Kocaeli,İzmit,CUST11954,New,Male,48.0,Elektronik,Akıllı Saat,3,3499,5,Bank Transfer,EMP_13,Mobile,9972.15
ORD501633,2026-06-04,Thursday,11:20,Kocaeli,İzmit,CUST11532,Returning,Female,21.0,Ev,Blender,1,2199,0,Wallet,EMP_03,Mobile,2199.0
ORD501634,2026-06-20,Saturday,20:00,İstanbul,Kadıköy,CUST10503,Returning,Male,33.0,Elektronik,Laptop Standı,3,999,15,PayPal,EMP_30,Web,2547.45
ORD501635,2026-06-01,Monday,20:35,Eskişehir,Odunpazarı,CUST11097,Returning,Female,50.0,Elektronik,Laptop Standı,2,999,10,PayPal,EMP_23,Mobile,1798.2
ORD501636,2026-06-20,Saturday,20:50,İzmir,Karşıyaka,CUST11203,New,Male,40.0,Spor,Suluk,1,249,0,Card,EMP_23,Mobile,249.0
ORD501637,2026-06-30,Tuesday,15:50,Eskişehir,Odunpazarı,CUST11394,New,Female,58.0,Elektronik,Laptop Standı,2,999,10,Bank Transfer,EMP_26,Mobile,1798.2
ORD501638,2026-06-13,Saturday,17:00,Kocaeli,İzmit,CUST11174,Returning,Male,56.0,Kozmetik,Parfüm,1,1799,0,PayPal,EMP_06,Mobile,1799.0
ORD501639,2026-06-29,Monday,20:10,Eskişehir,Odunpazarı,CUST10095,New,Male,20.0,Ev,Masa Lambası,2,899,0,Wallet,EMP_09,Web,1798.0
ORD501640,2026-06-14,Sunday,14:30,İstanbul,Bakırköy,CUST10783,Returning,Male,54.0,Elektronik,Powerbank,2,899,0,Card,EMP_12,Mobile,1798.0
ORD501641,2026-06-04,Thursday,20:00,Adana,Seyhan,CUST11417,New,Male,48.0,Kitap,Bilim,1,429,0,Wallet,EMP_01,Mobile,429.0
ORD501642,2026-06-12,Friday,16:05,İstanbul,Bakırköy,CUST10791,New,Male,36.0,Ev,Termos,1,549,15,Bank Transfer,EMP_17,Mobile,466.65
ORD501643,2026-06-14,Sunday,20:10,İstanbul,Kadıköy,CUST11152,Returning,Male,47.0,Spor,Dambıl Seti,3,1899,10,Card,EMP_01,Mobile,5127.3
ORD501644,2026-06-28,Sunday,18:10,İzmir,Bornova,CUST11428,New,Female,55.0,Elektronik,Powerbank,1,899,5,Bank Transfer,EMP_13,Web,854.05
ORD501645,2026-06-16,Tuesday,15:30,Adana,Seyhan,CUST10223,New,Male,24.0,Kozmetik,Yüz Temizleyici,1,429,0,Wallet,EMP_11,Mobile,429.0
ORD501646,2026-06-25,Thursday,12:55,Gaziantep,Şehitkamil,CUST11274,Returning,Male,54.0,Ev,Blender,1,2199,0,PayPal,EMP_18,Mobile,2199.0
ORD501647,2026-06-14,Sunday,16:30,İzmir,Karşıyaka,CUST11362,New,Male,49.0,Kitap,Bilim,5,429,5,Bank Transfer,EMP_23,Web,2037.75
ORD501648,2026-06-11,Thursday,11:45,Gaziantep,Şehitkamil,CUST11435,New,Female,42.0,Kitap,Kişisel Gelişim,2,349,0,Card,EMP_23,Mobile,698.0
ORD501649,2026-06-30,Tuesday,14:10,İstanbul,Şişli,CUST10929,Returning,Female,64.0,Kozmetik,Parfüm,1,1799,5,Bank Transfer,EMP_25,Mobile,1709.05
ORD501650,2026-06-21,Sunday,20:50,İstanbul,Bakırköy,CUST10023,New,Male,65.0,Ofis,Ajanda,2,319,10,PayPal,EMP_29,Mobile,574.2
ORD501651,2026-06-14,Sunday,17:55,Konya,Selçuklu,CUST10083,Returning,Male,23.0,Ofis,Kalem Seti,2,229,0,Card,EMP_30,Web,458.0
ORD501652,2026-06-07,Sunday,14:20,Antalya,Muratpaşa,CUST10922,Returning,Male,29.0,Ofis,Kalem Seti,5,229,5,Card,EMP_27,Mobile,1087.75
ORD501653,2026-06-04,Thursday,20:40,Antalya,Muratpaşa,CUST11675,New,Male,45.0,Elektronik,Akıllı Saat,1,3499,5,PayPal,EMP_16,Mobile,3324.05
ORD501654,2026-06-04,Thursday,18:30,Kocaeli,İzmit,CUST11418,New,Female,20.0,Kozmetik,Parfüm,1,1799,20,Bank Transfer,EMP_15,Web,1439.2
ORD501655,2026-06-07,Sunday,18:35,İstanbul,Şişli,CUST11851,Returning,Male,,Kozmetik,Güneş Kremi,1,599,0,Bank Transfer,EMP_28,Mobile,599.0
ORD501656,2026-06-12,Friday,16:40,Adana,Seyhan,CUST10054,New,Female,44.0,Ofis,Defter,3,179,15,Wallet,EMP_17,Mobile,456.45
ORD501657,2026-06-04,Thursday,20:20,Bursa,Nilüfer,CUST11125,New,Female,57.0,Spor,Yoga Matı,4,699,15,Wallet,EMP_16,Web,2376.6
ORD501658,2026-06-21,Sunday,21:00,Ankara,Yenimahalle,CUST11256,Returning,Male,34.0,Ev,Termos,4,549,10,PayPal,EMP_24,Mobile,1976.4
ORD501659,2026-06-29,Monday,14:00,İzmir,Karşıyaka,CUST11826,New,Female,25.0,Ev,Termos,1,549,5,PayPal,EMP_28,Web,521.55
ORD501660,2026-06-19,Friday,12:10,Antalya,Muratpaşa,CUST11507,Returning,Male,31.0,Kozmetik,Şampuan,4,319,5,Wallet,EMP_06,Web,1212.2
ORD501661,2026-06-11,Thursday,16:00,Konya,Selçuklu,CUST10388,Returning,Male,60.0,Spor,Pilates Bandı,4,349,0,Card,EMP_24,Mobile,1396.0
ORD501662,2026-06-21,Sunday,13:55,İstanbul,Kadıköy,CUST10405,Returning,Female,46.0,Kitap,Roman,3,299,15,Wallet,EMP_08,Mobile,762.45
ORD501663,2026-06-24,Wednesday,20:10,Kocaeli,İzmit,CUST10241,Returning,Male,40.0,Elektronik,Bluetooth Kulaklık,5,1299,15,Wallet,EMP_18,Mobile,5520.75
ORD501664,2026-06-11,Thursday,19:25,Kocaeli,İzmit,CUST10723,New,Female,20.0,Elektronik,Powerbank,1,899,0,Bank Transfer,EMP_05,Mobile,899.0
ORD501665,2026-06-17,Wednesday,16:45,Eskişehir,Odunpazarı,CUST11330,Returning,Male,58.0,Kitap,Finans,1,459,20,Card,EMP_01,Mobile,367.2
ORD501666,2026-06-21,Sunday,10:00,Konya,Selçuklu,CUST10334,New,Male,46.0,Elektronik,Laptop Standı,4,999,10,PayPal,EMP_05,Mobile,3596.4
ORD501667,2026-06-09,Tuesday,11:05,Ankara,Yenimahalle,CUST10802,New,Female,49.0,Elektronik,Akıllı Saat,1,3499,10,Wallet,EMP_12,Mobile,3149.1
ORD501668,2026-06-25,Thursday,14:50,İstanbul,Bakırköy,CUST10572,New,Female,,Spor,Pilates Bandı,1,349,15,Card,EMP_29,Mobile,296.65
ORD501669,2026-06-05,Friday,15:25,Kocaeli,İzmit,CUST10619,Returning,Male,54.0,Spor,Koşu Çantası,1,499,10,PayPal,EMP_28,Mobile,449.1
ORD501670,2026-06-04,Thursday,12:30,Adana,Seyhan,CUST11751,Returning,Male,48.0,Elektronik,Laptop Standı,3,999,0,Wallet,EMP_18,Web,2997.0
ORD501671,2026-06-27,Saturday,17:25,Bursa,Nilüfer,CUST11450,New,Female,20.0,Kitap,Veri Analizi 101,1,549,10,Card,EMP_03,Mobile,494.1
ORD501672,2026-06-14,Sunday,20:05,Antalya,Muratpaşa,CUST11267,New,Male,24.0,Ofis,Defter,5,179,0,PayPal,EMP_27,Mobile,895.0
ORD501673,2026-06-12,Friday,20:25,Bursa,Nilüfer,CUST10829,Returning,Male,,Elektronik,Akıllı Saat,1,3499,15,Wallet,EMP_30,Web,2974.15
ORD501674,2026-06-30,Tuesday,18:55,Ankara,Çankaya,CUST11612,New,Female,44.0,Ofis,Kalem Seti,2,229,10,Wallet,EMP_25,Web,412.2
ORD501675,2026-06-11,Thursday,21:45,Antalya,Muratpaşa,CUST11789,New,Female,49.0,Elektronik,Bluetooth Kulaklık,3,1299,5,Card,EMP_22,Mobile,3702.15
ORD501676,2026-06-12,Friday,17:20,İstanbul,Bakırköy,CUST10120,Returning,Female,36.0,Elektronik,Bluetooth Kulaklık,2,1299,0,Wallet,EMP_20,Mobile,2598.0
ORD501677,2026-06-16,Tuesday,15:35,Adana,Seyhan,CUST10606,New,Male,28.0,Spor,Koşu Çantası,1,499,15,Card,EMP_30,Mobile,424.15
ORD501678,2026-06-02,Tuesday,20:55,İzmir,Bornova,CUST10593,Returning,Female,64.0,Elektronik,Powerbank,4,899,5,Wallet,EMP_06,Mobile,3416.2
ORD501679,2026-06-24,Wednesday,19:00,Konya,Selçuklu,CUST10619,New,Male,39.0,Ev,Blender,1,2199,5,Card,EMP_16,Web,2089.05
ORD501680,2026-06-15,Monday,17:50,Kocaeli,İzmit,CUST10232,New,Male,31.0,Elektronik,Bluetooth Kulaklık,5,1299,0,Wallet,EMP_26,Web,6495.0
ORD501681,2026-06-01,Monday,15:35,İstanbul,Bakırköy,CUST11671,Returning,Male,46.0,Spor,Dambıl Seti,1,1899,10,PayPal,EMP_26,Web,1709.1
ORD501682,2026-06-02,Tuesday,13:30,İstanbul,Şişli,CUST11738,Returning,Female,27.0,Kozmetik,Serum,1,899,5,PayPal,EMP_20,Mobile,854.05
ORD501683,2026-06-03,Wednesday,21:25,İstanbul,Şişli,CUST10670,New,Female,29.0,Kozmetik,Parfüm,1,1799,0,PayPal,EMP_04,Web,1799.0
ORD501684,2026-06-13,Saturday,12:45,İstanbul,Bakırköy,CUST11119,New,Male,21.0,Elektronik,Powerbank,2,899,10,Card,EMP_15,Mobile,1618.2
ORD501685,2026-06-06,Saturday,15:35,Ankara,Çankaya,CUST10736,Returning,Male,43.0,Ev,Masa Lambası,1,899,10,PayPal,EMP_02,Web,809.1
ORD501686,2026-06-07,Sunday,09:55,İstanbul,Kadıköy,CUST10737,Returning,Female,56.0,Ev,Blender,4,2199,20,Wallet,EMP_29,Web,7036.8
ORD501687,2026-06-26,Friday,19:15,Gaziantep,Şehitkamil,CUST10101,New,Female,20.0,Kozmetik,Şampuan,1,319,0,Card,EMP_25,Mobile,319.0
ORD501688,2026-06-23,Tuesday,18:30,Gaziantep,Şehitkamil,CUST10295,Returning,Male,60.0,Ofis,Defter,1,179,20,Bank Transfer,EMP_20,Web,143.2
ORD501689,2026-06-30,Tuesday,15:20,Ankara,Yenimahalle,CUST11574,Returning,Female,43.0,Elektronik,Bluetooth Kulaklık,2,1299,10,Wallet,EMP_22,Mobile,2338.2
ORD501690,2026-06-27,Saturday,17:35,İstanbul,Kadıköy,CUST11284,New,Female,25.0,Kozmetik,Yüz Temizleyici,2,429,10,Card,EMP_21,Mobile,772.2
ORD501691,2026-06-18,Thursday,20:30,Ankara,Çankaya,CUST10340,Returning,Female,49.0,Ofis,Masa Düzenleyici,1,399,20,Bank Transfer,EMP_26,Mobile,319.2
ORD501692,2026-06-22,Monday,16:10,Ankara,Çankaya,CUST10672,Returning,Female,37.0,Elektronik,Laptop Standı,1,999,0,Card,EMP_29,Mobile,999.0
ORD501693,2026-06-30,Tuesday,17:45,İzmir,Bornova,CUST10248,Returning,Male,37.0,Elektronik,Powerbank,3,899,5,Wallet,EMP_17,Web,2562.15
ORD501694,2026-06-07,Sunday,19:10,İstanbul,Şişli,CUST11734,New,Male,29.0,Ev,Saklama Kabı,2,299,0,Bank Transfer,EMP_27,Mobile,598.0
ORD501695,2026-06-29,Monday,17:40,İstanbul,Bakırköy,CUST10482,New,Female,59.0,Ev,French Press,1,649,5,Bank Transfer,EMP_03,Mobile,616.55
ORD501696,2026-06-28,Sunday,17:50,Adana,Seyhan,CUST10591,Returning,Male,52.0,Spor,Yoga Matı,1,699,5,Wallet,EMP_05,Mobile,664.05
ORD501697,2026-06-12,Friday,18:20,İzmir,Karşıyaka,CUST10901,Returning,Male,42.0,Ofis,Kalem Seti,1,229,5,Card,EMP_01,Mobile,217.55
ORD501698,2026-06-23,Tuesday,15:30,Ankara,Yenimahalle,CUST10964,New,Male,64.0,Ev,Saklama Kabı,1,299,0,Bank Transfer,EMP_04,Web,299.0
ORD501699,2026-06-29,Monday,14:20,Eskişehir,Odunpazarı,CUST11156,Returning,Female,64.0,Elektronik,Akıllı Saat,1,3499,5,PayPal,EMP_04,Mobile,3324.05
ORD501700,2026-06-27,Saturday,13:25,Adana,Seyhan,CUST11569,Returning,Female,58.0,Elektronik,Kablosuz Mouse,2,499,10,Wallet,EMP_21,Web,898.2
ORD501701,2026-06-12,Friday,10:00,İstanbul,Bakırköy,CUST10250,New,Male,20.0,Ev,Blender,1,2199,0,Unknown,EMP_13,Mobile,2199.0
ORD501702,2026-06-29,Monday,21:10,İstanbul,Bakırköy,CUST11137,New,Female,64.0,Ofis,Monitör Yükseltici,4,1199,10,Card,EMP_27,Web,4316.4
ORD501703,2026-06-08,Monday,14:35,İstanbul,Şişli,CUST10736,Returning,Female,45.0,Spor,Suluk,1,249,15,Card,EMP_20,Mobile,211.65
ORD501704,2026-06-01,Monday,11:05,Ankara,Yenimahalle,CUST10333,Returning,Male,62.0,Ofis,Monitör Yükseltici,1,1199,0,PayPal,EMP_29,Web,1199.0
ORD501705,2026-06-12,Friday,10:45,Eskişehir,Odunpazarı,CUST11391,New,Male,56.0,Elektronik,Powerbank,2,899,0,Wallet,EMP_14,Mobile,1798.0
ORD501706,2026-06-16,Tuesday,12:45,İstanbul,Kadıköy,CUST11648,New,Female,53.0,Spor,Dambıl Seti,1,1899,5,Card,EMP_09,Mobile,1804.05
ORD501707,2026-06-03,Wednesday,16:10,Antalya,Muratpaşa,CUST11964,New,Male,46.0,Kozmetik,Serum,1,899,15,Card,EMP_14,Mobile,764.15
ORD501708,2026-06-19,Friday,18:25,Adana,Seyhan,CUST11589,New,Male,50.0,Elektronik,Kablosuz Mouse,1,499,0,PayPal,EMP_28,Web,499.0
ORD501709,2026-06-03,Wednesday,09:40,Gaziantep,Şehitkamil,CUST11461,Returning,Female,32.0,Ofis,Defter,1,179,10,Bank Transfer,EMP_13,Web,161.1
ORD501710,2026-06-05,Friday,19:05,İstanbul,Kadıköy,CUST11976,New,Male,34.0,Elektronik,Powerbank,1,899,0,Card,EMP_17,Web,899.0
ORD501711,2026-06-30,Tuesday,13:45,İstanbul,Bakırköy,CUST10362,New,Male,34.0,Ev,Saklama Kabı,1,299,0,PayPal,EMP_01,Mobile,299.0
ORD501712,2026-06-01,Monday,20:50,Konya,Selçuklu,CUST11380,Returning,Male,41.0,Spor,Suluk,1,249,15,Wallet,EMP_03,Web,211.65
ORD501713,2026-06-07,Sunday,15:55,İzmir,Karşıyaka,CUST10374,New,Female,32.0,Kozmetik,Güneş Kremi,1,599,0,PayPal,EMP_12,Mobile,599.0
ORD501714,2026-06-24,Wednesday,15:50,Gaziantep,Şehitkamil,CUST11101,New,Male,49.0,Kozmetik,Güneş Kremi,2,599,0,Wallet,EMP_07,Mobile,1198.0
ORD501715,2026-06-02,Tuesday,19:15,Antalya,Muratpaşa,CUST10277,New,Female,21.0,Elektronik,Kablosuz Mouse,1,499,5,Bank Transfer,EMP_24,Web,474.05
ORD501716,2026-06-17,Wednesday,14:45,Konya,Selçuklu,CUST10187,New,Female,42.0,Kozmetik,Şampuan,4,319,20,Bank Transfer,EMP_23,Mobile,1020.8
ORD501717,2026-06-21,Sunday,19:30,İzmir,Karşıyaka,CUST10085,Returning,Male,35.0,Elektronik,Laptop Standı,4,999,10,Wallet,EMP_19,Web,3596.4
ORD501718,2026-06-24,Wednesday,12:50,Adana,Seyhan,CUST11063,New,Female,51.0,Kitap,Veri Analizi 101,1,549,0,Wallet,EMP_21,Mobile,549.0
ORD501719,2026-06-24,Wednesday,20:10,Ankara,Çankaya,CUST11848,New,Male,55.0,Kitap,Veri Analizi 101,1,549,10,Card,EMP_20,Mobile,494.1
ORD501720,2026-06-24,Wednesday,10:15,İzmir,Bornova,CUST10382,Returning,Male,35.0,Ev,Masa Lambası,2,899,5,Bank Transfer,EMP_06,Mobile,1708.1
ORD501721,2026-06-18,Thursday,15:00,Gaziantep,Şehitkamil,CUST10178,Returning,Male,51.0,Spor,Suluk,1,249,15,Bank Transfer,EMP_19,Mobile,211.65
ORD501722,2026-06-28,Sunday,19:25,İstanbul,Şişli,CUST10750,New,Female,35.0,Kozmetik,Güneş Kremi,2,599,10,Wallet,EMP_22,Web,1078.2
ORD501723,2026-06-12,Friday,20:15,İstanbul,Şişli,CUST10013,New,Male,41.0,Ofis,Kalem Seti,1,229,15,PayPal,EMP_15,Mobile,194.65
ORD501724,2026-06-13,Saturday,16:10,İzmir,Karşıyaka,CUST10226,Returning,Female,49.0,Spor,Pilates Bandı,4,349,15,Wallet,EMP_17,Mobile,1186.6
ORD501725,2026-06-13,Saturday,17:10,Konya,Selçuklu,CUST11692,Returning,Female,36.0,Ofis,Kalem Seti,5,229,5,Card,EMP_22,Mobile,1087.75
ORD501726,2026-06-16,Tuesday,19:40,Eskişehir,Odunpazarı,CUST11893,New,Female,26.0,Elektronik,Bluetooth Kulaklık,2,1299,10,Wallet,EMP_23,Mobile,2338.2
ORD501727,2026-06-23,Tuesday,12:10,Konya,Selçuklu,CUST11549,Returning,Female,58.0,Kozmetik,Şampuan,1,319,0,Card,EMP_08,Mobile,319.0
ORD501728,2026-06-05,Friday,17:25,İstanbul,Şişli,CUST10441,New,Male,29.0,Elektronik,Kablosuz Mouse,1,499,10,Wallet,EMP_03,Mobile,449.1
ORD501729,2026-06-18,Thursday,18:55,Konya,Selçuklu,CUST10824,New,Male,61.0,Kozmetik,Şampuan,3,319,20,Wallet,EMP_16,Web,765.6
ORD501730,2026-06-22,Monday,21:35,Bursa,Nilüfer,CUST11638,New,Female,20.0,Ofis,Defter,1,179,0,Bank Transfer,EMP_29,Web,179.0
ORD501731,2026-06-29,Monday,21:25,İzmir,Karşıyaka,CUST11567,Returning,Female,,Elektronik,Akıllı Saat,3,3499,0,Card,EMP_24,Web,10497.0
ORD501732,2026-06-06,Saturday,16:50,Ankara,Yenimahalle,CUST11115,Returning,Female,24.0,Kozmetik,Şampuan,1,319,0,Bank Transfer,EMP_15,Web,319.0
ORD501733,2026-06-22,Monday,20:55,İstanbul,Kadıköy,CUST11938,Returning,Male,56.0,Spor,Yoga Matı,1,699,0,PayPal,EMP_08,Mobile,699.0
ORD501734,2026-06-12,Friday,17:50,Gaziantep,Şehitkamil,CUST11187,Returning,Male,52.0,Spor,Yoga Matı,5,699,0,PayPal,EMP_08,Web,3495.0
ORD501735,2026-06-27,Saturday,15:15,İstanbul,Kadıköy,CUST11907,Returning,Male,,Elektronik,Akıllı Saat,2,3499,0,PayPal,EMP_13,Mobile,6998.0
ORD501736,2026-06-12,Friday,18:50,İzmir,Karşıyaka,CUST10092,New,Female,46.0,Ev,Masa Lambası,2,899,0,PayPal,EMP_11,Mobile,1798.0
ORD501737,2026-06-26,Friday,18:45,Bursa,Nilüfer,CUST10378,New,Female,44.0,Spor,Pilates Bandı,1,349,0,Card,EMP_26,Mobile,349.0
ORD501738,2026-06-30,Tuesday,14:10,Eskişehir,Odunpazarı,CUST10274,New,Male,40.0,Spor,Koşu Çantası,4,499,0,Wallet,EMP_10,Mobile,1996.0
ORD501739,2026-06-14,Sunday,19:20,İstanbul,Bakırköy,CUST11111,Returning,Male,43.0,Elektronik,Bluetooth Kulaklık,2,1299,0,Bank Transfer,EMP_03,Mobile,2598.0
ORD501740,2026-06-08,Monday,20:00,Kocaeli,İzmit,CUST10604,New,Male,62.0,Elektronik,Kablosuz Mouse,2,499,20,Wallet,EMP_30,Web,798.4
ORD501741,2026-06-15,Monday,17:30,İzmir,Bornova,CUST11884,Returning,Male,57.0,Elektronik,Laptop Standı,1,999,0,Card,EMP_19,Web,999.0
ORD501742,2026-06-24,Wednesday,18:40,Antalya,Muratpaşa,CUST11562,New,Female,40.0,Ev,French Press,2,649,5,Card,EMP_15,Mobile,1233.1
ORD501743,2026-06-10,Wednesday,17:05,Antalya,Muratpaşa,CUST10666,Returning,Male,27.0,Ofis,Masa Düzenleyici,1,399,0,Wallet,EMP_15,Web,399.0
ORD501744,2026-06-19,Friday,14:30,Adana,Seyhan,CUST11035,New,Male,35.0,Ofis,Masa Düzenleyici,1,399,5,Bank Transfer,EMP_28,Web,379.05
ORD501745,2026-06-27,Saturday,18:55,İstanbul,Kadıköy,CUST10084,New,Male,43.0,Ev,Saklama Kabı,2,299,10,PayPal,EMP_16,Mobile,538.2
ORD501746,2026-06-19,Friday,18:05,Ankara,Yenimahalle,CUST10792,New,Female,59.0,Ofis,Kalem Seti,1,229,10,PayPal,EMP_02,Web,206.1
ORD501747,2026-06-23,Tuesday,09:35,Ankara,Çankaya,CUST11128,Returning,Female,54.0,Kozmetik,Yüz Temizleyici,1,429,0,Card,EMP_21,Web,429.0
ORD501748,2026-06-18,Thursday,15:30,Bursa,Nilüfer,CUST10865,New,Female,30.0,Ofis,Ajanda,1,319,0,PayPal,EMP_18,Mobile,319.0
ORD501749,2026-06-03,Wednesday,20:10,Gaziantep,Şehitkamil,CUST10891,New,Male,40.0,Elektronik,Kablosuz Mouse,1,499,5,Card,EMP_02,Web,474.05
ORD501750,2026-06-15,Monday,09:45,Ankara,Çankaya,CUST11243,New,Male,26.0,Kozmetik,Serum,4,899,0,PayPal,EMP_13,Mobile,3596.0
ORD501751,2026-06-13,Saturday,18:10,Antalya,Muratpaşa,CUST11000,New,Female,65.0,Ev,Termos,1,549,20,Bank Transfer,EMP_01,Mobile,439.2
ORD501752,2026-06-02,Tuesday,19:45,Gaziantep,Şehitkamil,CUST11342,Returning,Male,51.0,Elektronik,Bluetooth Kulaklık,1,1299,0,Wallet,EMP_03,Mobile,1299.0
ORD501753,2026-06-12,Friday,20:20,Antalya,Muratpaşa,CUST10177,New,Female,21.0,Ofis,Masa Düzenleyici,1,399,5,PayPal,EMP_24,Mobile,379.05
ORD501754,2026-06-05,Friday,10:00,Adana,Seyhan,CUST10434,New,Male,,Ofis,Kalem Seti,3,229,0,PayPal,EMP_27,Mobile,687.0
ORD501755,2026-06-16,Tuesday,21:00,Eskişehir,Odunpazarı,CUST10560,New,Male,57.0,Elektronik,Laptop Standı,1,999,0,PayPal,EMP_11,Web,999.0
ORD501756,2026-06-30,Tuesday,18:00,Konya,Selçuklu,CUST11075,Returning,Female,51.0,Kitap,Finans,1,459,10,PayPal,EMP_10,Web,413.1
ORD501757,2026-06-24,Wednesday,21:40,İzmir,Bornova,CUST11628,New,Female,29.0,Ev,French Press,1,649,5,PayPal,EMP_26,Mobile,616.55
ORD501758,2026-06-02,Tuesday,09:35,İstanbul,Kadıköy,CUST11253,Returning,Female,21.0,Kozmetik,Serum,1,899,10,Card,EMP_26,Web,809.1
ORD501759,2026-06-01,Monday,12:40,İstanbul,Kadıköy,CUST11506,New,Female,54.0,Elektronik,Bluetooth Kulaklık,5,1299,0,Card,EMP_03,Mobile,6495.0
ORD501760,2026-06-04,Thursday,09:55,İstanbul,Şişli,CUST10582,Returning,Female,65.0,Ev,Termos,2,549,10,Wallet,EMP_12,Mobile,988.2
ORD501761,2026-06-17,Wednesday,15:10,Adana,Seyhan,CUST11318,New,Male,37.0,Elektronik,Powerbank,1,899,5,Card,EMP_21,Mobile,854.05
ORD501762,2026-06-06,Saturday,21:10,İzmir,Bornova,CUST10888,Returning,Female,58.0,Spor,Yoga Matı,2,699,0,PayPal,EMP_28,Mobile,1398.0
ORD501763,2026-06-05,Friday,12:05,Antalya,Muratpaşa,CUST10560,New,Female,49.0,Kitap,Roman,2,299,0,Wallet,EMP_14,Web,598.0
ORD501764,2026-06-14,Sunday,09:40,Konya,Selçuklu,CUST11116,Returning,Male,44.0,Ev,Blender,1,2199,15,Wallet,EMP_05,Mobile,1869.15
ORD501765,2026-06-23,Tuesday,19:50,Antalya,Muratpaşa,CUST10136,Returning,Female,20.0,Spor,Dambıl Seti,3,1899,10,Bank Transfer,EMP_10,Web,5127.3
ORD501766,2026-06-02,Tuesday,20:50,Antalya,Muratpaşa,CUST11885,Returning,Female,49.0,Ev,Blender,2,2199,10,Card,EMP_08,Mobile,3958.2
ORD501767,2026-06-04,Thursday,14:05,İstanbul,Kadıköy,CUST11742,Returning,Female,49.0,Elektronik,Laptop Standı,1,999,5,Card,EMP_02,Mobile,949.05
ORD501768,2026-06-12,Friday,18:40,İstanbul,Şişli,CUST11995,Returning,Male,21.0,Ev,Blender,3,2199,10,Bank Transfer,EMP_17,Mobile,5937.3
ORD501769,2026-06-17,Wednesday,16:15,İstanbul,Bakırköy,CUST11724,New,Male,18.0,Kozmetik,Güneş Kremi,2,599,0,Bank Transfer,EMP_11,Mobile,1198.0
ORD501770,2026-06-10,Wednesday,16:25,Antalya,Muratpaşa,CUST10684,New,Male,65.0,Ofis,Defter,1,179,0,Card,EMP_08,Mobile,179.0
ORD501771,2026-06-09,Tuesday,11:35,İzmir,Bornova,CUST10549,New,Female,38.0,Ofis,Kalem Seti,1,229,5,Bank Transfer,EMP_28,Web,217.55
ORD501772,2026-06-11,Thursday,15:25,İzmir,Bornova,CUST11026,Returning,Male,34.0,Elektronik,Kablosuz Mouse,2,499,0,Wallet,EMP_04,Mobile,998.0
ORD501773,2026-06-27,Saturday,14:35,Konya,Selçuklu,CUST10190,Returning,Male,58.0,Elektronik,Kablosuz Mouse,2,499,0,Wallet,EMP_13,Mobile,998.0
ORD501774,2026-06-21,Sunday,09:00,İstanbul,Kadıköy,CUST10067,New,Male,48.0,Kitap,Roman,1,299,0,Bank Transfer,EMP_25,Mobile,299.0
ORD501775,2026-06-23,Tuesday,16:00,İstanbul,Bakırköy,CUST11475,Returning,Male,26.0,Ofis,Masa Düzenleyici,2,399,0,Card,EMP_04,Mobile,798.0
ORD501776,2026-06-09,Tuesday,18:30,İstanbul,Kadıköy,CUST11721,Returning,Male,28.0,Kozmetik,Güneş Kremi,1,599,0,Card,EMP_25,Web,599.0
ORD501777,2026-06-16,Tuesday,18:20,Antalya,Muratpaşa,CUST11130,New,Male,36.0,Ofis,Ajanda,1,319,20,Card,EMP_23,Web,255.2
ORD501778,2026-06-06,Saturday,16:00,Konya,Selçuklu,CUST10152,New,Female,54.0,Kitap,Kişisel Gelişim,2,349,20,Wallet,EMP_01,Mobile,558.4
ORD501779,2026-06-25,Thursday,15:15,Gaziantep,Şehitkamil,CUST11496,New,Female,27.0,Elektronik,Laptop Standı,1,999,0,PayPal,EMP_07,Mobile,999.0
ORD501780,2026-06-03,Wednesday,13:20,Eskişehir,Odunpazarı,CUST11535,New,Female,38.0,Spor,Koşu Çantası,4,499,5,Bank Transfer,EMP_11,Mobile,1896.2
ORD501781,2026-06-18,Thursday,17:45,İstanbul,Şişli,CUST11668,New,Female,43.0,Ofis,Masa Düzenleyici,1,399,0,Bank Transfer,EMP_12,Web,399.0
ORD501782,2026-06-18,Thursday,10:10,Antalya,Muratpaşa,CUST10914,New,Male,21.0,Ev,French Press,2,649,10,Wallet,EMP_04,Web,1168.2
ORD501783,2026-06-28,Sunday,18:40,İstanbul,Şişli,CUST10805,Returning,Male,,Ev,Termos,1,549,10,Card,EMP_22,Mobile,494.1
ORD501784,2026-06-04,Thursday,14:35,Kocaeli,İzmit,CUST11303,New,Male,49.0,Ev,French Press,1,649,20,Bank Transfer,EMP_01,Web,519.2
ORD501785,2026-06-08,Monday,19:40,Eskişehir,Odunpazarı,CUST10306,New,Female,41.0,Ofis,Defter,3,179,0,PayPal,EMP_23,Web,537.0
ORD501786,2026-06-11,Thursday,18:35,Kocaeli,İzmit,CUST11370,New,Male,18.0,Kozmetik,Parfüm,4,1799,0,Bank Transfer,EMP_17,Mobile,7196.0
ORD501787,2026-06-13,Saturday,09:25,Eskişehir,Odunpazarı,CUST10696,New,Female,23.0,Elektronik,Laptop Standı,3,999,15,PayPal,EMP_10,Mobile,2547.45
ORD501788,2026-06-25,Thursday,19:40,Bursa,Nilüfer,CUST10231,Returning,Female,37.0,Ev,Saklama Kabı,1,299,5,Wallet,EMP_11,Mobile,284.05
ORD501789,2026-06-12,Friday,15:35,Gaziantep,Şehitkamil,CUST10594,New,Female,24.0,Elektronik,Bluetooth Kulaklık,1,1299,0,PayPal,EMP_15,Mobile,1299.0
ORD501790,2026-06-21,Sunday,19:00,Eskişehir,Odunpazarı,CUST10517,New,Female,58.0,Ofis,Ajanda,1,319,0,Card,EMP_23,Mobile,319.0
ORD501791,2026-06-09,Tuesday,17:20,Bursa,Nilüfer,CUST11380,Returning,Male,52.0,Kitap,Bilim,2,429,0,Card,EMP_17,Web,858.0
ORD501792,2026-06-17,Wednesday,18:10,Konya,Selçuklu,CUST11723,New,Male,49.0,Ev,French Press,1,649,5,Bank Transfer,EMP_30,Web,616.55
ORD501793,2026-06-18,Thursday,21:00,Kocaeli,İzmit,CUST11850,Returning,Male,54.0,Spor,Koşu Çantası,1,499,5,Card,EMP_10,Web,474.05
ORD501794,2026-06-29,Monday,10:10,İstanbul,Bakırköy,CUST11083,New,Male,29.0,Kitap,Bilim,1,429,0,Bank Transfer,EMP_12,Mobile,429.0
ORD501795,2026-06-18,Thursday,17:55,Konya,Selçuklu,CUST11160,Returning,Female,45.0,Spor,Yoga Matı,2,699,10,Card,EMP_02,Mobile,1258.2
ORD501796,2026-06-07,Sunday,20:40,İstanbul,Şişli,CUST11026,Returning,Male,30.0,Ofis,Masa Düzenleyici,1,399,0,Wallet,EMP_20,Web,399.0
ORD501797,2026-06-02,Tuesday,18:20,Kocaeli,İzmit,CUST11654,New,Male,29.0,Kozmetik,Güneş Kremi,1,599,5,Wallet,EMP_17,Mobile,569.05
ORD501798,2026-06-06,Saturday,17:25,Eskişehir,Odunpazarı,CUST10899,New,Male,21.0,Kozmetik,Serum,2,899,0,Bank Transfer,EMP_25,Mobile,1798.0
ORD501799,2026-06-26,Friday,17:35,İzmir,Karşıyaka,CUST11243,Returning,Female,21.0,Spor,Koşu Çantası,1,499,0,Wallet,EMP_23,Web,499.0
ORD501800,2026-06-07,Sunday,17:35,İstanbul,Bakırköy,CUST11161,Returning,Female,29.0,Elektronik,Laptop Standı,4,999,5,Card,EMP_18,Web,3796.2
ORD501801,2026-06-17,Wednesday,17:40,İzmir,Karşıyaka,CUST11445,Returning,Female,55.0,Kozmetik,Yüz Temizleyici,1,429,0,PayPal,EMP_10,Mobile,429.0
ORD501802,2026-06-09,Tuesday,18:00,Antalya,Muratpaşa,CUST10247,Returning,Male,22.0,Ofis,Monitör Yükseltici,2,1199,0,Card,EMP_09,Mobile,2398.0
ORD501803,2026-06-09,Tuesday,14:25,İzmir,Karşıyaka,CUST11059,Returning,Male,31.0,Ev,Termos,1,549,0,Wallet,EMP_18,Web,549.0
ORD501804,2026-06-11,Thursday,16:05,Ankara,Çankaya,CUST11894,Returning,Male,41.0,Kozmetik,Şampuan,3,319,0,Wallet,EMP_11,Mobile,957.0
ORD501805,2026-06-09,Tuesday,20:15,Eskişehir,Odunpazarı,CUST10048,Returning,Male,46.0,Kozmetik,Serum,3,899,20,Wallet,EMP_18,Mobile,2157.6
ORD501806,2026-06-09,Tuesday,20:05,Antalya,Muratpaşa,CUST10083,New,Female,34.0,Spor,Koşu Çantası,3,499,0,PayPal,EMP_26,Mobile,1497.0
ORD501807,2026-06-10,Wednesday,17:35,İstanbul,Kadıköy,CUST10250,Returning,Female,43.0,Ev,French Press,1,649,10,Card,EMP_02,Mobile,584.1
ORD501808,2026-06-02,Tuesday,15:25,Gaziantep,Şehitkamil,CUST11963,New,Female,36.0,Spor,Koşu Çantası,1,499,10,Card,EMP_27,Web,449.1
ORD501809,2026-06-06,Saturday,16:55,Adana,Seyhan,CUST11002,New,Female,40.0,Ofis,Monitör Yükseltici,2,1199,5,Wallet,EMP_24,Mobile,2278.1
ORD501810,2026-06-02,Tuesday,14:30,İstanbul,Kadıköy,CUST10869,New,Female,57.0,Ofis,Masa Düzenleyici,1,399,0,Wallet,EMP_21,Web,399.0
ORD501811,2026-06-09,Tuesday,17:10,Gaziantep,Şehitkamil,CUST10304,Returning,Male,41.0,Ofis,Kalem Seti,3,229,0,Bank Transfer,EMP_20,Mobile,687.0
ORD501812,2026-06-16,Tuesday,14:10,İstanbul,Kadıköy,CUST10006,New,Female,38.0,Elektronik,Akıllı Saat,1,3499,0,Card,EMP_10,Web,3499.0
ORD501813,2026-06-10,Wednesday,11:20,Antalya,Muratpaşa,CUST11483,Returning,Male,21.0,Ev,Masa Lambası,3,899,5,Bank Transfer,EMP_27,Web,2562.15
ORD501814,2026-06-23,Tuesday,13:10,Bursa,Nilüfer,CUST11059,Returning,Female,48.0,Ev,Blender,1,2199,15,Bank Transfer,EMP_23,Web,1869.15
ORD501815,2026-06-10,Wednesday,18:15,İstanbul,Kadıköy,CUST11864,New,Female,52.0,Ofis,Monitör Yükseltici,2,1199,0,Wallet,EMP_18,Web,2398.0
ORD501816,2026-06-29,Monday,21:25,Kocaeli,İzmit,CUST11776,Returning,Female,34.0,Elektronik,Laptop Standı,2,999,10,Wallet,EMP_15,Mobile,1798.2
ORD501817,2026-06-10,Wednesday,19:15,Eskişehir,Odunpazarı,CUST11279,New,Male,63.0,Elektronik,Kablosuz Mouse,1,499,5,PayPal,EMP_04,Mobile,474.05
ORD501818,2026-06-20,Saturday,10:10,Antalya,Muratpaşa,CUST10406,New,Female,41.0,Elektronik,Powerbank,2,899,0,PayPal,EMP_10,Mobile,1798.0
ORD501819,2026-06-02,Tuesday,12:05,Ankara,Çankaya,CUST11527,New,Male,64.0,Kozmetik,Güneş Kremi,3,599,0,Bank Transfer,EMP_09,Web,1797.0
ORD501820,2026-06-26,Friday,20:45,Ankara,Yenimahalle,CUST10205,Returning,Female,62.0,Elektronik,Powerbank,5,899,10,PayPal,EMP_25,Mobile,4045.5
ORD501821,2026-06-26,Friday,15:15,Eskişehir,Odunpazarı,CUST11803,Returning,Male,25.0,Elektronik,Powerbank,2,899,0,Bank Transfer,EMP_16,Web,1798.0
ORD501822,2026-06-14,Sunday,19:55,İstanbul,Kadıköy,CUST10497,Returning,Female,50.0,Spor,Suluk,3,249,15,Bank Transfer,EMP_29,Web,634.95
ORD501823,2026-06-06,Saturday,20:10,İstanbul,Şişli,CUST11592,Returning,Male,60.0,Ev,Saklama Kabı,2,299,10,Wallet,EMP_16,Mobile,538.2
ORD501824,2026-06-13,Saturday,09:30,İzmir,Karşıyaka,CUST11343,Returning,Male,31.0,Ofis,Monitör Yükseltici,4,1199,0,Bank Transfer,EMP_27,Mobile,4796.0
ORD501825,2026-06-24,Wednesday,18:50,Kocaeli,İzmit,CUST11161,Returning,Female,41.0,Elektronik,Laptop Standı,1,999,15,PayPal,EMP_23,Web,849.15
ORD501826,2026-06-26,Friday,11:25,Kocaeli,İzmit,CUST10364,Returning,Male,39.0,Ofis,Ajanda,5,319,15,Card,EMP_18,Mobile,1355.75
ORD501827,2026-06-26,Friday,14:55,İzmir,Karşıyaka,CUST11249,New,Female,18.0,Ev,Masa Lambası,1,899,5,Bank Transfer,EMP_15,Mobile,854.05
ORD501828,2026-06-20,Saturday,17:05,Konya,Selçuklu,CUST11567,New,Female,29.0,Spor,Pilates Bandı,2,349,0,PayPal,EMP_19,Mobile,698.0
ORD501829,2026-06-02,Tuesday,17:15,Adana,Seyhan,CUST10519,Returning,Male,37.0,Elektronik,Akıllı Saat,3,3499,0,Bank Transfer,EMP_23,Web,10497.0
ORD501830,2026-06-13,Saturday,19:25,Gaziantep,Şehitkamil,CUST10826,Returning,Female,49.0,Kitap,Finans,2,459,20,Wallet,EMP_08,Mobile,734.4
ORD501831,2026-06-11,Thursday,16:40,Bursa,Nilüfer,CUST11372,Returning,Female,53.0,Ofis,Defter,1,179,15,Wallet,EMP_07,Mobile,152.15
ORD501832,2026-06-22,Monday,18:55,Bursa,Nilüfer,CUST11416,New,Male,64.0,Elektronik,Akıllı Saat,1,3499,0,PayPal,EMP_09,Mobile,3499.0
ORD501833,2026-06-23,Tuesday,10:15,Eskişehir,Odunpazarı,CUST10351,New,Male,63.0,Elektronik,Akıllı Saat,4,3499,10,Bank Transfer,EMP_15,Mobile,12596.4
ORD501834,2026-06-19,Friday,17:30,Eskişehir,Odunpazarı,CUST10660,Returning,Female,23.0,Ofis,Masa Düzenleyici,1,399,20,PayPal,EMP_02,Web,319.2
ORD501835,2026-06-29,Monday,18:20,Antalya,Muratpaşa,CUST10381,Returning,Male,28.0,Ev,French Press,1,649,5,Bank Transfer,EMP_18,Mobile,616.55
ORD501836,2026-06-24,Wednesday,16:55,Ankara,Yenimahalle,CUST11661,New,Male,65.0,Ofis,Defter,1,179,0,Bank Transfer,EMP_17,Web,179.0
ORD501837,2026-06-23,Tuesday,19:00,Eskişehir,Odunpazarı,CUST11768,New,Female,61.0,Spor,Pilates Bandı,3,349,10,Wallet,EMP_24,Web,942.3
ORD501838,2026-06-29,Monday,17:20,İzmir,Karşıyaka,CUST11907,Returning,Female,54.0,Elektronik,Kablosuz Mouse,1,499,0,Card,EMP_28,Mobile,499.0
ORD501839,2026-06-16,Tuesday,20:45,Konya,Selçuklu,CUST11405,Returning,Female,33.0,Elektronik,Powerbank,1,899,0,PayPal,EMP_30,Web,899.0
ORD501840,2026-06-25,Thursday,19:40,Kocaeli,İzmit,CUST10246,New,Male,64.0,Elektronik,Kablosuz Mouse,3,499,5,Bank Transfer,EMP_30,Mobile,1422.15
ORD501841,2026-06-25,Thursday,11:55,İstanbul,Kadıköy,CUST11970,Returning,Male,31.0,Kitap,Roman,3,299,0,Bank Transfer,EMP_23,Web,897.0
ORD501842,2026-06-14,Sunday,19:25,Kocaeli,İzmit,CUST11802,New,Female,61.0,Spor,Koşu Çantası,1,499,5,PayPal,EMP_09,Web,474.05
ORD501843,2026-06-14,Sunday,17:30,İstanbul,Şişli,CUST10399,Returning,Male,19.0,Ev,Termos,4,549,0,Wallet,EMP_26,Mobile,2196.0
ORD501844,2026-06-01,Monday,15:45,İzmir,Karşıyaka,CUST11956,New,Female,23.0,Ofis,Masa Düzenleyici,2,399,0,Bank Transfer,EMP_09,Mobile,798.0
ORD501845,2026-06-24,Wednesday,10:00,Kocaeli,İzmit,CUST10178,Returning,Female,28.0,Kitap,Roman,1,299,0,Card,EMP_18,Mobile,299.0
ORD501846,2026-06-17,Wednesday,17:40,Kocaeli,İzmit,CUST10811,New,Female,57.0,Elektronik,Powerbank,1,899,0,Card,EMP_16,Mobile,899.0
ORD501847,2026-06-02,Tuesday,16:40,Kocaeli,İzmit,CUST10923,Returning,Female,35.0,Kozmetik,Yüz Temizleyici,1,429,0,Bank Transfer,EMP_15,Mobile,429.0
ORD501848,2026-06-13,Saturday,15:05,Konya,Selçuklu,CUST11762,New,Female,56.0,Elektronik,Akıllı Saat,1,3499,5,Bank Transfer,EMP_28,Mobile,3324.05
ORD501849,2026-06-14,Sunday,13:25,Antalya,Muratpaşa,CUST11792,Returning,Male,34.0,Spor,Suluk,4,249,0,Card,EMP_19,Web,996.0
ORD501850,2026-06-07,Sunday,17:05,Ankara,Çankaya,CUST10729,Returning,Female,28.0,Ev,Saklama Kabı,3,299,5,Bank Transfer,EMP_08,Web,852.15
ORD501851,2026-06-02,Tuesday,17:15,İzmir,Bornova,CUST11459,Returning,Male,50.0,Kozmetik,Yüz Temizleyici,1,429,0,Card,EMP_30,Web,429.0
ORD501852,2026-06-06,Saturday,20:00,İstanbul,Bakırköy,CUST10447,New,Male,23.0,Spor,Dambıl Seti,2,1899,20,Bank Transfer,EMP_05,Mobile,3038.4
ORD501853,2026-06-10,Wednesday,17:05,İzmir,Bornova,CUST11166,Returning,Female,49.0,Spor,Koşu Çantası,4,499,20,PayPal,EMP_06,Mobile,1596.8
ORD501854,2026-06-01,Monday,13:05,İstanbul,Kadıköy,CUST11776,Returning,Female,32.0,Elektronik,Kablosuz Mouse,1,499,10,PayPal,EMP_14,Web,449.1
ORD501855,2026-06-26,Friday,19:40,Kocaeli,İzmit,CUST11904,New,Female,54.0,Kitap,Finans,1,459,0,Bank Transfer,EMP_23,Web,459.0
ORD501856,2026-06-16,Tuesday,14:50,İstanbul,Kadıköy,CUST11390,New,Female,24.0,Elektronik,Kablosuz Mouse,1,499,0,Wallet,EMP_23,Web,499.0
ORD501857,2026-06-05,Friday,20:30,İstanbul,Bakırköy,CUST11637,Returning,Female,18.0,Kozmetik,Serum,1,899,10,Bank Transfer,EMP_17,Web,809.1
ORD501858,2026-06-23,Tuesday,11:20,Antalya,Muratpaşa,CUST11519,Returning,Female,48.0,Ofis,Kalem Seti,1,229,0,PayPal,EMP_24,Mobile,229.0
ORD501859,2026-06-24,Wednesday,20:35,Antalya,Muratpaşa,CUST10876,Returning,Female,31.0,Elektronik,Powerbank,4,899,15,Unknown,EMP_18,Web,3056.6
ORD501860,2026-06-27,Saturday,19:45,Kocaeli,İzmit,CUST10954,New,Male,45.0,Kozmetik,Parfüm,2,1799,0,Wallet,EMP_11,Mobile,3598.0
ORD501861,2026-06-28,Sunday,21:55,İzmir,Bornova,CUST11483,Returning,Male,48.0,Elektronik,Kablosuz Mouse,1,499,5,Bank Transfer,EMP_30,Mobile,474.05
ORD501862,2026-06-21,Sunday,21:25,Antalya,Muratpaşa,CUST11631,New,Female,18.0,Ev,Masa Lambası,2,899,0,Wallet,EMP_11,Mobile,1798.0
ORD501863,2026-06-26,Friday,16:15,Gaziantep,Şehitkamil,CUST11317,Returning,Male,31.0,Ev,Termos,1,549,20,Wallet,EMP_02,Mobile,439.2
ORD501864,2026-06-19,Friday,20:15,Konya,Selçuklu,CUST10839,New,Male,31.0,Spor,Yoga Matı,1,699,0,Wallet,EMP_30,Web,699.0
ORD501865,2026-06-11,Thursday,17:45,İstanbul,Bakırköy,CUST11880,Returning,Male,32.0,Ev,Masa Lambası,1,899,0,Wallet,EMP_27,Mobile,899.0
ORD501866,2026-06-21,Sunday,20:50,İstanbul,Şişli,CUST10043,New,Male,24.0,Spor,Yoga Matı,1,699,10,Wallet,EMP_19,Mobile,629.1
ORD501867,2026-06-20,Saturday,17:05,Konya,Selçuklu,CUST10165,New,Female,56.0,Kozmetik,Şampuan,2,319,10,Wallet,EMP_25,Mobile,574.2
ORD501868,2026-06-14,Sunday,20:15,İstanbul,Kadıköy,CUST11630,Returning,Female,50.0,Kozmetik,Güneş Kremi,2,599,20,Bank Transfer,EMP_16,Mobile,958.4
ORD501869,2026-06-20,Saturday,15:25,İstanbul,Bakırköy,CUST11620,New,Female,29.0,Kitap,Finans,4,459,20,Bank Transfer,EMP_30,Mobile,1468.8
ORD501870,2026-06-02,Tuesday,19:45,Konya,Selçuklu,CUST10670,Returning,Male,24.0,Kitap,Bilim,1,429,0,Wallet,EMP_05,Mobile,429.0
ORD501871,2026-06-05,Friday,17:15,İzmir,Karşıyaka,CUST10990,Returning,Male,32.0,Ev,Termos,2,549,5,Wallet,EMP_28,Web,1043.1
ORD501872,2026-06-13,Saturday,19:05,İstanbul,Şişli,CUST11078,New,Female,28.0,Ev,Termos,2,549,10,Bank Transfer,EMP_11,Mobile,988.2
ORD501873,2026-06-30,Tuesday,16:15,Konya,Selçuklu,CUST11386,Returning,Male,65.0,Ofis,Kalem Seti,3,229,0,Bank Transfer,EMP_23,Mobile,687.0
ORD501874,2026-06-11,Thursday,13:35,Ankara,Çankaya,CUST11645,Returning,Female,19.0,Elektronik,Laptop Standı,4,999,0,Bank Transfer,EMP_25,Mobile,3996.0
ORD501875,2026-06-17,Wednesday,13:20,Ankara,Çankaya,CUST10320,Returning,Female,37.0,Spor,Dambıl Seti,2,1899,0,Wallet,EMP_17,Web,3798.0
ORD501876,2026-06-03,Wednesday,14:05,Antalya,Muratpaşa,CUST11281,Returning,Male,43.0,Kozmetik,Şampuan,2,319,5,Wallet,EMP_20,Web,606.1
ORD501877,2026-06-24,Wednesday,13:10,Adana,Seyhan,CUST10396,Returning,Male,34.0,Elektronik,Bluetooth Kulaklık,1,1299,5,Card,EMP_19,Mobile,1234.05
ORD501878,2026-06-21,Sunday,17:15,Bursa,Nilüfer,CUST10530,New,Female,39.0,Ev,Masa Lambası,5,899,0,Card,EMP_09,Web,4495.0
ORD501879,2026-06-14,Sunday,15:30,Ankara,Çankaya,CUST11801,Returning,Male,57.0,Ofis,Ajanda,2,319,5,Wallet,EMP_21,Mobile,606.1
ORD501880,2026-06-11,Thursday,21:45,İstanbul,Kadıköy,CUST10619,New,Female,54.0,Elektronik,Akıllı Saat,2,3499,10,Card,EMP_18,Mobile,6298.2
ORD501881,2026-06-30,Tuesday,16:15,İstanbul,Şişli,CUST10271,Returning,Female,28.0,Spor,Dambıl Seti,3,1899,15,Card,EMP_03,Mobile,4842.45
ORD501882,2026-06-15,Monday,18:30,Gaziantep,Şehitkamil,CUST11520,Returning,Female,31.0,Spor,Dambıl Seti,1,1899,10,PayPal,EMP_07,Mobile,1709.1
ORD501883,2026-06-24,Wednesday,20:55,Gaziantep,Şehitkamil,CUST10285,New,Male,29.0,Elektronik,Akıllı Saat,1,3499,5,Card,EMP_16,Web,3324.05
ORD501884,2026-06-27,Saturday,20:50,Antalya,Muratpaşa,CUST10426,Returning,Female,32.0,Kozmetik,Yüz Temizleyici,2,429,0,Bank Transfer,EMP_29,Mobile,858.0
ORD501885,2026-06-25,Thursday,18:25,Gaziantep,Şehitkamil,CUST11238,Returning,Female,56.0,Ofis,Masa Düzenleyici,1,399,0,Card,EMP_26,Mobile,399.0
ORD501886,2026-06-23,Tuesday,15:05,Konya,Selçuklu,CUST10620,New,Female,52.0,Ofis,Defter,1,179,15,Bank Transfer,EMP_01,Web,152.15
ORD501887,2026-06-30,Tuesday,15:25,Ankara,Yenimahalle,CUST11463,Returning,Female,30.0,Spor,Dambıl Seti,5,1899,10,Bank Transfer,EMP_22,Mobile,8545.5
ORD501888,2026-06-08,Monday,14:25,Ankara,Yenimahalle,CUST11762,Returning,Male,55.0,Kozmetik,Serum,2,899,15,Bank Transfer,EMP_14,Mobile,1528.3
ORD501889,2026-06-17,Wednesday,21:20,Antalya,Muratpaşa,CUST11507,Returning,Female,42.0,Ev,Termos,2,549,10,Wallet,EMP_12,Mobile,988.2
ORD501890,2026-06-20,Saturday,16:45,Ankara,Yenimahalle,CUST11477,Returning,Female,62.0,Ofis,Defter,5,179,0,Card,EMP_22,Mobile,895.0
ORD501891,2026-06-07,Sunday,19:00,Eskişehir,Odunpazarı,CUST11378,New,Female,39.0,Kozmetik,Güneş Kremi,2,599,10,Bank Transfer,EMP_04,Web,1078.2
ORD501892,2026-06-30,Tuesday,18:05,İstanbul,Şişli,CUST11474,Returning,Female,31.0,Elektronik,Powerbank,1,899,10,Bank Transfer,EMP_16,Web,809.1
ORD501893,2026-06-28,Sunday,16:45,İstanbul,Kadıköy,CUST11824,Returning,Female,19.0,Spor,Suluk,1,249,0,Card,EMP_11,Mobile,249.0
ORD501894,2026-06-29,Monday,17:15,Konya,Selçuklu,CUST10798,New,Female,44.0,Spor,Dambıl Seti,2,1899,0,Bank Transfer,EMP_05,Mobile,3798.0
ORD501895,2026-06-14,Sunday,14:10,İstanbul,Kadıköy,CUST11521,New,Male,20.0,Kozmetik,Şampuan,2,319,0,PayPal,EMP_01,Web,638.0
ORD501896,2026-06-17,Wednesday,14:10,İzmir,Bornova,CUST11784,Returning,Female,46.0,Kitap,Veri Analizi 101,2,549,5,Bank Transfer,EMP_27,Mobile,1043.1
ORD501897,2026-06-17,Wednesday,16:40,Kocaeli,İzmit,CUST11175,Returning,Male,61.0,Spor,Suluk,1,249,0,Wallet,EMP_22,Mobile,249.0
ORD501898,2026-06-08,Monday,10:10,İzmir,Bornova,CUST10775,New,Female,34.0,Elektronik,Laptop Standı,1,999,10,Wallet,EMP_26,Web,899.1
ORD501899,2026-06-09,Tuesday,17:20,İstanbul,Kadıköy,CUST10858,New,Male,23.0,Elektronik,Laptop Standı,3,999,10,Bank Transfer,EMP_17,Mobile,2697.3
ORD501900,2026-06-14,Sunday,17:10,Kocaeli,İzmit,CUST11899,New,Female,24.0,Spor,Pilates Bandı,3,349,0,PayPal,EMP_07,Mobile,1047.0
ORD501901,2026-06-13,Saturday,10:40,İstanbul,Şişli,CUST11500,Returning,Male,30.0,Ev,Masa Lambası,1,899,15,Unknown,EMP_01,Mobile,764.15
ORD501902,2026-06-09,Tuesday,21:05,Kocaeli,İzmit,CUST11315,Returning,Female,34.0,Ev,French Press,1,649,20,Wallet,EMP_26,Mobile,519.2
ORD501903,2026-06-26,Friday,14:00,Ankara,Yenimahalle,CUST10309,Returning,Male,42.0,Spor,Pilates Bandı,1,349,0,PayPal,EMP_16,Web,349.0
ORD501904,2026-06-22,Monday,15:15,İstanbul,Kadıköy,CUST10939,Returning,Male,51.0,Spor,Koşu Çantası,1,499,0,PayPal,EMP_29,Mobile,499.0
ORD501905,2026-06-21,Sunday,13:55,Gaziantep,Şehitkamil,CUST11195,New,Female,30.0,Kitap,Veri Analizi 101,2,549,5,PayPal,EMP_24,Mobile,1043.1
ORD501906,2026-06-12,Friday,20:05,İstanbul,Bakırköy,CUST10960,Returning,Male,32.0,Ofis,Kalem Seti,1,229,10,Wallet,EMP_13,Mobile,206.1
ORD501907,2026-06-24,Wednesday,15:50,Eskişehir,Odunpazarı,CUST10900,New,Female,42.0,Spor,Suluk,3,249,5,Bank Transfer,EMP_12,Mobile,709.65
ORD501908,2026-06-15,Monday,20:50,İzmir,Karşıyaka,CUST11065,New,Male,56.0,Kozmetik,Şampuan,2,319,15,Card,EMP_02,Web,542.3
ORD501909,2026-06-28,Sunday,17:20,Ankara,Çankaya,CUST11386,Returning,Male,63.0,Kitap,Veri Analizi 101,2,549,5,PayPal,EMP_13,Web,1043.1
ORD501910,2026-06-06,Saturday,21:30,Ankara,Çankaya,CUST10300,New,Male,49.0,Spor,Dambıl Seti,4,1899,0,PayPal,EMP_26,Web,7596.0
ORD501911,2026-06-11,Thursday,17:20,İstanbul,Kadıköy,CUST11109,Returning,Male,39.0,Spor,Yoga Matı,1,699,0,Wallet,EMP_29,Web,699.0
ORD501912,2026-06-05,Friday,13:45,İzmir,Karşıyaka,CUST11536,New,Female,37.0,Kitap,Finans,1,459,5,PayPal,EMP_01,Mobile,436.05
ORD501913,2026-06-01,Monday,21:50,Konya,Selçuklu,CUST10253,Returning,Female,22.0,Ofis,Ajanda,2,319,10,Wallet,EMP_27,Mobile,574.2
ORD501914,2026-06-24,Wednesday,14:50,Adana,Seyhan,CUST10348,Returning,Female,31.0,Kozmetik,Parfüm,1,1799,5,Bank Transfer,EMP_02,Web,1709.05
ORD501915,2026-06-28,Sunday,16:20,İstanbul,Kadıköy,CUST11785,New,Male,30.0,Ev,Blender,2,2199,5,Bank Transfer,EMP_03,Web,4178.1
ORD501916,2026-06-21,Sunday,19:50,Bursa,Nilüfer,CUST11958,New,Female,65.0,Ev,Saklama Kabı,1,299,0,Bank Transfer,EMP_01,Mobile,299.0
ORD501917,2026-06-09,Tuesday,16:10,İstanbul,Bakırköy,CUST10397,New,Female,42.0,Elektronik,Akıllı Saat,2,3499,0,Wallet,EMP_01,Web,6998.0
ORD501918,2026-06-25,Thursday,10:20,Kocaeli,İzmit,CUST10071,Returning,Female,32.0,Kozmetik,Güneş Kremi,1,599,0,Bank Transfer,EMP_03,Mobile,599.0
ORD501919,2026-06-15,Monday,20:15,Eskişehir,Odunpazarı,CUST11852,New,Female,64.0,Ofis,Masa Düzenleyici,1,399,0,PayPal,EMP_05,Web,399.0
ORD501920,2026-06-08,Monday,16:35,İstanbul,Kadıköy,CUST10468,New,Female,33.0,Elektronik,Powerbank,1,899,5,Card,EMP_19,Mobile,854.05
ORD501921,2026-06-02,Tuesday,18:55,İstanbul,Şişli,CUST11424,Returning,Male,30.0,Ev,French Press,1,649,5,Card,EMP_19,Mobile,616.55
ORD501922,2026-06-22,Monday,19:10,Bursa,Nilüfer,CUST10956,New,Female,37.0,Kozmetik,Serum,1,899,0,PayPal,EMP_15,Mobile,899.0
ORD501923,2026-06-14,Sunday,17:25,Bursa,Nilüfer,CUST10531,Returning,Male,25.0,Spor,Suluk,2,249,10,Wallet,EMP_02,Web,448.2
ORD501924,2026-06-13,Saturday,18:30,İstanbul,Bakırköy,CUST10608,New,Female,21.0,Spor,Pilates Bandı,3,349,0,Bank Transfer,EMP_27,Mobile,1047.0
ORD501925,2026-06-06,Saturday,18:05,Konya,Selçuklu,CUST10318,New,Male,32.0,Elektronik,Powerbank,2,899,10,Bank Transfer,EMP_09,Web,1618.2
ORD501926,2026-06-21,Sunday,14:05,Gaziantep,Şehitkamil,CUST10067,New,Male,32.0,Ev,Saklama Kabı,2,299,0,Bank Transfer,EMP_04,Web,598.0
ORD501927,2026-06-20,Saturday,18:15,Bursa,Nilüfer,CUST11432,New,Male,58.0,Ev,Termos,1,549,10,Bank Transfer,EMP_29,Mobile,494.1
ORD501928,2026-06-19,Friday,17:40,İstanbul,Kadıköy,CUST11647,Returning,Male,43.0,Ofis,Ajanda,1,319,0,PayPal,EMP_28,Mobile,319.0
ORD501929,2026-06-04,Thursday,11:55,Konya,Selçuklu,CUST10293,New,Male,49.0,Ev,Blender,3,2199,0,PayPal,EMP_19,Mobile,6597.0
ORD501930,2026-06-27,Saturday,20:20,Eskişehir,Odunpazarı,CUST11236,Returning,Male,28.0,Kozmetik,Parfüm,1,1799,10,PayPal,EMP_06,Web,1619.1
ORD501931,2026-06-26,Friday,20:00,Ankara,Çankaya,CUST10847,New,Female,44.0,Kozmetik,Yüz Temizleyici,2,429,0,Card,EMP_10,Mobile,858.0
ORD501932,2026-06-23,Tuesday,15:55,İstanbul,Kadıköy,CUST10579,New,Female,62.0,Elektronik,Akıllı Saat,1,3499,0,Wallet,EMP_23,Web,3499.0
ORD501933,2026-06-08,Monday,19:20,Kocaeli,İzmit,CUST11760,Returning,Male,50.0,Ofis,Kalem Seti,1,229,15,PayPal,EMP_09,Mobile,194.65
ORD501934,2026-06-15,Monday,20:25,İstanbul,Bakırköy,CUST10868,Returning,Male,36.0,Ev,Masa Lambası,1,899,0,Card,EMP_03,Mobile,899.0
ORD501935,2026-06-24,Wednesday,18:45,Antalya,Muratpaşa,CUST10842,Returning,Female,41.0,Kitap,Roman,5,299,5,Wallet,EMP_20,Mobile,1420.25
ORD501936,2026-06-09,Tuesday,20:20,Ankara,Çankaya,CUST11493,New,Female,55.0,Spor,Yoga Matı,1,699,10,Wallet,EMP_23,Mobile,629.1
ORD501937,2026-06-24,Wednesday,19:40,Konya,Selçuklu,CUST11064,New,Male,59.0,Elektronik,Laptop Standı,1,999,0,Bank Transfer,EMP_30,Web,999.0
ORD501938,2026-06-13,Saturday,17:00,Bursa,Nilüfer,CUST11889,New,Male,25.0,Elektronik,Laptop Standı,2,999,10,PayPal,EMP_26,Mobile,1798.2
ORD501939,2026-06-30,Tuesday,14:35,Adana,Seyhan,CUST10849,New,Male,21.0,Spor,Dambıl Seti,1,1899,5,PayPal,EMP_16,Web,1804.05
ORD501940,2026-06-28,Sunday,19:20,Ankara,Yenimahalle,CUST10919,Returning,Female,18.0,Elektronik,Laptop Standı,5,999,0,Bank Transfer,EMP_11,Mobile,4995.0
ORD501941,2026-06-18,Thursday,17:30,Ankara,Yenimahalle,CUST10588,Returning,Female,56.0,Ev,French Press,1,649,0,Card,EMP_22,Mobile,649.0
ORD501942,2026-06-15,Monday,14:35,İstanbul,Kadıköy,CUST10697,New,Female,23.0,Kitap,Veri Analizi 101,1,549,0,Wallet,EMP_28,Web,549.0
ORD501943,2026-06-27,Saturday,12:25,Ankara,Çankaya,CUST11445,Returning,Male,26.0,Ofis,Monitör Yükseltici,2,1199,0,Wallet,EMP_19,Web,2398.0
ORD501944,2026-06-21,Sunday,20:10,İstanbul,Kadıköy,CUST10150,New,Male,21.0,Spor,Yoga Matı,2,699,10,Wallet,EMP_23,Mobile,1258.2
ORD501945,2026-06-26,Friday,12:25,İstanbul,Bakırköy,CUST10510,New,Female,28.0,Elektronik,Kablosuz Mouse,2,499,10,Wallet,EMP_17,Web,898.2
ORD501946,2026-06-03,Wednesday,19:15,Ankara,Çankaya,CUST11571,New,Male,65.0,Ofis,Ajanda,1,319,0,PayPal,EMP_19,Mobile,319.0
ORD501947,2026-06-08,Monday,12:15,İstanbul,Bakırköy,CUST10026,New,Male,36.0,Kitap,Kişisel Gelişim,2,349,0,Bank Transfer,EMP_13,Web,698.0
ORD501948,2026-06-08,Monday,18:25,Adana,Seyhan,CUST10145,New,Male,36.0,Ev,Masa Lambası,5,899,5,Card,EMP_26,Web,4270.25
ORD501949,2026-06-19,Friday,20:05,Bursa,Nilüfer,CUST10693,New,Female,55.0,Kozmetik,Güneş Kremi,1,599,5,PayPal,EMP_24,Web,569.05
ORD501950,2026-06-20,Saturday,20:15,Bursa,Nilüfer,CUST10797,Returning,Female,45.0,Elektronik,Powerbank,3,899,0,PayPal,EMP_16,Mobile,2697.0
ORD501951,2026-06-21,Sunday,17:20,Bursa,Nilüfer,CUST11038,Returning,Female,55.0,Kozmetik,Yüz Temizleyici,2,429,0,PayPal,EMP_26,Mobile,858.0
ORD501952,2026-06-18,Thursday,16:15,Kocaeli,İzmit,CUST11026,Returning,Female,59.0,Ev,Saklama Kabı,1,299,5,Bank Transfer,EMP_20,Mobile,284.05
ORD501953,2026-06-18,Thursday,16:30,Ankara,Yenimahalle,CUST10263,Returning,Female,39.0,Ev,Masa Lambası,1,899,5,Bank Transfer,EMP_24,Mobile,854.05
ORD501954,2026-06-12,Friday,19:35,İstanbul,Kadıköy,CUST11952,New,Female,63.0,Kitap,Finans,2,459,0,PayPal,EMP_18,Mobile,918.0
ORD501955,2026-06-10,Wednesday,16:50,Eskişehir,Odunpazarı,CUST11811,Returning,Male,38.0,Elektronik,Akıllı Saat,1,3499,10,PayPal,EMP_28,Mobile,3149.1
ORD501956,2026-06-15,Monday,18:55,İzmir,Bornova,CUST11444,Returning,Female,42.0,Kitap,Veri Analizi 101,1,549,5,PayPal,EMP_01,Mobile,521.55
ORD501957,2026-06-15,Monday,15:05,İzmir,Bornova,CUST10725,New,Male,32.0,Ev,Termos,2,549,5,Bank Transfer,EMP_07,Mobile,1043.1
ORD501958,2026-06-03,Wednesday,18:20,İstanbul,Kadıköy,CUST11518,Returning,Female,63.0,Kitap,Bilim,1,429,0,Card,EMP_26,Mobile,429.0
ORD501959,2026-06-16,Tuesday,13:00,İstanbul,Bakırköy,CUST10985,Returning,Female,45.0,Spor,Yoga Matı,1,699,0,PayPal,EMP_27,Mobile,699.0
ORD501960,2026-06-19,Friday,20:30,Antalya,Muratpaşa,CUST10847,New,Male,47.0,Kozmetik,Serum,3,899,15,Bank Transfer,EMP_20,Mobile,2292.45
ORD501961,2026-06-14,Sunday,13:45,İstanbul,Şişli,CUST10604,New,Male,64.0,Kozmetik,Yüz Temizleyici,4,429,0,Bank Transfer,EMP_19,Mobile,1716.0
ORD501962,2026-06-09,Tuesday,16:35,İzmir,Bornova,CUST10513,New,Female,53.0,Kitap,Bilim,1,429,0,PayPal,EMP_24,Mobile,429.0
ORD501963,2026-06-25,Thursday,15:15,Ankara,Yenimahalle,CUST10953,New,Male,33.0,Kitap,Veri Analizi 101,1,549,0,Wallet,EMP_09,Mobile,549.0
ORD501964,2026-06-17,Wednesday,18:55,İstanbul,Şişli,CUST11072,New,Male,60.0,Ofis,Masa Düzenleyici,2,399,10,PayPal,EMP_09,Web,718.2
ORD501965,2026-06-08,Monday,20:30,Kocaeli,İzmit,CUST10492,New,Female,65.0,Ofis,Masa Düzenleyici,3,399,0,Wallet,EMP_09,Mobile,1197.0
ORD501966,2026-06-30,Tuesday,16:20,Bursa,Nilüfer,CUST10184,Returning,Male,55.0,Spor,Dambıl Seti,2,1899,5,Wallet,EMP_14,Web,3608.1
ORD501967,2026-06-19,Friday,18:15,İstanbul,Kadıköy,CUST11986,Returning,Male,24.0,Ofis,Monitör Yükseltici,1,1199,0,Wallet,EMP_08,Web,1199.0
ORD501968,2026-06-05,Friday,09:40,Ankara,Çankaya,CUST10288,Returning,Male,55.0,Kitap,Roman,1,299,10,Wallet,EMP_03,Mobile,269.1
ORD501969,2026-06-06,Saturday,17:30,İstanbul,Şişli,CUST11068,New,Male,51.0,Elektronik,Laptop Standı,3,999,5,Wallet,EMP_14,Web,2847.15
ORD501970,2026-06-15,Monday,16:25,İzmir,Karşıyaka,CUST11880,New,Male,51.0,Ev,Blender,1,2199,0,Unknown,EMP_15,Mobile,2199.0
ORD501971,2026-06-26,Friday,16:05,İzmir,Bornova,CUST11164,New,Female,58.0,Ev,French Press,1,649,0,Bank Transfer,EMP_20,Mobile,649.0
ORD501972,2026-06-25,Thursday,17:00,İstanbul,Şişli,CUST10725,Returning,Male,53.0,Ev,Blender,1,2199,0,Wallet,EMP_23,Mobile,2199.0
ORD501973,2026-06-06,Saturday,10:00,Ankara,Çankaya,CUST10097,Returning,Male,35.0,Kozmetik,Parfüm,2,1799,0,PayPal,EMP_30,Web,3598.0
ORD501974,2026-06-17,Wednesday,13:30,Ankara,Yenimahalle,CUST11075,Returning,Female,50.0,Spor,Suluk,1,249,5,PayPal,EMP_02,Mobile,236.55
ORD501975,2026-06-14,Sunday,20:05,Antalya,Muratpaşa,CUST10392,Returning,Female,49.0,Ev,Termos,3,549,0,PayPal,EMP_29,Web,1647.0
ORD501976,2026-06-10,Wednesday,17:30,İzmir,Karşıyaka,CUST10431,New,Female,45.0,Elektronik,Laptop Standı,1,999,5,Card,EMP_20,Mobile,949.05
ORD501977,2026-06-02,Tuesday,17:45,Eskişehir,Odunpazarı,CUST11115,New,Female,26.0,Ev,Saklama Kabı,2,299,5,PayPal,EMP_17,Web,568.1
ORD501978,2026-06-22,Monday,14:05,Antalya,Muratpaşa,CUST10964,Returning,Male,41.0,Elektronik,Laptop Standı,1,999,0,PayPal,EMP_03,Web,999.0
ORD501979,2026-06-17,Wednesday,18:45,Eskişehir,Odunpazarı,CUST10274,Returning,Female,20.0,Spor,Yoga Matı,1,699,0,PayPal,EMP_17,Mobile,699.0
ORD501980,2026-06-10,Wednesday,18:25,Adana,Seyhan,CUST10540,New,Female,28.0,Kozmetik,Yüz Temizleyici,1,429,0,Bank Transfer,EMP_06,Mobile,429.0
ORD501981,2026-06-16,Tuesday,19:00,Ankara,Yenimahalle,CUST11180,New,Female,,Elektronik,Kablosuz Mouse,3,499,0,Card,EMP_20,Mobile,1497.0
ORD501982,2026-06-05,Friday,20:35,İstanbul,Şişli,CUST11696,New,Female,59.0,Elektronik,Powerbank,1,899,20,Card,EMP_09,Mobile,719.2
ORD501983,2026-06-12,Friday,15:10,Adana,Seyhan,CUST10198,New,Female,19.0,Kozmetik,Parfüm,4,1799,10,Card,EMP_30,Web,6476.4
ORD501984,2026-06-12,Friday,16:45,İstanbul,Kadıköy,CUST11573,New,Male,46.0,Elektronik,Powerbank,1,899,0,PayPal,EMP_29,Web,899.0
ORD501985,2026-06-25,Thursday,16:20,Antalya,Muratpaşa,CUST11513,New,Male,27.0,Kitap,Bilim,1,429,0,PayPal,EMP_21,Mobile,429.0
ORD501986,2026-06-04,Thursday,15:25,İstanbul,Bakırköy,CUST11917,New,Male,59.0,Elektronik,Kablosuz Mouse,1,499,0,Bank Transfer,EMP_22,Mobile,499.0
ORD501987,2026-06-08,Monday,20:50,Kocaeli,İzmit,CUST11825,Returning,Male,65.0,Ofis,Masa Düzenleyici,4,399,0,Bank Transfer,EMP_11,Mobile,1596.0
ORD501988,2026-06-14,Sunday,21:20,Ankara,Çankaya,CUST10504,Returning,Female,41.0,Elektronik,Laptop Standı,2,999,0,Wallet,EMP_29,Mobile,1998.0
ORD501989,2026-06-09,Tuesday,18:35,İstanbul,Şişli,CUST10223,Returning,Male,51.0,Spor,Suluk,1,249,20,Card,EMP_16,Web,199.2
ORD501990,2026-06-15,Monday,19:50,İzmir,Bornova,CUST11786,Returning,Male,49.0,Kitap,Veri Analizi 101,1,549,0,PayPal,EMP_16,Web,549.0
ORD501991,2026-06-21,Sunday,14:25,İstanbul,Şişli,CUST11972,Returning,Male,24.0,Ofis,Monitör Yükseltici,1,1199,10,Bank Transfer,EMP_14,Mobile,1079.1
ORD501992,2026-06-20,Saturday,18:25,Eskişehir,Odunpazarı,CUST11598,Returning,Male,37.0,Kitap,Kişisel Gelişim,2,349,0,Wallet,EMP_20,Mobile,698.0
ORD501993,2026-06-24,Wednesday,19:20,Gaziantep,Şehitkamil,CUST11857,Returning,Female,23.0,Kozmetik,Yüz Temizleyici,1,429,10,Bank Transfer,EMP_08,Mobile,386.1
ORD501994,2026-06-24,Wednesday,11:45,Konya,Selçuklu,CUST10296,New,Female,40.0,Elektronik,Bluetooth Kulaklık,1,1299,0,Card,EMP_14,Web,1299.0
ORD501995,2026-06-19,Friday,12:30,Ankara,Çankaya,CUST11295,Returning,Male,40.0,Ofis,Ajanda,1,319,15,PayPal,EMP_16,Web,271.15
ORD501996,2026-06-06,Saturday,19:45,Antalya,Muratpaşa,CUST10804,Returning,Male,29.0,Ofis,Monitör Yükseltici,2,1199,0,Wallet,EMP_25,Mobile,2398.0
ORD501997,2026-06-14,Sunday,15:50,İzmir,Karşıyaka,CUST11420,Returning,Female,56.0,Spor,Koşu Çantası,2,499,5,Wallet,EMP_16,Mobile,948.1
ORD501998,2026-06-25,Thursday,12:05,İstanbul,Kadıköy,CUST10323,Returning,Male,39.0,Elektronik,Kablosuz Mouse,1,499,0,Bank Transfer,EMP_04,Mobile,499.0
ORD501999,2026-06-10,Wednesday,16:20,İstanbul,Bakırköy,CUST11810,Returning,Female,58.0,Spor,Suluk,2,249,10,Card,EMP_21,Mobile,448.2
ORD502000,2026-06-24,Wednesday,11:45,Eskişehir,Odunpazarı,CUST10077,New,Male,49.0,Ev,Masa Lambası,1,899,5,PayPal,EMP_04,Web,854.05
ORD502001,2026-06-22,Monday,20:35,Ankara,Yenimahalle,CUST10113,New,Male,58.0,Spor,Suluk,1,249,5,Bank Transfer,EMP_06,Web,236.55
ORD502002,2026-06-14,Sunday,16:00,Bursa,Nilüfer,CUST10637,New,Male,28.0,Elektronik,Kablosuz Mouse,1,499,0,Bank Transfer,EMP_02,Mobile,499.0
ORD502003,2026-06-30,Tuesday,14:55,Antalya,Muratpaşa,CUST10593,Returning,Female,59.0,Kozmetik,Serum,1,899,0,Bank Transfer,EMP_22,Web,899.0
ORD502004,2026-06-29,Monday,20:00,Konya,Selçuklu,CUST11669,Returning,Male,27.0,Ev,Saklama Kabı,1,299,0,Bank Transfer,EMP_05,Mobile,299.0
ORD502005,2026-06-26,Friday,13:15,Gaziantep,Şehitkamil,CUST10259,New,Female,38.0,Elektronik,Powerbank,1,899,5,Card,EMP_01,Mobile,854.05
ORD502006,2026-06-30,Tuesday,09:20,İstanbul,Kadıköy,CUST10884,New,Female,27.0,Elektronik,Akıllı Saat,3,3499,5,PayPal,EMP_30,Web,9972.15
ORD502007,2026-06-10,Wednesday,11:50,Ankara,Çankaya,CUST11877,Returning,Female,25.0,Elektronik,Laptop Standı,3,999,0,Bank Transfer,EMP_02,Web,2997.0
ORD502008,2026-06-05,Friday,20:45,İstanbul,Bakırköy,CUST10429,New,Male,44.0,Kitap,Roman,1,299,0,Wallet,EMP_29,Mobile,299.0
ORD502009,2026-06-12,Friday,19:45,Eskişehir,Odunpazarı,CUST11774,New,Male,64.0,Ofis,Defter,1,179,0,Bank Transfer,EMP_20,Web,179.0
ORD502010,2026-06-06,Saturday,16:10,Kocaeli,İzmit,CUST11918,Returning,Female,56.0,Ev,Blender,1,2199,5,Card,EMP_29,Mobile,2089.05
ORD502011,2026-06-21,Sunday,20:00,İzmir,Karşıyaka,CUST11619,Returning,Male,49.0,Kitap,Kişisel Gelişim,2,349,0,PayPal,EMP_17,Mobile,698.0
ORD502012,2026-06-21,Sunday,16:50,Ankara,Çankaya,CUST10599,New,Female,20.0,Elektronik,Kablosuz Mouse,2,499,0,Bank Transfer,EMP_11,Mobile,998.0
ORD502013,2026-06-30,Tuesday,13:35,Kocaeli,İzmit,CUST10850,Returning,Female,57.0,Elektronik,Kablosuz Mouse,3,499,15,Wallet,EMP_02,Mobile,1272.45
ORD502014,2026-06-26,Friday,18:30,İzmir,Karşıyaka,CUST11233,Returning,Female,32.0,Ev,French Press,2,649,0,Unknown,EMP_22,Mobile,1298.0
ORD502015,2026-06-21,Sunday,17:00,İstanbul,Kadıköy,CUST11641,Returning,Female,22.0,Spor,Yoga Matı,1,699,5,Wallet,EMP_17,Web,664.05
ORD502016,2026-06-14,Sunday,20:20,Adana,Seyhan,CUST11577,Returning,Male,57.0,Kitap,Kişisel Gelişim,2,349,0,Card,EMP_10,Web,698.0
ORD502017,2026-06-22,Monday,19:30,İstanbul,Bakırköy,CUST10198,Returning,Female,55.0,Kitap,Veri Analizi 101,1,549,15,PayPal,EMP_02,Mobile,466.65
ORD502018,2026-06-23,Tuesday,16:05,İstanbul,Kadıköy,CUST10680,New,Male,35.0,Kozmetik,Yüz Temizleyici,1,429,5,Bank Transfer,EMP_23,Web,407.55
ORD502019,2026-06-20,Saturday,10:00,Gaziantep,Şehitkamil,CUST11470,New,Female,19.0,Elektronik,Bluetooth Kulaklık,1,1299,0,Card,EMP_30,Mobile,1299.0
ORD502020,2026-06-13,Saturday,20:45,Ankara,Çankaya,CUST11036,Returning,Female,25.0,Elektronik,Akıllı Saat,2,3499,0,Wallet,EMP_21,Web,6998.0
ORD502021,2026-06-22,Monday,21:10,İzmir,Karşıyaka,CUST11949,Returning,Female,59.0,Elektronik,Kablosuz Mouse,1,499,0,Card,EMP_06,Web,499.0
ORD502022,2026-06-25,Thursday,20:35,İstanbul,Bakırköy,CUST10913,New,Male,53.0,Ofis,Defter,3,179,0,PayPal,EMP_16,Mobile,537.0
ORD502023,2026-06-20,Saturday,12:50,İstanbul,Kadıköy,CUST11414,Returning,Female,34.0,Kitap,Veri Analizi 101,2,549,0,Bank Transfer,EMP_17,Mobile,1098.0
ORD502024,2026-06-26,Friday,21:50,İzmir,Bornova,CUST11632,Returning,Male,61.0,Spor,Yoga Matı,3,699,5,PayPal,EMP_17,Web,1992.15
ORD502025,2026-06-27,Saturday,15:20,Konya,Selçuklu,CUST10157,New,Male,47.0,Kozmetik,Yüz Temizleyici,4,429,10,PayPal,EMP_07,Mobile,1544.4
ORD502026,2026-06-11,Thursday,16:10,İstanbul,Kadıköy,CUST10415,New,Female,18.0,Ofis,Monitör Yükseltici,1,1199,10,PayPal,EMP_25,Mobile,1079.1
ORD502027,2026-06-28,Sunday,12:45,Konya,Selçuklu,CUST10893,Returning,Male,47.0,Spor,Suluk,3,249,15,Bank Transfer,EMP_16,Web,634.95
ORD502028,2026-06-25,Thursday,09:55,İstanbul,Kadıköy,CUST11626,New,Female,30.0,Kitap,Bilim,1,429,10,Wallet,EMP_04,Mobile,386.1
ORD502029,2026-06-16,Tuesday,10:10,Adana,Seyhan,CUST10014,New,Male,42.0,Ofis,Masa Düzenleyici,1,399,5,Bank Transfer,EMP_17,Web,379.05
ORD502030,2026-06-21,Sunday,19:30,İstanbul,Kadıköy,CUST10823,Returning,Male,42.0,Elektronik,Bluetooth Kulaklık,2,1299,5,Wallet,EMP_18,Mobile,2468.1
ORD502031,2026-06-03,Wednesday,16:40,Ankara,Çankaya,CUST11449,New,Male,48.0,Elektronik,Laptop Standı,1,999,0,Bank Transfer,EMP_28,Web,999.0
ORD502032,2026-06-04,Thursday,10:20,Antalya,Muratpaşa,CUST11184,Returning,Female,21.0,Kozmetik,Şampuan,2,319,15,PayPal,EMP_23,Web,542.3
ORD502033,2026-06-25,Thursday,18:15,Adana,Seyhan,CUST11297,Returning,Female,44.0,Ofis,Ajanda,2,319,0,PayPal,EMP_14,Web,638.0
ORD502034,2026-06-27,Saturday,21:05,İzmir,Bornova,CUST11496,New,Female,58.0,Ofis,Ajanda,1,319,10,Bank Transfer,EMP_16,Mobile,287.1
ORD502035,2026-06-27,Saturday,16:40,Gaziantep,Şehitkamil,CUST10967,Returning,Male,63.0,Ev,Termos,3,549,10,Wallet,EMP_23,Mobile,1482.3
ORD502036,2026-06-22,Monday,10:30,Ankara,Çankaya,CUST11696,Returning,Male,40.0,Spor,Pilates Bandı,1,349,0,Bank Transfer,EMP_26,Mobile,349.0
ORD502037,2026-06-13,Saturday,18:15,Ankara,Çankaya,CUST10204,Returning,Male,29.0,Ev,French Press,1,649,15,Card,EMP_08,Web,551.65
ORD502038,2026-06-19,Friday,20:35,İstanbul,Şişli,CUST10379,New,Female,24.0,Spor,Pilates Bandı,1,349,5,PayPal,EMP_30,Mobile,331.55
ORD502039,2026-06-27,Saturday,10:15,İstanbul,Şişli,CUST11785,Returning,Female,53.0,Spor,Koşu Çantası,1,499,0,PayPal,EMP_19,Mobile,499.0
ORD502040,2026-06-10,Wednesday,19:25,İstanbul,Şişli,CUST10709,New,Male,38.0,Spor,Dambıl Seti,2,1899,5,Bank Transfer,EMP_21,Mobile,3608.1
ORD502041,2026-06-28,Sunday,21:55,Konya,Selçuklu,CUST10047,New,Female,24.0,Ev,Saklama Kabı,1,299,0,Bank Transfer,EMP_14,Mobile,299.0
ORD502042,2026-06-27,Saturday,19:00,İstanbul,Bakırköy,CUST11886,Returning,Female,65.0,Ev,Blender,2,2199,5,Wallet,EMP_15,Mobile,4178.1
ORD502043,2026-06-09,Tuesday,14:35,Konya,Selçuklu,CUST10592,New,Female,40.0,Spor,Koşu Çantası,3,499,5,PayPal,EMP_11,Web,1422.15
ORD502044,2026-06-22,Monday,17:05,Gaziantep,Şehitkamil,CUST11286,Returning,Male,38.0,Kitap,Veri Analizi 101,1,549,0,Card,EMP_18,Mobile,549.0
ORD502045,2026-06-02,Tuesday,14:20,Adana,Seyhan,CUST10660,Returning,Female,21.0,Ofis,Monitör Yükseltici,5,1199,0,Card,EMP_08,Web,5995.0
ORD502046,2026-06-28,Sunday,21:45,Adana,Seyhan,CUST10668,New,Female,29.0,Ev,Blender,1,2199,10,Wallet,EMP_18,Web,1979.1
ORD502047,2026-06-18,Thursday,11:30,Ankara,Yenimahalle,CUST10880,New,Male,53.0,Elektronik,Powerbank,1,899,5,PayPal,EMP_20,Web,854.05
ORD502048,2026-06-22,Monday,16:55,İstanbul,Bakırköy,CUST11985,Returning,Female,43.0,Spor,Dambıl Seti,1,1899,0,Bank Transfer,EMP_28,Mobile,1899.0
ORD502049,2026-06-24,Wednesday,18:50,Antalya,Muratpaşa,CUST10455,New,Female,31.0,Kozmetik,Yüz Temizleyici,1,429,0,Card,EMP_20,Mobile,429.0
ORD502050,2026-06-01,Monday,14:30,Bursa,Nilüfer,CUST10409,Returning,Male,65.0,Spor,Yoga Matı,1,699,0,Bank Transfer,EMP_11,Web,699.0
ORD502051,2026-06-27,Saturday,18:50,Gaziantep,Şehitkamil,CUST11990,New,Male,63.0,Elektronik,Kablosuz Mouse,2,499,0,Card,EMP_01,Mobile,998.0
ORD502052,2026-06-20,Saturday,16:55,Kocaeli,İzmit,CUST11257,Returning,Female,20.0,Ofis,Defter,3,179,15,Bank Transfer,EMP_13,Web,456.45
ORD502053,2026-06-25,Thursday,17:30,Antalya,Muratpaşa,CUST10561,Returning,Male,55.0,Kitap,Bilim,2,429,0,Bank Transfer,EMP_17,Web,858.0
ORD502054,2026-06-20,Saturday,15:30,İstanbul,Şişli,CUST11400,Returning,Female,43.0,Kozmetik,Parfüm,3,1799,0,Wallet,EMP_27,Mobile,5397.0
ORD502055,2026-06-18,Thursday,20:05,Ankara,Çankaya,CUST11436,Returning,Female,34.0,Ev,Saklama Kabı,4,299,0,PayPal,EMP_13,Mobile,1196.0
ORD502056,2026-06-28,Sunday,12:25,İstanbul,Kadıköy,CUST11081,New,Male,63.0,Kitap,Veri Analizi 101,2,549,0,Unknown,EMP_10,Web,1098.0
ORD502057,2026-06-07,Sunday,15:50,Eskişehir,Odunpazarı,CUST10423,New,Male,65.0,Ev,Masa Lambası,3,899,5,Bank Transfer,EMP_10,Mobile,2562.15
ORD502058,2026-06-04,Thursday,20:45,Antalya,Muratpaşa,CUST11407,New,Female,21.0,Elektronik,Bluetooth Kulaklık,1,1299,0,PayPal,EMP_16,Mobile,1299.0
ORD502059,2026-06-04,Thursday,18:10,İstanbul,Bakırköy,CUST11700,Returning,Female,25.0,Elektronik,Laptop Standı,3,999,10,Wallet,EMP_10,Mobile,2697.3
ORD502060,2026-06-29,Monday,18:30,Antalya,Muratpaşa,CUST10972,Returning,Male,18.0,Spor,Suluk,3,249,0,Card,EMP_15,Mobile,747.0
ORD502061,2026-06-03,Wednesday,18:15,İstanbul,Bakırköy,CUST10515,New,Male,38.0,Elektronik,Powerbank,1,899,15,Wallet,EMP_01,Web,764.15
ORD502062,2026-06-08,Monday,18:45,Eskişehir,Odunpazarı,CUST11900,New,Female,28.0,Elektronik,Akıllı Saat,1,3499,20,Wallet,EMP_04,Mobile,2799.2
ORD502063,2026-06-21,Sunday,18:30,Ankara,Yenimahalle,CUST11623,New,Male,27.0,Kozmetik,Şampuan,2,319,0,PayPal,EMP_02,Mobile,638.0
ORD502064,2026-06-26,Friday,20:55,Adana,Seyhan,CUST10938,New,Female,34.0,Spor,Pilates Bandı,4,349,0,PayPal,EMP_09,Web,1396.0
ORD502065,2026-06-27,Saturday,18:05,Antalya,Muratpaşa,CUST11435,New,Male,46.0,Spor,Yoga Matı,2,699,20,PayPal,EMP_26,Mobile,1118.4
ORD502066,2026-06-04,Thursday,13:45,Gaziantep,Şehitkamil,CUST11254,Returning,Female,60.0,Kozmetik,Şampuan,3,319,10,Card,EMP_22,Mobile,861.3
ORD502067,2026-06-23,Tuesday,19:50,İzmir,Bornova,CUST11763,Returning,Female,41.0,Kozmetik,Yüz Temizleyici,1,429,10,Wallet,EMP_27,Mobile,386.1
ORD502068,2026-06-03,Wednesday,17:20,İstanbul,Bakırköy,CUST10833,New,Female,31.0,Ofis,Defter,5,179,0,PayPal,EMP_01,Mobile,895.0
ORD502069,2026-06-22,Monday,18:25,Adana,Seyhan,CUST11161,New,Male,34.0,Elektronik,Laptop Standı,1,999,0,Card,EMP_20,Mobile,999.0
ORD502070,2026-06-08,Monday,19:45,Kocaeli,İzmit,CUST10592,New,Female,64.0,Ev,Masa Lambası,1,899,15,Bank Transfer,EMP_07,Mobile,764.15
ORD502071,2026-06-28,Sunday,17:10,Adana,Seyhan,CUST10781,Returning,Female,19.0,Spor,Koşu Çantası,1,499,0,Bank Transfer,EMP_05,Web,499.0
ORD502072,2026-06-23,Tuesday,12:25,Antalya,Muratpaşa,CUST10662,Returning,Male,27.0,Kitap,Finans,1,459,0,Bank Transfer,EMP_19,Web,459.0
ORD502073,2026-06-22,Monday,15:15,Kocaeli,İzmit,CUST10971,Returning,Female,39.0,Elektronik,Laptop Standı,2,999,0,Wallet,EMP_21,Mobile,1998.0
ORD502074,2026-06-03,Wednesday,15:25,İzmir,Karşıyaka,CUST10739,New,Male,39.0,Kozmetik,Yüz Temizleyici,2,429,0,Bank Transfer,EMP_11,Mobile,858.0
ORD502075,2026-06-07,Sunday,20:15,Ankara,Çankaya,CUST10672,New,Male,35.0,Elektronik,Kablosuz Mouse,1,499,0,Bank Transfer,EMP_05,Mobile,499.0
ORD502076,2026-06-16,Tuesday,19:55,Gaziantep,Şehitkamil,CUST10495,New,Male,19.0,Elektronik,Laptop Standı,2,999,5,Bank Transfer,EMP_30,Mobile,1898.1
ORD502077,2026-06-25,Thursday,13:50,Adana,Seyhan,CUST10107,New,Female,35.0,Elektronik,Akıllı Saat,3,3499,15,Card,EMP_23,Web,8922.45
ORD502078,2026-06-24,Wednesday,20:30,İstanbul,Bakırköy,CUST10409,New,Male,27.0,Elektronik,Powerbank,1,899,5,Card,EMP_18,Mobile,854.05
ORD502079,2026-06-08,Monday,16:50,Eskişehir,Odunpazarı,CUST11792,Returning,Female,51.0,Elektronik,Akıllı Saat,1,3499,5,Card,EMP_17,Mobile,3324.05
ORD502080,2026-06-14,Sunday,14:10,İstanbul,Bakırköy,CUST10227,New,Male,36.0,Elektronik,Kablosuz Mouse,2,499,10,Card,EMP_25,Web,898.2
ORD502081,2026-06-09,Tuesday,19:35,Kocaeli,İzmit,CUST11949,New,Male,38.0,Kozmetik,Yüz Temizleyici,2,429,10,PayPal,EMP_10,Mobile,772.2
ORD502082,2026-06-04,Thursday,19:30,İzmir,Bornova,CUST11221,Returning,Female,26.0,Elektronik,Laptop Standı,1,999,0,Wallet,EMP_03,Mobile,999.0
ORD502083,2026-06-09,Tuesday,11:55,Eskişehir,Odunpazarı,CUST10756,Returning,Female,55.0,Ev,Masa Lambası,2,899,0,Card,EMP_25,Mobile,1798.0
ORD502084,2026-06-23,Tuesday,20:15,Adana,Seyhan,CUST11459,Returning,Male,26.0,Spor,Koşu Çantası,3,499,10,Card,EMP_11,Mobile,1347.3
ORD502085,2026-06-06,Saturday,17:15,Adana,Seyhan,CUST11386,New,Male,56.0,Elektronik,Kablosuz Mouse,2,499,0,Card,EMP_24,Web,998.0
ORD502086,2026-06-03,Wednesday,14:10,Bursa,Nilüfer,CUST11782,Returning,Male,20.0,Kozmetik,Güneş Kremi,1,599,0,PayPal,EMP_29,Mobile,599.0
ORD502087,2026-06-21,Sunday,17:35,Kocaeli,İzmit,CUST10648,New,Male,24.0,Elektronik,Laptop Standı,2,999,0,Wallet,EMP_14,Web,1998.0
ORD502088,2026-06-03,Wednesday,15:35,Kocaeli,İzmit,CUST10938,Returning,Male,48.0,Elektronik,Akıllı Saat,2,3499,5,Unknown,EMP_12,Mobile,6648.1
ORD502089,2026-06-06,Saturday,18:50,İzmir,Bornova,CUST11133,New,Male,,Kitap,Roman,1,299,0,Card,EMP_17,Web,299.0
ORD502090,2026-06-05,Friday,15:15,Gaziantep,Şehitkamil,CUST11149,New,Female,26.0,Spor,Dambıl Seti,2,1899,15,PayPal,EMP_29,Web,3228.3
ORD502091,2026-06-26,Friday,19:15,İstanbul,Bakırköy,CUST11485,Returning,Female,22.0,Ev,Termos,4,549,15,Wallet,EMP_08,Web,1866.6
ORD502092,2026-06-27,Saturday,15:05,İstanbul,Kadıköy,CUST11658,Returning,Female,45.0,Spor,Koşu Çantası,2,499,5,PayPal,EMP_02,Web,948.1
ORD502093,2026-06-30,Tuesday,17:40,İstanbul,Şişli,CUST10115,New,Male,27.0,Ev,Saklama Kabı,2,299,0,Bank Transfer,EMP_22,Web,598.0
ORD502094,2026-06-24,Wednesday,16:55,Konya,Selçuklu,CUST10926,Returning,Female,27.0,Kitap,Bilim,1,429,5,Card,EMP_03,Web,407.55
ORD502095,2026-06-20,Saturday,12:05,İstanbul,Şişli,CUST11855,Returning,Male,18.0,Kitap,Veri Analizi 101,2,549,0,Wallet,EMP_24,Web,1098.0
ORD502096,2026-06-21,Sunday,12:35,İstanbul,Bakırköy,CUST10292,Returning,Male,40.0,Kozmetik,Şampuan,3,319,0,Card,EMP_03,Web,957.0
ORD502097,2026-06-21,Sunday,15:05,Kocaeli,İzmit,CUST11156,Returning,Male,,Elektronik,Kablosuz Mouse,2,499,0,Card,EMP_27,Mobile,998.0
ORD502098,2026-06-28,Sunday,21:50,İstanbul,Bakırköy,CUST11309,New,Male,42.0,Spor,Yoga Matı,2,699,5,Wallet,EMP_03,Web,1328.1
ORD502099,2026-06-29,Monday,11:35,Antalya,Muratpaşa,CUST11881,Returning,Male,65.0,Elektronik,Akıllı Saat,1,3499,10,PayPal,EMP_03,Mobile,3149.1
ORD502100,2026-06-24,Wednesday,19:20,Ankara,Yenimahalle,CUST11852,Returning,Male,65.0,Kozmetik,Güneş Kremi,1,599,0,Unknown,EMP_17,Web,599.0
ORD502101,2026-06-06,Saturday,12:45,Adana,Seyhan,CUST11211,New,Female,54.0,Ofis,Monitör Yükseltici,1,1199,0,PayPal,EMP_07,Web,1199.0
ORD502102,2026-06-16,Tuesday,16:20,Eskişehir,Odunpazarı,CUST10342,Returning,Male,48.0,Kozmetik,Parfüm,2,1799,5,Wallet,EMP_21,Web,3418.1
ORD502103,2026-06-09,Tuesday,10:15,İstanbul,Bakırköy,CUST11626,New,Male,30.0,Ofis,Masa Düzenleyici,2,399,5,PayPal,EMP_25,Web,758.1
ORD502104,2026-06-11,Thursday,18:40,Gaziantep,Şehitkamil,CUST11655,New,Female,63.0,Elektronik,Powerbank,1,899,0,Wallet,EMP_11,Web,899.0
ORD502105,2026-06-24,Wednesday,19:50,Gaziantep,Şehitkamil,CUST10115,New,Female,23.0,Elektronik,Powerbank,1,899,0,Card,EMP_19,Mobile,899.0
ORD502106,2026-06-20,Saturday,09:55,Kocaeli,İzmit,CUST11034,New,Female,64.0,Elektronik,Laptop Standı,2,999,0,Card,EMP_07,Web,1998.0
ORD502107,2026-06-20,Saturday,18:25,Gaziantep,Şehitkamil,CUST11143,New,Female,56.0,Spor,Suluk,2,249,5,PayPal,EMP_29,Web,473.1
ORD502108,2026-06-09,Tuesday,20:05,Ankara,Çankaya,CUST10863,New,Male,61.0,Ofis,Defter,1,179,10,Wallet,EMP_20,Mobile,161.1
ORD502109,2026-06-10,Wednesday,16:40,İstanbul,Bakırköy,CUST10764,New,Female,35.0,Kozmetik,Güneş Kremi,2,599,0,Wallet,EMP_01,Mobile,1198.0
ORD502110,2026-06-13,Saturday,18:00,İzmir,Karşıyaka,CUST11559,New,Male,49.0,Ofis,Kalem Seti,2,229,5,PayPal,EMP_29,Web,435.1
ORD502111,2026-06-01,Monday,09:50,Kocaeli,İzmit,CUST10427,New,Female,38.0,Elektronik,Laptop Standı,1,999,10,Wallet,EMP_08,Mobile,899.1
ORD502112,2026-06-19,Friday,11:05,İzmir,Karşıyaka,CUST11544,Returning,Female,36.0,Spor,Koşu Çantası,2,499,10,Card,EMP_20,Mobile,898.2
ORD502113,2026-06-30,Tuesday,18:20,Antalya,Muratpaşa,CUST11124,Returning,Male,21.0,Kozmetik,Yüz Temizleyici,1,429,5,Card,EMP_30,Web,407.55
ORD502114,2026-06-18,Thursday,15:40,Gaziantep,Şehitkamil,CUST11548,Returning,Male,40.0,Kozmetik,Güneş Kremi,3,599,0,PayPal,EMP_16,Mobile,1797.0
ORD502115,2026-06-10,Wednesday,14:50,Konya,Selçuklu,CUST10373,Returning,Female,61.0,Elektronik,Powerbank,1,899,10,Wallet,EMP_25,Mobile,809.1
ORD502116,2026-06-14,Sunday,17:00,Konya,Selçuklu,CUST11074,New,Female,28.0,Elektronik,Powerbank,2,899,15,Card,EMP_22,Mobile,1528.3
ORD502117,2026-06-25,Thursday,17:25,Gaziantep,Şehitkamil,CUST11269,New,Female,,Kitap,Kişisel Gelişim,2,349,0,PayPal,EMP_25,Web,698.0
ORD502118,2026-06-17,Wednesday,15:40,Konya,Selçuklu,CUST11720,New,Male,60.0,Spor,Koşu Çantası,1,499,0,Bank Transfer,EMP_07,Mobile,499.0
ORD502119,2026-06-13,Saturday,14:05,İzmir,Bornova,CUST10228,Returning,Female,22.0,Kitap,Bilim,4,429,0,Bank Transfer,EMP_23,Mobile,1716.0
ORD502120,2026-06-11,Thursday,20:25,İstanbul,Kadıköy,CUST10051,New,Female,22.0,Kozmetik,Serum,1,899,0,PayPal,EMP_17,Mobile,899.0
ORD502121,2026-06-07,Sunday,14:20,İstanbul,Kadıköy,CUST11366,New,Male,35.0,Kozmetik,Yüz Temizleyici,2,429,0,Wallet,EMP_22,Mobile,858.0
ORD502122,2026-06-04,Thursday,17:45,İstanbul,Şişli,CUST10401,Returning,Male,54.0,Ev,Termos,1,549,10,PayPal,EMP_13,Web,494.1
ORD502123,2026-06-01,Monday,20:55,İstanbul,Şişli,CUST11280,New,Male,36.0,Elektronik,Powerbank,1,899,0,PayPal,EMP_13,Mobile,899.0
ORD502124,2026-06-21,Sunday,14:05,Eskişehir,Odunpazarı,CUST10937,New,Male,18.0,Kozmetik,Parfüm,4,1799,0,PayPal,EMP_27,Mobile,7196.0
ORD502125,2026-06-08,Monday,10:30,Kocaeli,İzmit,CUST11289,Returning,Male,41.0,Ofis,Ajanda,1,319,20,Bank Transfer,EMP_18,Mobile,255.2
ORD502126,2026-06-09,Tuesday,20:10,Kocaeli,İzmit,CUST10258,Returning,Male,19.0,Spor,Pilates Bandı,2,349,5,Card,EMP_19,Mobile,663.1
ORD502127,2026-06-12,Friday,09:10,Eskişehir,Odunpazarı,CUST10152,New,Male,51.0,Spor,Dambıl Seti,1,1899,5,Wallet,EMP_15,Mobile,1804.05
ORD502128,2026-06-23,Tuesday,15:15,İstanbul,Şişli,CUST10071,New,Female,34.0,Elektronik,Kablosuz Mouse,2,499,5,Card,EMP_17,Mobile,948.1
ORD502129,2026-06-15,Monday,14:20,Konya,Selçuklu,CUST11156,Returning,Female,41.0,Kitap,Roman,1,299,5,Card,EMP_02,Mobile,284.05
ORD502130,2026-06-21,Sunday,16:50,Ankara,Yenimahalle,CUST11703,Returning,Female,45.0,Elektronik,Kablosuz Mouse,2,499,0,Wallet,EMP_28,Mobile,998.0
ORD502131,2026-06-11,Thursday,16:55,İstanbul,Şişli,CUST11948,New,Male,37.0,Ofis,Defter,3,179,10,Wallet,EMP_08,Web,483.3
ORD502132,2026-06-10,Wednesday,14:00,İzmir,Bornova,CUST11525,New,Male,25.0,Ev,Termos,1,549,20,Card,EMP_22,Web,439.2
ORD502133,2026-06-05,Friday,18:30,İstanbul,Bakırköy,CUST11962,Returning,Female,36.0,Ofis,Defter,3,179,5,Wallet,EMP_01,Mobile,510.15
ORD502134,2026-06-13,Saturday,17:25,İstanbul,Şişli,CUST10239,New,Female,,Kozmetik,Parfüm,3,1799,5,Wallet,EMP_19,Mobile,5127.15
ORD502135,2026-06-21,Sunday,12:30,Adana,Seyhan,CUST11824,Returning,Male,19.0,Ofis,Ajanda,2,319,10,Card,EMP_09,Web,574.2
ORD502136,2026-06-21,Sunday,17:15,İstanbul,Şişli,CUST10048,Returning,Female,65.0,Kitap,Kişisel Gelişim,2,349,0,Card,EMP_30,Web,698.0
ORD502137,2026-06-06,Saturday,17:55,İstanbul,Bakırköy,CUST10241,New,Male,53.0,Elektronik,Laptop Standı,2,999,5,Card,EMP_27,Mobile,1898.1
ORD502138,2026-06-02,Tuesday,17:35,İstanbul,Şişli,CUST11622,Returning,Male,39.0,Elektronik,Laptop Standı,3,999,10,Card,EMP_12,Web,2697.3
ORD502139,2026-06-25,Thursday,16:35,İstanbul,Bakırköy,CUST10250,New,Female,28.0,Ev,French Press,1,649,0,Card,EMP_18,Web,649.0
ORD502140,2026-06-19,Friday,20:30,İzmir,Bornova,CUST10715,Returning,Male,60.0,Elektronik,Bluetooth Kulaklık,1,1299,15,Unknown,EMP_16,Mobile,1104.15
ORD502141,2026-06-15,Monday,15:00,Kocaeli,İzmit,CUST10970,New,Female,31.0,Elektronik,Laptop Standı,1,999,10,Bank Transfer,EMP_23,Web,899.1
ORD502142,2026-06-17,Wednesday,17:15,İzmir,Karşıyaka,CUST11408,New,Female,42.0,Spor,Pilates Bandı,1,349,5,Wallet,EMP_04,Web,331.55
ORD502143,2026-06-04,Thursday,14:50,İzmir,Bornova,CUST10703,Returning,Male,35.0,Elektronik,Kablosuz Mouse,1,499,15,PayPal,EMP_15,Web,424.15
ORD502144,2026-06-01,Monday,12:10,İstanbul,Kadıköy,CUST10567,Returning,Male,54.0,Kozmetik,Şampuan,3,319,0,PayPal,EMP_04,Mobile,957.0
ORD502145,2026-06-07,Sunday,18:40,Ankara,Yenimahalle,CUST11568,Returning,Female,22.0,Elektronik,Laptop Standı,1,999,5,Bank Transfer,EMP_17,Web,949.05
ORD502146,2026-06-30,Tuesday,19:35,Eskişehir,Odunpazarı,CUST11819,Returning,Female,19.0,Elektronik,Bluetooth Kulaklık,3,1299,5,Wallet,EMP_25,Mobile,3702.15
ORD502147,2026-06-04,Thursday,13:10,Gaziantep,Şehitkamil,CUST11262,New,Male,20.0,Ev,Blender,1,2199,15,Bank Transfer,EMP_17,Mobile,1869.15
ORD502148,2026-06-25,Thursday,10:45,Antalya,Muratpaşa,CUST10666,Returning,Male,48.0,Ev,Saklama Kabı,1,299,10,PayPal,EMP_25,Mobile,269.1
ORD502149,2026-06-10,Wednesday,18:15,İstanbul,Kadıköy,CUST10398,New,Female,58.0,Kitap,Finans,2,459,5,Wallet,EMP_02,Mobile,872.1
ORD502150,2026-06-10,Wednesday,17:55,İzmir,Bornova,CUST10629,Returning,Female,18.0,Ev,Masa Lambası,4,899,10,Bank Transfer,EMP_28,Mobile,3236.4
ORD502151,2026-06-25,Thursday,16:45,İzmir,Bornova,CUST10604,Returning,Female,31.0,Ev,Masa Lambası,1,899,15,Bank Transfer,EMP_30,Mobile,764.15
ORD502152,2026-06-12,Friday,17:25,Ankara,Çankaya,CUST11822,Returning,Female,20.0,Kozmetik,Güneş Kremi,4,599,10,Card,EMP_05,Mobile,2156.4
ORD502153,2026-06-23,Tuesday,20:35,Adana,Seyhan,CUST10217,Returning,Male,61.0,Elektronik,Powerbank,4,899,0,Bank Transfer,EMP_13,Mobile,3596.0
ORD502154,2026-06-02,Tuesday,19:20,Bursa,Nilüfer,CUST11674,New,Female,26.0,Spor,Yoga Matı,1,699,5,Wallet,EMP_04,Mobile,664.05
ORD502155,2026-06-11,Thursday,19:55,Kocaeli,İzmit,CUST11814,Returning,Female,40.0,Spor,Yoga Matı,4,699,0,Card,EMP_09,Mobile,2796.0
ORD502156,2026-06-12,Friday,15:35,İstanbul,Bakırköy,CUST11812,New,Female,19.0,Ev,Masa Lambası,5,899,5,PayPal,EMP_12,Mobile,4270.25
ORD502157,2026-06-23,Tuesday,19:30,Kocaeli,İzmit,CUST10073,Returning,Female,44.0,Ofis,Defter,1,179,0,PayPal,EMP_05,Web,179.0
ORD502158,2026-06-21,Sunday,19:30,Bursa,Nilüfer,CUST10275,New,Male,33.0,Elektronik,Laptop Standı,5,999,10,PayPal,EMP_11,Mobile,4495.5
ORD502159,2026-06-11,Thursday,13:25,İstanbul,Şişli,CUST10731,Returning,Male,,Elektronik,Powerbank,1,899,10,Card,EMP_18,Mobile,809.1
ORD502160,2026-06-09,Tuesday,17:10,Gaziantep,Şehitkamil,CUST11659,New,Male,18.0,Ofis,Ajanda,1,319,0,PayPal,EMP_18,Web,319.0
ORD502161,2026-06-03,Wednesday,20:30,İstanbul,Şişli,CUST10439,New,Male,,Kitap,Kişisel Gelişim,3,349,0,Bank Transfer,EMP_25,Mobile,1047.0
ORD502162,2026-06-25,Thursday,20:25,İstanbul,Bakırköy,CUST10807,New,Female,19.0,Spor,Koşu Çantası,2,499,0,Card,EMP_11,Web,998.0
ORD502163,2026-06-21,Sunday,20:05,Gaziantep,Şehitkamil,CUST10299,Returning,Male,49.0,Elektronik,Bluetooth Kulaklık,2,1299,0,Bank Transfer,EMP_22,Mobile,2598.0
ORD502164,2026-06-16,Tuesday,17:35,İstanbul,Bakırköy,CUST11657,Returning,Female,57.0,Elektronik,Bluetooth Kulaklık,3,1299,5,Card,EMP_28,Web,3702.15
ORD502165,2026-06-23,Tuesday,20:25,İzmir,Karşıyaka,CUST11243,New,Female,52.0,Ev,Blender,2,2199,5,Wallet,EMP_10,Web,4178.1
ORD502166,2026-06-10,Wednesday,18:35,Kocaeli,İzmit,CUST10807,New,Female,27.0,Spor,Koşu Çantası,1,499,0,Bank Transfer,EMP_13,Web,499.0
ORD502167,2026-06-23,Tuesday,18:10,İzmir,Bornova,CUST10615,New,Male,44.0,Kitap,Finans,2,459,0,Bank Transfer,EMP_02,Mobile,918.0
ORD502168,2026-06-25,Thursday,10:55,İzmir,Karşıyaka,CUST11123,New,Male,33.0,Kitap,Veri Analizi 101,5,549,0,PayPal,EMP_07,Mobile,2745.0
ORD502169,2026-06-24,Wednesday,17:10,Antalya,Muratpaşa,CUST11385,New,Male,59.0,Ofis,Kalem Seti,2,229,10,PayPal,EMP_01,Mobile,412.2
ORD502170,2026-06-30,Tuesday,16:20,Bursa,Nilüfer,CUST10889,Returning,Female,38.0,Ev,Masa Lambası,3,899,0,Bank Transfer,EMP_16,Mobile,2697.0
ORD502171,2026-06-06,Saturday,16:30,İzmir,Karşıyaka,CUST11187,New,Male,57.0,Kozmetik,Yüz Temizleyici,2,429,10,Card,EMP_16,Mobile,772.2
ORD502172,2026-06-23,Tuesday,17:55,Gaziantep,Şehitkamil,CUST10551,Returning,Male,55.0,Kozmetik,Parfüm,2,1799,10,Wallet,EMP_18,Mobile,3238.2
ORD502173,2026-06-23,Tuesday,15:25,Konya,Selçuklu,CUST10140,New,Male,29.0,Spor,Pilates Bandı,1,349,0,PayPal,EMP_01,Web,349.0
ORD502174,2026-06-04,Thursday,13:30,Kocaeli,İzmit,CUST11533,New,Female,29.0,Kitap,Kişisel Gelişim,1,349,0,PayPal,EMP_07,Web,349.0
ORD502175,2026-06-13,Saturday,18:50,Kocaeli,İzmit,CUST10561,New,Male,46.0,Kozmetik,Şampuan,4,319,20,PayPal,EMP_05,Mobile,1020.8
ORD502176,2026-06-24,Wednesday,17:30,Antalya,Muratpaşa,CUST11677,New,Female,40.0,Ofis,Kalem Seti,2,229,10,PayPal,EMP_19,Web,412.2
ORD502177,2026-06-13,Saturday,14:00,İzmir,Bornova,CUST10178,New,Female,34.0,Spor,Yoga Matı,2,699,0,Card,EMP_17,Web,1398.0
ORD502178,2026-06-26,Friday,16:55,İstanbul,Şişli,CUST10092,New,Male,62.0,Kitap,Finans,3,459,5,Wallet,EMP_05,Web,1308.15
ORD502179,2026-06-18,Thursday,17:35,İstanbul,Kadıköy,CUST10869,Returning,Male,43.0,Elektronik,Kablosuz Mouse,3,499,5,Bank Transfer,EMP_05,Mobile,1422.15
ORD502180,2026-06-02,Tuesday,20:00,Konya,Selçuklu,CUST10677,New,Female,48.0,Ofis,Ajanda,2,319,5,Bank Transfer,EMP_21,Web,606.1
ORD502181,2026-06-12,Friday,20:25,Ankara,Yenimahalle,CUST10099,New,Male,61.0,Ev,French Press,2,649,10,Card,EMP_21,Mobile,1168.2
ORD502182,2026-06-07,Sunday,21:50,İstanbul,Kadıköy,CUST11098,New,Female,23.0,Kozmetik,Şampuan,2,319,20,Wallet,EMP_25,Mobile,510.4
ORD502183,2026-06-25,Thursday,17:55,Eskişehir,Odunpazarı,CUST10237,Returning,Female,28.0,Kozmetik,Güneş Kremi,2,599,0,Unknown,EMP_22,Mobile,1198.0
ORD502184,2026-06-04,Thursday,18:05,Eskişehir,Odunpazarı,CUST10493,New,Female,57.0,Elektronik,Laptop Standı,1,999,5,Wallet,EMP_09,Web,949.05
ORD502185,2026-06-17,Wednesday,16:40,Kocaeli,İzmit,CUST10508,Returning,Male,60.0,Kozmetik,Güneş Kremi,1,599,5,Bank Transfer,EMP_03,Web,569.05
ORD502186,2026-06-09,Tuesday,13:10,Ankara,Yenimahalle,CUST10555,New,Female,53.0,Ofis,Ajanda,1,319,0,PayPal,EMP_02,Web,319.0
ORD502187,2026-06-14,Sunday,14:05,İstanbul,Bakırköy,CUST11046,Returning,Male,54.0,Elektronik,Laptop Standı,2,999,0,Card,EMP_05,Web,1998.0
ORD502188,2026-06-05,Friday,19:25,Ankara,Yenimahalle,CUST10254,New,Female,63.0,Elektronik,Laptop Standı,1,999,0,Bank Transfer,EMP_01,Mobile,999.0
ORD502189,2026-06-01,Monday,19:10,Eskişehir,Odunpazarı,CUST10417,New,Male,62.0,Ev,Blender,3,2199,10,Wallet,EMP_02,Web,5937.3
ORD502190,2026-06-16,Tuesday,20:25,Adana,Seyhan,CUST10153,New,Male,27.0,Kitap,Bilim,1,429,10,Bank Transfer,EMP_04,Mobile,386.1
ORD502191,2026-06-18,Thursday,13:00,İstanbul,Bakırköy,CUST10182,New,Female,52.0,Elektronik,Akıllı Saat,2,3499,5,Bank Transfer,EMP_19,Mobile,6648.1
ORD502192,2026-06-05,Friday,17:40,İstanbul,Kadıköy,CUST10869,Returning,Female,47.0,Kozmetik,Şampuan,1,319,0,Unknown,EMP_07,Mobile,319.0
ORD502193,2026-06-12,Friday,20:20,İzmir,Bornova,CUST10393,New,Male,25.0,Elektronik,Kablosuz Mouse,2,499,10,Card,EMP_15,Mobile,898.2
ORD502194,2026-06-22,Monday,21:15,İstanbul,Şişli,CUST11547,Returning,Male,19.0,Kozmetik,Güneş Kremi,3,599,0,Card,EMP_06,Mobile,1797.0
ORD502195,2026-06-02,Tuesday,18:35,Adana,Seyhan,CUST10549,Returning,Female,23.0,Elektronik,Bluetooth Kulaklık,3,1299,0,PayPal,EMP_12,Mobile,3897.0
ORD502196,2026-06-05,Friday,20:05,Eskişehir,Odunpazarı,CUST10385,Returning,Male,46.0,Elektronik,Laptop Standı,3,999,20,Bank Transfer,EMP_22,Web,2397.6
ORD502197,2026-06-18,Thursday,17:55,İstanbul,Bakırköy,CUST11071,New,Female,48.0,Spor,Pilates Bandı,2,349,5,Card,EMP_15,Mobile,663.1
ORD502198,2026-06-24,Wednesday,10:55,Kocaeli,İzmit,CUST10020,New,Female,51.0,Kitap,Roman,1,299,10,PayPal,EMP_23,Web,269.1
ORD502199,2026-06-18,Thursday,17:40,Kocaeli,İzmit,CUST11558,Returning,Male,,Elektronik,Kablosuz Mouse,3,499,0,PayPal,EMP_26,Mobile,1497.0
ORD502200,2026-06-16,Tuesday,16:30,Ankara,Yenimahalle,CUST11107,New,Male,26.0,Spor,Suluk,1,249,0,Bank Transfer,EMP_03,Web,249.0
ORD502201,2026-06-28,Sunday,17:40,İzmir,Karşıyaka,CUST10712,Returning,Male,26.0,Ev,Blender,2,2199,10,Wallet,EMP_24,Mobile,3958.2
ORD502202,2026-06-17,Wednesday,13:35,İzmir,Bornova,CUST10821,New,Female,55.0,Ev,French Press,2,649,0,Bank Transfer,EMP_20,Mobile,1298.0
ORD502203,2026-06-27,Saturday,20:00,Konya,Selçuklu,CUST11001,New,Female,63.0,Kozmetik,Yüz Temizleyici,2,429,0,Card,EMP_01,Mobile,858.0
ORD502204,2026-06-05,Friday,18:45,Antalya,Muratpaşa,CUST10698,Returning,Male,40.0,Spor,Koşu Çantası,1,499,0,Wallet,EMP_13,Mobile,499.0
ORD502205,2026-06-11,Thursday,18:00,Antalya,Muratpaşa,CUST11408,New,Male,53.0,Elektronik,Kablosuz Mouse,3,499,5,Wallet,EMP_18,Mobile,1422.15
ORD502206,2026-06-24,Wednesday,15:55,İstanbul,Şişli,CUST11694,Returning,Male,65.0,Ofis,Defter,1,179,0,Card,EMP_25,Web,179.0
ORD502207,2026-06-30,Tuesday,11:05,Antalya,Muratpaşa,CUST10648,New,Female,27.0,Spor,Suluk,1,249,15,Wallet,EMP_23,Mobile,211.65
ORD502208,2026-06-04,Thursday,20:35,Ankara,Çankaya,CUST11510,Returning,Male,61.0,Elektronik,Bluetooth Kulaklık,2,1299,15,Card,EMP_06,Mobile,2208.3
ORD502209,2026-06-08,Monday,13:45,İstanbul,Şişli,CUST11238,New,Male,29.0,Kitap,Veri Analizi 101,1,549,5,Card,EMP_30,Web,521.55
ORD502210,2026-06-12,Friday,12:55,İstanbul,Kadıköy,CUST11094,Returning,Male,42.0,Ev,Termos,1,549,0,Card,EMP_08,Mobile,549.0
ORD502211,2026-06-20,Saturday,15:35,İstanbul,Bakırköy,CUST10395,Returning,Male,55.0,Elektronik,Laptop Standı,4,999,0,Card,EMP_18,Web,3996.0
ORD502212,2026-06-07,Sunday,19:20,İzmir,Bornova,CUST11099,New,Female,36.0,Kitap,Kişisel Gelişim,1,349,0,Card,EMP_28,Web,349.0
ORD502213,2026-06-14,Sunday,19:10,İstanbul,Bakırköy,CUST10482,Returning,Male,24.0,Kozmetik,Güneş Kremi,2,599,5,PayPal,EMP_04,Web,1138.1
ORD502214,2026-06-13,Saturday,10:50,İstanbul,Kadıköy,CUST11082,Returning,Male,45.0,Ev,Termos,2,549,0,Wallet,EMP_01,Web,1098.0
ORD502215,2026-06-17,Wednesday,19:15,İstanbul,Şişli,CUST11193,New,Female,50.0,Elektronik,Kablosuz Mouse,1,499,5,Card,EMP_20,Web,474.05
ORD502216,2026-06-24,Wednesday,19:25,İstanbul,Bakırköy,CUST10398,Returning,Male,51.0,Kitap,Roman,1,299,5,PayPal,EMP_10,Web,284.05
ORD502217,2026-06-27,Saturday,13:30,İzmir,Karşıyaka,CUST10445,New,Female,32.0,Ev,French Press,3,649,15,Card,EMP_22,Web,1654.95
ORD502218,2026-06-05,Friday,10:20,İstanbul,Kadıköy,CUST10887,New,Male,39.0,Ev,Saklama Kabı,3,299,10,Bank Transfer,EMP_26,Web,807.3
ORD502219,2026-06-30,Tuesday,13:50,Kocaeli,İzmit,CUST11025,New,Female,26.0,Spor,Pilates Bandı,1,349,10,PayPal,EMP_03,Web,314.1
ORD502220,2026-06-21,Sunday,19:05,İstanbul,Kadıköy,CUST11088,New,Female,49.0,Ev,Blender,3,2199,5,PayPal,EMP_18,Web,6267.15
ORD502221,2026-06-10,Wednesday,16:05,İstanbul,Bakırköy,CUST10798,New,Male,48.0,Ev,Termos,3,549,0,Wallet,EMP_22,Web,1647.0
ORD502222,2026-06-19,Friday,13:10,Ankara,Çankaya,CUST11511,Returning,Female,36.0,Elektronik,Laptop Standı,3,999,0,Card,EMP_03,Web,2997.0
ORD502223,2026-06-07,Sunday,17:50,İstanbul,Kadıköy,CUST11650,Returning,Female,25.0,Elektronik,Akıllı Saat,2,3499,5,Card,EMP_10,Mobile,6648.1
ORD502224,2026-06-12,Friday,12:50,Kocaeli,İzmit,CUST11124,Returning,Male,60.0,Kozmetik,Yüz Temizleyici,1,429,0,Bank Transfer,EMP_30,Web,429.0
ORD502225,2026-06-17,Wednesday,15:20,Antalya,Muratpaşa,CUST10651,Returning,Female,61.0,Elektronik,Powerbank,2,899,10,PayPal,EMP_14,Mobile,1618.2
ORD502226,2026-06-20,Saturday,13:30,İzmir,Karşıyaka,CUST10213,Returning,Female,20.0,Ev,Blender,1,2199,0,Card,EMP_28,Mobile,2199.0
ORD502227,2026-06-20,Saturday,20:35,Antalya,Muratpaşa,CUST11853,Returning,Male,24.0,Spor,Koşu Çantası,3,499,5,PayPal,EMP_26,Web,1422.15
ORD502228,2026-06-18,Thursday,19:50,Kocaeli,İzmit,CUST10418,New,Female,40.0,Kitap,Kişisel Gelişim,2,349,10,PayPal,EMP_23,Mobile,628.2
ORD502229,2026-06-23,Tuesday,11:20,İstanbul,Şişli,CUST10094,New,Male,58.0,Ofis,Monitör Yükseltici,1,1199,10,Unknown,EMP_16,Mobile,1079.1
ORD502230,2026-06-16,Tuesday,15:35,İzmir,Karşıyaka,CUST10355,New,Male,44.0,Elektronik,Kablosuz Mouse,3,499,0,PayPal,EMP_21,Web,1497.0
ORD502231,2026-06-07,Sunday,17:40,Antalya,Muratpaşa,CUST11499,New,Female,,Spor,Dambıl Seti,3,1899,15,Card,EMP_12,Mobile,4842.45
ORD502232,2026-06-20,Saturday,13:30,İzmir,Bornova,CUST11169,Returning,Female,30.0,Ev,Blender,2,2199,0,Card,EMP_26,Mobile,4398.0
ORD502233,2026-06-09,Tuesday,10:20,İstanbul,Kadıköy,CUST11219,Returning,Female,18.0,Spor,Pilates Bandı,1,349,0,Unknown,EMP_03,Mobile,349.0
ORD502234,2026-06-28,Sunday,18:55,İstanbul,Şişli,CUST10721,New,Male,62.0,Ofis,Kalem Seti,2,229,0,Wallet,EMP_21,Web,458.0
ORD502235,2026-06-10,Wednesday,17:25,Gaziantep,Şehitkamil,CUST10766,Returning,Male,50.0,Elektronik,Akıllı Saat,4,3499,10,PayPal,EMP_20,Mobile,12596.4
ORD502236,2026-06-03,Wednesday,19:25,İzmir,Karşıyaka,CUST11087,Returning,Female,36.0,Kitap,Roman,3,299,0,PayPal,EMP_17,Mobile,897.0
ORD502237,2026-06-23,Tuesday,18:40,Ankara,Çankaya,CUST11757,New,Male,36.0,Ofis,Kalem Seti,1,229,10,Card,EMP_28,Mobile,206.1
ORD502238,2026-06-10,Wednesday,17:15,Ankara,Yenimahalle,CUST10251,Returning,Female,45.0,Elektronik,Powerbank,3,899,10,PayPal,EMP_12,Web,2427.3
ORD502239,2026-06-06,Saturday,20:05,Adana,Seyhan,CUST11469,New,Female,56.0,Spor,Yoga Matı,2,699,0,Bank Transfer,EMP_11,Mobile,1398.0
ORD502240,2026-06-04,Thursday,17:10,İstanbul,Şişli,CUST10057,Returning,Male,27.0,Elektronik,Kablosuz Mouse,2,499,0,PayPal,EMP_30,Web,998.0
ORD502241,2026-06-19,Friday,21:50,İzmir,Bornova,CUST11959,New,Male,57.0,Kozmetik,Parfüm,3,1799,15,Card,EMP_23,Mobile,4587.45
ORD502242,2026-06-16,Tuesday,17:30,Bursa,Nilüfer,CUST11414,New,Female,51.0,Kitap,Kişisel Gelişim,1,349,5,Wallet,EMP_22,Mobile,331.55
ORD502243,2026-06-20,Saturday,15:50,İstanbul,Bakırköy,CUST10589,Returning,Male,65.0,Elektronik,Powerbank,4,899,15,Bank Transfer,EMP_30,Web,3056.6
ORD502244,2026-06-08,Monday,20:00,Ankara,Çankaya,CUST11920,Returning,Male,18.0,Ev,Termos,1,549,0,Bank Transfer,EMP_29,Mobile,549.0
ORD502245,2026-06-10,Wednesday,19:25,İzmir,Karşıyaka,CUST10146,Returning,Male,53.0,Spor,Suluk,1,249,10,Bank Transfer,EMP_21,Mobile,224.1
ORD502246,2026-06-05,Friday,19:35,İstanbul,Kadıköy,CUST10067,Returning,Female,42.0,Kozmetik,Güneş Kremi,2,599,0,Card,EMP_13,Mobile,1198.0
ORD502247,2026-06-20,Saturday,18:25,Eskişehir,Odunpazarı,CUST11399,New,Female,53.0,Kozmetik,Parfüm,2,1799,5,Bank Transfer,EMP_23,Web,3418.1
ORD502248,2026-06-04,Thursday,12:00,Bursa,Nilüfer,CUST11916,Returning,Male,27.0,Ofis,Masa Düzenleyici,4,399,15,PayPal,EMP_05,Mobile,1356.6
ORD502249,2026-06-24,Wednesday,18:35,Bursa,Nilüfer,CUST11899,New,Male,60.0,Ev,Saklama Kabı,2,299,0,PayPal,EMP_15,Mobile,598.0
ORD502250,2026-06-19,Friday,17:15,Kocaeli,İzmit,CUST11613,New,Female,21.0,Elektronik,Powerbank,2,899,20,Card,EMP_15,Mobile,1438.4
ORD502251,2026-06-24,Wednesday,19:30,Adana,Seyhan,CUST10917,Returning,Female,42.0,Ev,French Press,3,649,0,PayPal,EMP_01,Mobile,1947.0
ORD502252,2026-06-06,Saturday,19:30,İzmir,Karşıyaka,CUST10686,New,Female,27.0,Elektronik,Bluetooth Kulaklık,3,1299,5,PayPal,EMP_10,Mobile,3702.15
ORD502253,2026-06-17,Wednesday,20:15,Ankara,Çankaya,CUST11695,Returning,Male,27.0,Kozmetik,Şampuan,1,319,15,Bank Transfer,EMP_12,Mobile,271.15
ORD502254,2026-06-05,Friday,15:50,İzmir,Karşıyaka,CUST11853,New,Male,38.0,Kitap,Roman,5,299,0,Bank Transfer,EMP_16,Mobile,1495.0
ORD502255,2026-06-06,Saturday,14:35,İstanbul,Şişli,CUST11677,Returning,Female,36.0,Spor,Koşu Çantası,2,499,10,PayPal,EMP_18,Web,898.2
ORD502256,2026-06-13,Saturday,21:20,İstanbul,Kadıköy,CUST11180,Returning,Female,24.0,Ofis,Masa Düzenleyici,2,399,5,Bank Transfer,EMP_15,Mobile,758.1
ORD502257,2026-06-06,Saturday,19:50,İstanbul,Kadıköy,CUST11934,Returning,Male,19.0,Kitap,Finans,2,459,15,Bank Transfer,EMP_28,Mobile,780.3
ORD502258,2026-06-01,Monday,20:10,Antalya,Muratpaşa,CUST11943,New,Male,46.0,Spor,Dambıl Seti,2,1899,0,Wallet,EMP_04,Mobile,3798.0
ORD502259,2026-06-26,Friday,15:35,Ankara,Yenimahalle,CUST11873,Returning,Male,60.0,Spor,Yoga Matı,1,699,5,Wallet,EMP_17,Web,664.05
ORD502260,2026-06-02,Tuesday,19:35,Adana,Seyhan,CUST10642,Returning,Female,60.0,Elektronik,Laptop Standı,1,999,5,PayPal,EMP_04,Web,949.05
ORD502261,2026-06-28,Sunday,18:55,Bursa,Nilüfer,CUST11797,Returning,Male,30.0,Spor,Koşu Çantası,3,499,5,Wallet,EMP_27,Mobile,1422.15
ORD502262,2026-06-11,Thursday,13:45,Gaziantep,Şehitkamil,CUST11614,Returning,Female,64.0,Ofis,Masa Düzenleyici,1,399,0,Bank Transfer,EMP_21,Web,399.0
ORD502263,2026-06-16,Tuesday,13:55,İstanbul,Bakırköy,CUST10196,New,Female,58.0,Kitap,Roman,3,299,10,Wallet,EMP_16,Mobile,807.3
ORD502264,2026-06-02,Tuesday,19:25,İstanbul,Bakırköy,CUST10392,Returning,Male,41.0,Elektronik,Akıllı Saat,4,3499,5,Card,EMP_01,Web,13296.2
ORD502265,2026-06-12,Friday,21:00,İstanbul,Kadıköy,CUST10347,New,Female,28.0,Spor,Koşu Çantası,1,499,5,Bank Transfer,EMP_11,Web,474.05
ORD502266,2026-06-25,Thursday,19:05,Ankara,Çankaya,CUST10457,Returning,Female,57.0,Kitap,Veri Analizi 101,3,549,0,Card,EMP_08,Web,1647.0
ORD502267,2026-06-08,Monday,19:05,Bursa,Nilüfer,CUST10199,New,Female,42.0,Ev,Blender,1,2199,15,Wallet,EMP_09,Web,1869.15
ORD502268,2026-06-05,Friday,17:40,İstanbul,Kadıköy,CUST10358,New,Male,42.0,Kitap,Veri Analizi 101,1,549,10,Wallet,EMP_21,Mobile,494.1
ORD502269,2026-06-11,Thursday,12:55,İzmir,Bornova,CUST10455,Returning,Female,20.0,Spor,Yoga Matı,1,699,15,Card,EMP_28,Mobile,594.15
ORD502270,2026-06-07,Sunday,16:20,Bursa,Nilüfer,CUST11097,Returning,Male,21.0,Spor,Yoga Matı,1,699,10,Wallet,EMP_29,Mobile,629.1
ORD502271,2026-06-06,Saturday,16:15,İzmir,Karşıyaka,CUST10722,Returning,Female,36.0,Kitap,Kişisel Gelişim,2,349,0,Card,EMP_10,Web,698.0
ORD502272,2026-06-19,Friday,15:45,İzmir,Bornova,CUST10598,New,Female,46.0,Kitap,Bilim,1,429,15,Card,EMP_06,Web,364.65
ORD502273,2026-06-17,Wednesday,20:10,Kocaeli,İzmit,CUST10057,New,Male,31.0,Spor,Yoga Matı,1,699,0,Bank Transfer,EMP_16,Mobile,699.0
ORD502274,2026-06-21,Sunday,16:15,Adana,Seyhan,CUST11962,New,Female,62.0,Ofis,Defter,3,179,10,PayPal,EMP_11,Mobile,483.3
ORD502275,2026-06-18,Thursday,19:00,İzmir,Karşıyaka,CUST10025,Returning,Female,37.0,Kitap,Roman,1,299,0,PayPal,EMP_15,Mobile,299.0
ORD502276,2026-06-04,Thursday,20:00,Ankara,Yenimahalle,CUST11478,Returning,Male,38.0,Elektronik,Powerbank,3,899,0,PayPal,EMP_01,Mobile,2697.0
ORD502277,2026-06-29,Monday,20:35,Bursa,Nilüfer,CUST10464,Returning,Male,19.0,Kozmetik,Şampuan,1,319,5,Card,EMP_13,Mobile,303.05
ORD502278,2026-06-21,Sunday,17:20,Ankara,Yenimahalle,CUST11048,New,Male,44.0,Ofis,Ajanda,2,319,15,Card,EMP_14,Mobile,542.3
ORD502279,2026-06-25,Thursday,20:55,Gaziantep,Şehitkamil,CUST11459,Returning,Female,54.0,Elektronik,Powerbank,2,899,0,Bank Transfer,EMP_30,Mobile,1798.0
ORD502280,2026-06-27,Saturday,20:55,İzmir,Bornova,CUST11938,Returning,Male,38.0,Elektronik,Akıllı Saat,3,3499,20,PayPal,EMP_10,Web,8397.6
ORD502281,2026-06-05,Friday,10:45,İzmir,Karşıyaka,CUST11292,New,Male,21.0,Kozmetik,Şampuan,3,319,0,Bank Transfer,EMP_12,Mobile,957.0
ORD502282,2026-06-25,Thursday,19:55,İstanbul,Şişli,CUST10007,New,Female,33.0,Ev,Termos,1,549,5,Bank Transfer,EMP_06,Web,521.55
ORD502283,2026-06-30,Tuesday,13:15,Antalya,Muratpaşa,CUST10725,New,Male,29.0,Elektronik,Bluetooth Kulaklık,2,1299,20,PayPal,EMP_27,Mobile,2078.4
ORD502284,2026-06-09,Tuesday,10:55,İstanbul,Bakırköy,CUST11035,New,Female,42.0,Ofis,Masa Düzenleyici,1,399,20,Card,EMP_12,Mobile,319.2
ORD502285,2026-06-29,Monday,21:05,Adana,Seyhan,CUST11060,New,Female,43.0,Spor,Koşu Çantası,4,499,5,Bank Transfer,EMP_04,Web,1896.2
ORD502286,2026-06-08,Monday,19:15,Gaziantep,Şehitkamil,CUST10132,New,Female,60.0,Ofis,Monitör Yükseltici,1,1199,0,Bank Transfer,EMP_02,Web,1199.0
ORD502287,2026-06-20,Saturday,19:55,Kocaeli,İzmit,CUST11682,Returning,Male,,Elektronik,Bluetooth Kulaklık,2,1299,5,Wallet,EMP_24,Mobile,2468.1
ORD502288,2026-06-19,Friday,18:15,İzmir,Bornova,CUST10845,New,Female,37.0,Kitap,Roman,2,299,20,Wallet,EMP_07,Mobile,478.4
ORD502289,2026-06-28,Sunday,12:50,İstanbul,Şişli,CUST10933,New,Female,44.0,Ev,French Press,2,649,10,Card,EMP_30,Web,1168.2
ORD502290,2026-06-11,Thursday,13:50,İzmir,Bornova,CUST10180,New,Male,47.0,Kozmetik,Şampuan,2,319,0,Card,EMP_01,Web,638.0
ORD502291,2026-06-09,Tuesday,18:50,İstanbul,Şişli,CUST10440,Returning,Female,39.0,Ev,Blender,1,2199,10,Card,EMP_06,Web,1979.1
ORD502292,2026-06-10,Wednesday,17:45,Konya,Selçuklu,CUST10814,Returning,Male,53.0,Kozmetik,Yüz Temizleyici,1,429,0,Wallet,EMP_20,Mobile,429.0
ORD502293,2026-06-10,Wednesday,12:05,Antalya,Muratpaşa,CUST11882,New,Female,29.0,Ev,Saklama Kabı,4,299,10,Bank Transfer,EMP_05,Mobile,1076.4
ORD502294,2026-06-12,Friday,18:35,Bursa,Nilüfer,CUST11246,New,Female,48.0,Elektronik,Bluetooth Kulaklık,1,1299,5,Wallet,EMP_06,Mobile,1234.05
ORD502295,2026-06-01,Monday,18:30,Gaziantep,Şehitkamil,CUST11335,New,Male,21.0,Ofis,Defter,4,179,10,Wallet,EMP_02,Mobile,644.4
ORD502296,2026-06-23,Tuesday,12:00,Bursa,Nilüfer,CUST11572,New,Male,51.0,Elektronik,Bluetooth Kulaklık,1,1299,0,Bank Transfer,EMP_09,Web,1299.0
ORD502297,2026-06-12,Friday,17:45,Adana,Seyhan,CUST11675,New,Male,34.0,Elektronik,Powerbank,1,899,10,Wallet,EMP_28,Mobile,809.1
ORD502298,2026-06-04,Thursday,17:15,Gaziantep,Şehitkamil,CUST10448,Returning,Male,60.0,Kozmetik,Şampuan,1,319,0,Card,EMP_24,Mobile,319.0
ORD502299,2026-06-01,Monday,16:15,İstanbul,Kadıköy,CUST10041,Returning,Male,,Ofis,Monitör Yükseltici,2,1199,15,Wallet,EMP_05,Web,2038.3
ORD502300,2026-06-18,Thursday,17:00,İstanbul,Şişli,CUST10784,New,Female,37.0,Ofis,Defter,1,179,0,Card,EMP_15,Web,179.0
ORD502301,2026-06-01,Monday,17:20,İstanbul,Şişli,CUST11039,Returning,Female,34.0,Ofis,Ajanda,2,319,0,Card,EMP_10,Mobile,638.0
ORD502302,2026-06-27,Saturday,18:50,Bursa,Nilüfer,CUST10038,Returning,Male,20.0,Ev,French Press,1,649,5,Bank Transfer,EMP_20,Mobile,616.55
ORD502303,2026-06-10,Wednesday,19:10,İzmir,Karşıyaka,CUST10384,New,Female,24.0,Elektronik,Laptop Standı,1,999,15,Card,EMP_20,Mobile,849.15
ORD502304,2026-06-17,Wednesday,16:30,Ankara,Yenimahalle,CUST10330,Returning,Male,52.0,Kozmetik,Serum,1,899,0,PayPal,EMP_08,Mobile,899.0
ORD502305,2026-06-30,Tuesday,15:30,Konya,Selçuklu,CUST11887,New,Female,58.0,Kitap,Bilim,1,429,5,PayPal,EMP_03,Mobile,407.55
ORD502306,2026-06-23,Tuesday,13:50,Ankara,Çankaya,CUST11516,Returning,Female,54.0,Kitap,Veri Analizi 101,1,549,10,Bank Transfer,EMP_08,Mobile,494.1
ORD502307,2026-06-17,Wednesday,19:25,Ankara,Yenimahalle,CUST11551,New,Female,64.0,Ofis,Kalem Seti,1,229,0,Bank Transfer,EMP_20,Mobile,229.0
ORD502308,2026-06-24,Wednesday,11:45,Antalya,Muratpaşa,CUST11997,Returning,Male,53.0,Kitap,Roman,1,299,10,Wallet,EMP_01,Web,269.1
ORD502309,2026-06-28,Sunday,17:55,Ankara,Çankaya,CUST11769,New,Female,61.0,Ofis,Defter,3,179,10,Card,EMP_01,Web,483.3
ORD502310,2026-06-21,Sunday,18:15,İstanbul,Kadıköy,CUST10897,Returning,Female,28.0,Kitap,Bilim,1,429,5,Bank Transfer,EMP_19,Web,407.55
ORD502311,2026-06-13,Saturday,17:50,İstanbul,Bakırköy,CUST11041,New,Female,20.0,Kitap,Finans,4,459,0,Wallet,EMP_07,Mobile,1836.0
ORD502312,2026-06-19,Friday,20:05,İzmir,Karşıyaka,CUST11890,Returning,Female,57.0,Spor,Suluk,2,249,5,Wallet,EMP_21,Web,473.1
ORD502313,2026-06-23,Tuesday,21:45,Adana,Seyhan,CUST10946,New,Male,32.0,Kozmetik,Parfüm,1,1799,0,Card,EMP_02,Mobile,1799.0
ORD502314,2026-06-23,Tuesday,12:05,Antalya,Muratpaşa,CUST11242,New,Male,49.0,Kozmetik,Şampuan,1,319,20,PayPal,EMP_18,Web,255.2
ORD502315,2026-06-01,Monday,19:15,İzmir,Bornova,CUST11903,Returning,Female,51.0,Spor,Pilates Bandı,1,349,0,Card,EMP_11,Web,349.0
ORD502316,2026-06-04,Thursday,18:35,Ankara,Yenimahalle,CUST10385,Returning,Male,62.0,Elektronik,Powerbank,1,899,0,Wallet,EMP_10,Mobile,899.0
ORD502317,2026-06-13,Saturday,17:25,Eskişehir,Odunpazarı,CUST10269,Returning,Male,58.0,Spor,Suluk,3,249,10,PayPal,EMP_12,Web,672.3
ORD502318,2026-06-29,Monday,18:10,İstanbul,Kadıköy,CUST10349,Returning,Female,37.0,Ev,French Press,1,649,0,Card,EMP_23,Mobile,649.0
ORD502319,2026-06-14,Sunday,16:15,Adana,Seyhan,CUST11832,New,Male,28.0,Ofis,Defter,1,179,15,PayPal,EMP_25,Mobile,152.15
ORD502320,2026-06-29,Monday,11:20,İzmir,Karşıyaka,CUST11561,New,Female,43.0,Elektronik,Laptop Standı,2,999,15,Card,EMP_22,Mobile,1698.3
ORD502321,2026-06-09,Tuesday,20:15,İstanbul,Şişli,CUST10709,New,Female,32.0,Ev,Saklama Kabı,1,299,10,PayPal,EMP_24,Mobile,269.1
ORD502322,2026-06-10,Wednesday,14:45,İzmir,Karşıyaka,CUST10085,New,Male,32.0,Elektronik,Akıllı Saat,2,3499,0,PayPal,EMP_05,Mobile,6998.0
ORD502323,2026-06-23,Tuesday,15:05,Kocaeli,İzmit,CUST11383,New,Female,48.0,Elektronik,Bluetooth Kulaklık,3,1299,10,Wallet,EMP_08,Mobile,3507.3
ORD502324,2026-06-16,Tuesday,16:30,İstanbul,Şişli,CUST11364,Returning,Male,27.0,Spor,Yoga Matı,4,699,10,Bank Transfer,EMP_02,Mobile,2516.4
ORD502325,2026-06-15,Monday,16:40,Ankara,Yenimahalle,CUST11557,New,Female,49.0,Ev,French Press,2,649,5,Bank Transfer,EMP_07,Mobile,1233.1
ORD502326,2026-06-28,Sunday,21:05,Ankara,Yenimahalle,CUST11799,Returning,Male,32.0,Kozmetik,Yüz Temizleyici,3,429,5,Bank Transfer,EMP_14,Mobile,1222.65
ORD502327,2026-06-26,Friday,19:30,İstanbul,Şişli,CUST10300,New,Male,56.0,Elektronik,Akıllı Saat,2,3499,10,Wallet,EMP_24,Web,6298.2
ORD502328,2026-06-27,Saturday,18:45,Antalya,Muratpaşa,CUST11788,Returning,Female,65.0,Elektronik,Powerbank,2,899,15,Card,EMP_16,Mobile,1528.3
ORD502329,2026-06-21,Sunday,12:35,İstanbul,Bakırköy,CUST10990,Returning,Male,24.0,Spor,Yoga Matı,3,699,10,Wallet,EMP_14,Web,1887.3
ORD502330,2026-06-18,Thursday,09:15,İzmir,Bornova,CUST10684,New,Male,43.0,Ofis,Ajanda,2,319,20,Wallet,EMP_27,Web,510.4
ORD502331,2026-06-21,Sunday,18:55,İstanbul,Kadıköy,CUST10462,New,Female,52.0,Ofis,Ajanda,4,319,0,PayPal,EMP_08,Mobile,1276.0
ORD502332,2026-06-18,Thursday,14:50,İzmir,Bornova,CUST11937,Returning,Male,50.0,Elektronik,Kablosuz Mouse,2,499,0,Card,EMP_15,Web,998.0
ORD502333,2026-06-08,Monday,09:40,Kocaeli,İzmit,CUST11675,Returning,Male,36.0,Elektronik,Kablosuz Mouse,1,499,0,Unknown,EMP_21,Web,499.0
ORD502334,2026-06-18,Thursday,19:50,Ankara,Yenimahalle,CUST10560,Returning,Male,26.0,Ev,Masa Lambası,1,899,10,Bank Transfer,EMP_25,Mobile,809.1
ORD502335,2026-06-13,Saturday,16:55,Antalya,Muratpaşa,CUST10143,Returning,Male,38.0,Spor,Koşu Çantası,2,499,15,Wallet,EMP_13,Mobile,848.3
ORD502336,2026-06-15,Monday,21:20,Adana,Seyhan,CUST11728,Returning,Male,53.0,Elektronik,Akıllı Saat,2,3499,0,PayPal,EMP_22,Mobile,6998.0
ORD502337,2026-06-14,Sunday,20:35,Bursa,Nilüfer,CUST11122,New,Male,28.0,Spor,Suluk,3,249,10,Bank Transfer,EMP_21,Mobile,672.3
ORD502338,2026-06-19,Friday,18:10,Kocaeli,İzmit,CUST11818,New,Female,32.0,Ofis,Ajanda,1,319,15,Wallet,EMP_01,Web,271.15
ORD502339,2026-06-14,Sunday,19:20,İstanbul,Kadıköy,CUST10510,Returning,Male,59.0,Kozmetik,Güneş Kremi,2,599,0,Card,EMP_14,Mobile,1198.0
ORD502340,2026-06-24,Wednesday,18:50,Ankara,Çankaya,CUST11218,New,Male,34.0,Ofis,Monitör Yükseltici,3,1199,0,Wallet,EMP_13,Mobile,3597.0
ORD502341,2026-06-30,Tuesday,20:45,Gaziantep,Şehitkamil,CUST11235,New,Female,27.0,Elektronik,Kablosuz Mouse,1,499,0,PayPal,EMP_15,Mobile,499.0
ORD502342,2026-06-02,Tuesday,12:25,İstanbul,Şişli,CUST10121,New,Female,19.0,Kozmetik,Güneş Kremi,3,599,10,Wallet,EMP_09,Mobile,1617.3
ORD502343,2026-06-29,Monday,09:05,Bursa,Nilüfer,CUST10233,Returning,Female,57.0,Elektronik,Bluetooth Kulaklık,1,1299,5,Bank Transfer,EMP_24,Mobile,1234.05
ORD502344,2026-06-29,Monday,15:35,Ankara,Yenimahalle,CUST11970,Returning,Female,33.0,Kozmetik,Şampuan,1,319,0,Card,EMP_21,Web,319.0
ORD502345,2026-06-12,Friday,20:30,Gaziantep,Şehitkamil,CUST11760,New,Male,18.0,Kozmetik,Parfüm,2,1799,5,Bank Transfer,EMP_24,Mobile,3418.1
ORD502346,2026-06-28,Sunday,18:00,İstanbul,Şişli,CUST11032,Returning,Female,27.0,Elektronik,Bluetooth Kulaklık,1,1299,0,Card,EMP_05,Mobile,1299.0
ORD502347,2026-06-16,Tuesday,17:00,İstanbul,Kadıköy,CUST10247,New,Male,27.0,Ev,Blender,1,2199,5,PayPal,EMP_03,Mobile,2089.05
ORD502348,2026-06-15,Monday,19:25,Antalya,Muratpaşa,CUST11964,New,Male,29.0,Elektronik,Laptop Standı,1,999,5,PayPal,EMP_25,Web,949.05
ORD502349,2026-06-26,Friday,19:45,Gaziantep,Şehitkamil,CUST10367,New,Female,44.0,Elektronik,Akıllı Saat,1,3499,10,PayPal,EMP_21,Mobile,3149.1
ORD502350,2026-06-04,Thursday,18:15,Antalya,Muratpaşa,CUST11669,New,Female,33.0,Elektronik,Laptop Standı,2,999,5,PayPal,EMP_23,Web,1898.1
ORD502351,2026-06-05,Friday,17:50,Ankara,Yenimahalle,CUST11847,Returning,Female,61.0,Ev,French Press,1,649,5,Bank Transfer,EMP_20,Web,616.55
ORD502352,2026-06-04,Thursday,15:05,İstanbul,Bakırköy,CUST10353,Returning,Female,25.0,Ev,French Press,1,649,0,Bank Transfer,EMP_18,Web,649.0
ORD502353,2026-06-07,Sunday,17:15,İzmir,Bornova,CUST11551,New,Female,56.0,Kozmetik,Parfüm,1,1799,0,Wallet,EMP_23,Web,1799.0
ORD502354,2026-06-20,Saturday,13:25,Gaziantep,Şehitkamil,CUST11498,Returning,Male,21.0,Elektronik,Laptop Standı,3,999,0,Wallet,EMP_20,Mobile,2997.0
ORD502355,2026-06-25,Thursday,18:00,Ankara,Yenimahalle,CUST10638,Returning,Male,45.0,Kozmetik,Güneş Kremi,3,599,0,Card,EMP_08,Mobile,1797.0
ORD502356,2026-06-09,Tuesday,18:35,Ankara,Yenimahalle,CUST11412,Returning,Male,48.0,Kitap,Veri Analizi 101,2,549,5,Bank Transfer,EMP_14,Web,1043.1
ORD502357,2026-06-06,Saturday,20:40,İstanbul,Şişli,CUST11767,New,Male,53.0,Spor,Koşu Çantası,2,499,5,Card,EMP_30,Web,948.1
ORD502358,2026-06-24,Wednesday,19:30,İzmir,Bornova,CUST10536,New,Male,24.0,Elektronik,Kablosuz Mouse,1,499,0,Bank Transfer,EMP_21,Mobile,499.0
ORD502359,2026-06-20,Saturday,15:15,İstanbul,Bakırköy,CUST10777,Returning,Female,24.0,Kitap,Roman,2,299,5,Card,EMP_13,Mobile,568.1
ORD502360,2026-06-03,Wednesday,19:20,İzmir,Karşıyaka,CUST10950,New,Female,58.0,Elektronik,Laptop Standı,2,999,15,Wallet,EMP_04,Web,1698.3
ORD502361,2026-06-12,Friday,12:10,Adana,Seyhan,CUST10730,Returning,Female,49.0,Ofis,Kalem Seti,1,229,0,Bank Transfer,EMP_05,Mobile,229.0
ORD502362,2026-06-07,Sunday,12:35,Kocaeli,İzmit,CUST11503,New,Female,22.0,Spor,Koşu Çantası,1,499,5,Wallet,EMP_14,Mobile,474.05
ORD502363,2026-06-20,Saturday,13:35,Adana,Seyhan,CUST10480,Returning,Male,62.0,Ofis,Monitör Yükseltici,1,1199,20,Bank Transfer,EMP_24,Mobile,959.2
ORD502364,2026-06-20,Saturday,13:00,Ankara,Yenimahalle,CUST11712,New,Female,62.0,Spor,Dambıl Seti,5,1899,20,Card,EMP_04,Web,7596.0
ORD502365,2026-06-15,Monday,17:10,Kocaeli,İzmit,CUST11057,New,Male,24.0,Kitap,Kişisel Gelişim,1,349,5,Wallet,EMP_04,Mobile,331.55
ORD502366,2026-06-18,Thursday,20:15,Ankara,Yenimahalle,CUST10540,Returning,Female,30.0,Ev,Masa Lambası,4,899,10,Wallet,EMP_28,Web,3236.4
ORD502367,2026-06-04,Thursday,20:50,Bursa,Nilüfer,CUST10971,New,Female,42.0,Ev,Saklama Kabı,2,299,10,PayPal,EMP_16,Web,538.2
ORD502368,2026-06-05,Friday,11:30,İstanbul,Şişli,CUST10831,Returning,Male,22.0,Kitap,Bilim,1,429,0,Card,EMP_21,Mobile,429.0
ORD502369,2026-06-15,Monday,14:40,Gaziantep,Şehitkamil,CUST10494,New,Male,21.0,Ofis,Kalem Seti,1,229,0,PayPal,EMP_18,Web,229.0
ORD502370,2026-06-25,Thursday,15:15,İstanbul,Kadıköy,CUST11619,New,Male,32.0,Elektronik,Powerbank,2,899,15,Wallet,EMP_08,Mobile,1528.3
ORD502371,2026-06-08,Monday,18:20,Kocaeli,İzmit,CUST11566,New,Male,29.0,Elektronik,Powerbank,2,899,5,Bank Transfer,EMP_09,Mobile,1708.1
ORD502372,2026-06-01,Monday,19:05,Bursa,Nilüfer,CUST10398,Returning,Male,46.0,Elektronik,Powerbank,1,899,10,PayPal,EMP_21,Mobile,809.1
ORD502373,2026-06-02,Tuesday,20:10,Antalya,Muratpaşa,CUST11613,Returning,Female,51.0,Ofis,Defter,3,179,0,PayPal,EMP_07,Web,537.0
ORD502374,2026-06-11,Thursday,16:35,Antalya,Muratpaşa,CUST11432,Returning,Female,53.0,Kozmetik,Serum,1,899,0,Wallet,EMP_10,Mobile,899.0
ORD502375,2026-06-30,Tuesday,20:30,Adana,Seyhan,CUST11834,New,Male,52.0,Ofis,Defter,1,179,10,Card,EMP_12,Web,161.1
ORD502376,2026-06-21,Sunday,16:00,Ankara,Yenimahalle,CUST11101,New,Male,55.0,Elektronik,Laptop Standı,1,999,10,Wallet,EMP_24,Mobile,899.1
ORD502377,2026-06-24,Wednesday,21:45,Antalya,Muratpaşa,CUST10728,New,Male,39.0,Ofis,Monitör Yükseltici,1,1199,20,Wallet,EMP_07,Mobile,959.2
ORD502378,2026-06-23,Tuesday,16:35,Ankara,Yenimahalle,CUST11683,Returning,Male,55.0,Kitap,Kişisel Gelişim,2,349,0,Card,EMP_09,Web,698.0
ORD502379,2026-06-01,Monday,16:30,Konya,Selçuklu,CUST10395,New,Female,30.0,Ofis,Masa Düzenleyici,2,399,10,Bank Transfer,EMP_10,Mobile,718.2
ORD502380,2026-06-21,Sunday,17:55,İstanbul,Kadıköy,CUST10047,New,Female,25.0,Ev,Masa Lambası,4,899,10,Bank Transfer,EMP_21,Mobile,3236.4
ORD502381,2026-06-02,Tuesday,16:20,Bursa,Nilüfer,CUST10574,New,Female,42.0,Spor,Yoga Matı,1,699,5,Bank Transfer,EMP_08,Web,664.05
ORD502382,2026-06-09,Tuesday,20:35,Ankara,Yenimahalle,CUST10165,New,Female,52.0,Kozmetik,Parfüm,1,1799,0,PayPal,EMP_06,Web,1799.0
ORD502383,2026-06-16,Tuesday,13:25,Konya,Selçuklu,CUST11496,New,Male,39.0,Kozmetik,Serum,1,899,0,PayPal,EMP_14,Web,899.0
ORD502384,2026-06-05,Friday,17:10,Antalya,Muratpaşa,CUST10911,New,Female,30.0,Ev,Termos,1,549,0,Bank Transfer,EMP_23,Web,549.0
ORD502385,2026-06-10,Wednesday,13:20,Kocaeli,İzmit,CUST11234,New,Female,44.0,Kitap,Bilim,1,429,5,Wallet,EMP_03,Mobile,407.55
ORD502386,2026-06-17,Wednesday,17:55,Bursa,Nilüfer,CUST11347,Returning,Male,18.0,Ev,Termos,1,549,10,PayPal,EMP_10,Mobile,494.1
ORD502387,2026-06-22,Monday,18:00,Kocaeli,İzmit,CUST10026,New,Male,22.0,Elektronik,Powerbank,3,899,0,Wallet,EMP_25,Mobile,2697.0
ORD502388,2026-06-03,Wednesday,15:10,Antalya,Muratpaşa,CUST10875,New,Female,38.0,Kozmetik,Serum,2,899,0,Wallet,EMP_28,Mobile,1798.0
ORD502389,2026-06-13,Saturday,17:55,Ankara,Yenimahalle,CUST10148,New,Male,37.0,Elektronik,Powerbank,4,899,0,PayPal,EMP_02,Mobile,3596.0
ORD502390,2026-06-15,Monday,15:40,İzmir,Karşıyaka,CUST10861,New,Male,60.0,Ofis,Kalem Seti,1,229,0,PayPal,EMP_22,Web,229.0
ORD502391,2026-06-23,Tuesday,17:45,Bursa,Nilüfer,CUST10975,New,Female,55.0,Spor,Koşu Çantası,2,499,0,Card,EMP_20,Mobile,998.0
ORD502392,2026-06-21,Sunday,20:55,İzmir,Karşıyaka,CUST11150,New,Female,33.0,Ofis,Ajanda,2,319,10,Wallet,EMP_13,Mobile,574.2
ORD502393,2026-06-08,Monday,10:25,İstanbul,Şişli,CUST10571,New,Female,51.0,Spor,Suluk,2,249,0,Bank Transfer,EMP_25,Mobile,498.0
ORD502394,2026-06-18,Thursday,19:40,Adana,Seyhan,CUST10496,New,Male,49.0,Spor,Yoga Matı,1,699,0,Wallet,EMP_19,Mobile,699.0
ORD502395,2026-06-28,Sunday,11:10,İstanbul,Bakırköy,CUST10293,New,Female,62.0,Spor,Koşu Çantası,5,499,0,Card,EMP_11,Mobile,2495.0
ORD502396,2026-06-08,Monday,19:35,Ankara,Çankaya,CUST10503,New,Female,28.0,Spor,Yoga Matı,1,699,10,Bank Transfer,EMP_01,Web,629.1
ORD502397,2026-06-27,Saturday,18:40,Gaziantep,Şehitkamil,CUST11686,New,Female,24.0,Ev,Blender,2,2199,15,Bank Transfer,EMP_29,Web,3738.3
ORD502398,2026-06-13,Saturday,15:55,Adana,Seyhan,CUST10336,Returning,Female,41.0,Ev,Blender,4,2199,5,Card,EMP_17,Web,8356.2
ORD502399,2026-06-21,Sunday,16:45,İzmir,Bornova,CUST11895,Returning,Male,38.0,Spor,Pilates Bandı,2,349,5,Wallet,EMP_09,Web,663.1
ORD502400,2026-06-25,Thursday,20:45,İstanbul,Kadıköy,CUST11156,New,Male,31.0,Elektronik,Akıllı Saat,1,3499,0,Bank Transfer,EMP_13,Mobile,3499.0
ORD502401,2026-06-22,Monday,17:25,İstanbul,Şişli,CUST11539,New,Male,34.0,Ofis,Ajanda,2,319,0,Wallet,EMP_27,Web,638.0
ORD502402,2026-06-30,Tuesday,16:50,Eskişehir,Odunpazarı,CUST10642,Returning,Female,54.0,Kitap,Roman,2,299,0,PayPal,EMP_09,Web,598.0
ORD502403,2026-06-16,Tuesday,16:05,Ankara,Yenimahalle,CUST11764,New,Female,47.0,Spor,Dambıl Seti,1,1899,0,PayPal,EMP_23,Web,1899.0
ORD502404,2026-06-27,Saturday,20:40,Konya,Selçuklu,CUST11150,New,Female,26.0,Elektronik,Powerbank,3,899,15,Unknown,EMP_24,Mobile,2292.45
ORD502405,2026-06-27,Saturday,13:30,İstanbul,Şişli,CUST10785,New,Male,65.0,Ofis,Kalem Seti,2,229,5,PayPal,EMP_24,Web,435.1
ORD502406,2026-06-19,Friday,21:35,Antalya,Muratpaşa,CUST11957,Returning,Female,43.0,Kozmetik,Şampuan,2,319,0,Wallet,EMP_08,Mobile,638.0
ORD502407,2026-06-25,Thursday,18:25,Antalya,Muratpaşa,CUST11442,Returning,Male,28.0,Ofis,Masa Düzenleyici,1,399,10,PayPal,EMP_11,Mobile,359.1
ORD502408,2026-06-26,Friday,16:20,İstanbul,Kadıköy,CUST10021,New,Female,54.0,Ofis,Masa Düzenleyici,4,399,5,Bank Transfer,EMP_09,Web,1516.2
ORD502409,2026-06-22,Monday,16:55,Antalya,Muratpaşa,CUST11237,Returning,Female,22.0,Kozmetik,Serum,2,899,5,Bank Transfer,EMP_07,Mobile,1708.1
ORD502410,2026-06-17,Wednesday,19:50,İstanbul,Kadıköy,CUST11583,Returning,Male,26.0,Kozmetik,Serum,1,899,0,Card,EMP_26,Mobile,899.0
ORD502411,2026-06-27,Saturday,16:50,Kocaeli,İzmit,CUST10814,Returning,Female,32.0,Kozmetik,Yüz Temizleyici,2,429,15,Card,EMP_08,Mobile,729.3
ORD502412,2026-06-13,Saturday,15:45,Eskişehir,Odunpazarı,CUST10681,New,Male,48.0,Kitap,Finans,2,459,0,Wallet,EMP_27,Web,918.0
ORD502413,2026-06-05,Friday,17:00,Eskişehir,Odunpazarı,CUST10514,New,Female,63.0,Spor,Dambıl Seti,1,1899,0,Card,EMP_01,Web,1899.0
ORD502414,2026-06-24,Wednesday,18:10,Kocaeli,İzmit,CUST10394,Returning,Female,52.0,Ofis,Ajanda,1,319,10,Card,EMP_20,Web,287.1
ORD502415,2026-06-22,Monday,19:20,İstanbul,Bakırköy,CUST11827,Returning,Male,65.0,Spor,Dambıl Seti,3,1899,0,Wallet,EMP_17,Mobile,5697.0
ORD502416,2026-06-26,Friday,10:40,İzmir,Bornova,CUST11438,Returning,Male,38.0,Kitap,Bilim,1,429,5,PayPal,EMP_26,Mobile,407.55
ORD502417,2026-06-15,Monday,12:05,İstanbul,Kadıköy,CUST11815,Returning,Female,56.0,Ev,Masa Lambası,3,899,0,Wallet,EMP_07,Mobile,2697.0
ORD502418,2026-06-07,Sunday,19:50,Ankara,Yenimahalle,CUST10847,Returning,Female,54.0,Kitap,Bilim,3,429,0,Bank Transfer,EMP_13,Web,1287.0
ORD502419,2026-06-24,Wednesday,18:20,Eskişehir,Odunpazarı,CUST10780,Returning,Female,57.0,Ev,Masa Lambası,3,899,15,Card,EMP_24,Mobile,2292.45
ORD502420,2026-06-17,Wednesday,17:30,İstanbul,Bakırköy,CUST10599,New,Male,63.0,Elektronik,Laptop Standı,2,999,0,Bank Transfer,EMP_12,Mobile,1998.0
ORD502421,2026-06-21,Sunday,18:15,İstanbul,Şişli,CUST11533,Returning,Male,64.0,Spor,Suluk,2,249,20,Card,EMP_10,Mobile,398.4
ORD502422,2026-06-23,Tuesday,19:50,İstanbul,Kadıköy,CUST10567,New,Female,62.0,Elektronik,Kablosuz Mouse,1,499,10,Wallet,EMP_29,Mobile,449.1
ORD502423,2026-06-24,Wednesday,16:40,İstanbul,Kadıköy,CUST11283,Returning,Female,19.0,Ofis,Kalem Seti,1,229,10,Wallet,EMP_12,Mobile,206.1
ORD502424,2026-06-11,Thursday,15:25,Ankara,Yenimahalle,CUST10932,Returning,Male,36.0,Ofis,Kalem Seti,2,229,0,PayPal,EMP_21,Mobile,458.0
ORD502425,2026-06-10,Wednesday,18:25,İstanbul,Kadıköy,CUST11429,Returning,Female,24.0,Kozmetik,Serum,2,899,5,Wallet,EMP_13,Mobile,1708.1
ORD502426,2026-06-07,Sunday,12:40,İstanbul,Bakırköy,CUST11418,New,Male,58.0,Kozmetik,Şampuan,2,319,0,Wallet,EMP_29,Mobile,638.0
ORD502427,2026-06-10,Wednesday,16:55,Konya,Selçuklu,CUST11025,Returning,Female,52.0,Ev,Saklama Kabı,1,299,0,PayPal,EMP_13,Web,299.0
ORD502428,2026-06-27,Saturday,19:35,İstanbul,Kadıköy,CUST10817,Returning,Female,55.0,Kitap,Kişisel Gelişim,2,349,10,Card,EMP_12,Web,628.2
ORD502429,2026-06-21,Sunday,16:15,Kocaeli,İzmit,CUST11653,Returning,Male,49.0,Kitap,Bilim,2,429,5,Bank Transfer,EMP_12,Web,815.1
ORD502430,2026-06-12,Friday,20:45,İstanbul,Bakırköy,CUST11563,Returning,Female,35.0,Ofis,Ajanda,1,319,10,Card,EMP_09,Web,287.1
ORD502431,2026-06-22,Monday,20:50,İstanbul,Kadıköy,CUST11978,Returning,Male,42.0,Ev,Blender,2,2199,0,Bank Transfer,EMP_19,Mobile,4398.0
ORD502432,2026-06-10,Wednesday,18:05,Gaziantep,Şehitkamil,CUST11583,New,Female,24.0,Elektronik,Bluetooth Kulaklık,4,1299,0,Wallet,EMP_08,Mobile,5196.0
ORD502433,2026-06-13,Saturday,17:10,Kocaeli,İzmit,CUST10764,New,Male,60.0,Kozmetik,Yüz Temizleyici,5,429,0,Card,EMP_11,Mobile,2145.0
ORD502434,2026-06-17,Wednesday,13:00,Ankara,Yenimahalle,CUST11958,New,Male,61.0,Kozmetik,Şampuan,1,319,20,Bank Transfer,EMP_20,Web,255.2
ORD502435,2026-06-19,Friday,15:20,İstanbul,Şişli,CUST11970,New,Male,36.0,Elektronik,Kablosuz Mouse,1,499,0,PayPal,EMP_18,Mobile,499.0
ORD502436,2026-06-13,Saturday,16:25,Adana,Seyhan,CUST10169,Returning,Female,31.0,Spor,Dambıl Seti,4,1899,0,Card,EMP_17,Mobile,7596.0
ORD502437,2026-06-20,Saturday,20:05,İstanbul,Şişli,CUST10815,Returning,Male,62.0,Elektronik,Laptop Standı,3,999,0,Bank Transfer,EMP_04,Mobile,2997.0
ORD502438,2026-06-09,Tuesday,14:55,İstanbul,Şişli,CUST11615,New,Female,63.0,Elektronik,Bluetooth Kulaklık,1,1299,5,Bank Transfer,EMP_03,Web,1234.05
ORD502439,2026-06-28,Sunday,20:55,İstanbul,Kadıköy,CUST11648,Returning,Male,29.0,Elektronik,Bluetooth Kulaklık,3,1299,15,Wallet,EMP_13,Mobile,3312.45
ORD502440,2026-06-02,Tuesday,12:10,İzmir,Bornova,CUST10270,New,Male,49.0,Elektronik,Kablosuz Mouse,1,499,0,Card,EMP_24,Mobile,499.0
ORD502441,2026-06-02,Tuesday,12:55,Adana,Seyhan,CUST11329,Returning,Female,53.0,Kozmetik,Güneş Kremi,2,599,0,Bank Transfer,EMP_13,Mobile,1198.0
ORD502442,2026-06-15,Monday,17:50,İstanbul,Şişli,CUST10539,Returning,Male,40.0,Elektronik,Akıllı Saat,2,3499,0,Unknown,EMP_16,Web,6998.0
ORD502443,2026-06-14,Sunday,14:20,Ankara,Çankaya,CUST10906,New,Female,58.0,Elektronik,Kablosuz Mouse,2,499,0,Bank Transfer,EMP_21,Mobile,998.0
ORD502444,2026-06-18,Thursday,19:45,İzmir,Bornova,CUST10538,Returning,Male,31.0,Ofis,Masa Düzenleyici,2,399,0,Wallet,EMP_27,Mobile,798.0
ORD502445,2026-06-01,Monday,19:50,İzmir,Bornova,CUST10026,New,Female,54.0,Ev,French Press,2,649,0,Wallet,EMP_22,Web,1298.0
ORD502446,2026-06-08,Monday,18:50,Konya,Selçuklu,CUST11199,Returning,Female,33.0,Elektronik,Akıllı Saat,2,3499,0,PayPal,EMP_09,Mobile,6998.0
ORD502447,2026-06-12,Friday,13:55,İstanbul,Şişli,CUST10504,New,Female,29.0,Ev,Masa Lambası,2,899,5,Wallet,EMP_22,Mobile,1708.1
ORD502448,2026-06-12,Friday,16:15,İstanbul,Bakırköy,CUST11466,Returning,Female,43.0,Spor,Dambıl Seti,2,1899,0,Wallet,EMP_06,Mobile,3798.0
ORD502449,2026-06-29,Monday,16:35,Ankara,Yenimahalle,CUST11724,Returning,Female,59.0,Kozmetik,Serum,2,899,10,PayPal,EMP_11,Mobile,1618.2
ORD502450,2026-06-17,Wednesday,14:50,İzmir,Bornova,CUST11227,Returning,Female,63.0,Ev,Blender,1,2199,0,Card,EMP_12,Web,2199.0
ORD502451,2026-06-27,Saturday,15:20,Antalya,Muratpaşa,CUST10652,New,Male,64.0,Kozmetik,Güneş Kremi,3,599,0,Card,EMP_24,Mobile,1797.0
ORD502452,2026-06-01,Monday,14:25,İzmir,Karşıyaka,CUST10740,New,Female,43.0,Kozmetik,Şampuan,3,319,5,Card,EMP_18,Mobile,909.15
ORD502453,2026-06-05,Friday,10:15,Ankara,Çankaya,CUST11829,Returning,Female,19.0,Elektronik,Akıllı Saat,3,3499,10,Wallet,EMP_06,Web,9447.3
ORD502454,2026-06-13,Saturday,18:45,Ankara,Çankaya,CUST11416,New,Female,29.0,Ev,Blender,1,2199,5,PayPal,EMP_04,Mobile,2089.05
ORD502455,2026-06-17,Wednesday,20:45,İstanbul,Kadıköy,CUST10874,Returning,Male,41.0,Ofis,Masa Düzenleyici,1,399,5,Card,EMP_11,Mobile,379.05
ORD502456,2026-06-19,Friday,14:40,İzmir,Karşıyaka,CUST10378,Returning,Male,51.0,Spor,Koşu Çantası,1,499,10,Wallet,EMP_24,Mobile,449.1
ORD502457,2026-06-13,Saturday,19:40,İstanbul,Kadıköy,CUST11791,Returning,Female,62.0,Elektronik,Akıllı Saat,2,3499,0,Wallet,EMP_19,Web,6998.0
ORD502458,2026-06-27,Saturday,17:05,Antalya,Muratpaşa,CUST11092,New,Male,32.0,Kitap,Bilim,2,429,0,PayPal,EMP_08,Mobile,858.0
ORD502459,2026-06-12,Friday,18:00,İstanbul,Bakırköy,CUST10401,Returning,Female,26.0,Ev,Termos,1,549,10,Bank Transfer,EMP_11,Web,494.1
ORD502460,2026-06-17,Wednesday,14:40,İstanbul,Şişli,CUST10720,New,Female,38.0,Kozmetik,Güneş Kremi,1,599,0,Bank Transfer,EMP_16,Mobile,599.0
ORD502461,2026-06-28,Sunday,15:20,İzmir,Karşıyaka,CUST10450,New,Female,22.0,Elektronik,Laptop Standı,4,999,15,Bank Transfer,EMP_04,Web,3396.6
ORD502462,2026-06-23,Tuesday,20:35,Ankara,Çankaya,CUST11840,Returning,Male,45.0,Ofis,Monitör Yükseltici,3,1199,5,Wallet,EMP_03,Mobile,3417.15
ORD502463,2026-06-29,Monday,21:00,İstanbul,Şişli,CUST10891,New,Male,23.0,Ev,Saklama Kabı,2,299,0,Wallet,EMP_21,Mobile,598.0
ORD502464,2026-06-22,Monday,14:25,İstanbul,Bakırköy,CUST11260,Returning,Male,56.0,Elektronik,Bluetooth Kulaklık,1,1299,0,Bank Transfer,EMP_18,Mobile,1299.0
ORD502465,2026-06-01,Monday,20:00,Adana,Seyhan,CUST11986,New,Female,53.0,Ev,Blender,1,2199,5,Wallet,EMP_18,Web,2089.05
ORD502466,2026-06-29,Monday,19:05,Adana,Seyhan,CUST11997,Returning,Male,52.0,Spor,Suluk,3,249,0,Bank Transfer,EMP_10,Web,747.0
ORD502467,2026-06-29,Monday,20:10,Antalya,Muratpaşa,CUST11487,Returning,Male,42.0,Spor,Pilates Bandı,1,349,0,Bank Transfer,EMP_17,Web,349.0
ORD502468,2026-06-01,Monday,20:55,Gaziantep,Şehitkamil,CUST11557,Returning,Male,46.0,Spor,Suluk,3,249,5,Bank Transfer,EMP_04,Web,709.65
ORD502469,2026-06-07,Sunday,18:55,Ankara,Yenimahalle,CUST10318,Returning,Female,22.0,Kozmetik,Yüz Temizleyici,4,429,5,PayPal,EMP_01,Mobile,1630.2
ORD502470,2026-06-15,Monday,19:25,Eskişehir,Odunpazarı,CUST11685,New,Female,56.0,Ev,Termos,2,549,0,PayPal,EMP_25,Web,1098.0
ORD502471,2026-06-10,Wednesday,14:10,İstanbul,Kadıköy,CUST10006,Returning,Male,23.0,Elektronik,Kablosuz Mouse,4,499,5,PayPal,EMP_04,Mobile,1896.2
ORD502472,2026-06-22,Monday,17:20,İstanbul,Kadıköy,CUST10841,Returning,Female,55.0,Elektronik,Bluetooth Kulaklık,3,1299,0,Card,EMP_06,Mobile,3897.0
ORD502473,2026-06-23,Tuesday,19:50,Eskişehir,Odunpazarı,CUST11726,Returning,Male,37.0,Ev,French Press,2,649,5,Bank Transfer,EMP_08,Mobile,1233.1
ORD502474,2026-06-25,Thursday,17:40,Kocaeli,İzmit,CUST10434,Returning,Male,,Kozmetik,Serum,2,899,15,Wallet,EMP_01,Web,1528.3
ORD502475,2026-06-21,Sunday,15:25,İstanbul,Bakırköy,CUST11844,Returning,Male,61.0,Kitap,Roman,1,299,0,Bank Transfer,EMP_03,Mobile,299.0
ORD502476,2026-06-10,Wednesday,20:40,Konya,Selçuklu,CUST11736,Returning,Female,44.0,Ev,Blender,4,2199,0,Card,EMP_28,Mobile,8796.0
ORD502477,2026-06-14,Sunday,13:30,Gaziantep,Şehitkamil,CUST11412,Returning,Female,32.0,Ofis,Kalem Seti,2,229,10,Bank Transfer,EMP_09,Mobile,412.2
ORD502478,2026-06-08,Monday,18:10,Konya,Selçuklu,CUST10327,Returning,Female,38.0,Ofis,Defter,3,179,0,Wallet,EMP_07,Mobile,537.0
ORD502479,2026-06-14,Sunday,21:50,İstanbul,Şişli,CUST11426,Returning,Female,30.0,Ofis,Masa Düzenleyici,2,399,10,Bank Transfer,EMP_12,Mobile,718.2
ORD502480,2026-06-22,Monday,10:25,Ankara,Çankaya,CUST10736,Returning,Male,32.0,Kozmetik,Şampuan,1,319,0,Bank Transfer,EMP_19,Mobile,319.0
ORD502481,2026-06-10,Wednesday,13:10,İstanbul,Bakırköy,CUST10799,Returning,Female,34.0,Ev,Blender,1,2199,5,Bank Transfer,EMP_05,Mobile,2089.05
ORD502482,2026-06-08,Monday,18:45,İstanbul,Şişli,CUST10734,New,Male,18.0,Elektronik,Powerbank,4,899,15,Wallet,EMP_17,Web,3056.6
ORD502483,2026-06-06,Saturday,15:45,İstanbul,Kadıköy,CUST10397,New,Male,21.0,Ofis,Defter,1,179,0,Bank Transfer,EMP_30,Web,179.0
ORD502484,2026-06-06,Saturday,18:55,İstanbul,Bakırköy,CUST10264,New,Female,60.0,Spor,Pilates Bandı,2,349,5,PayPal,EMP_16,Web,663.1
ORD502485,2026-06-17,Wednesday,20:45,Eskişehir,Odunpazarı,CUST11391,Returning,Male,45.0,Spor,Pilates Bandı,2,349,0,Wallet,EMP_03,Web,698.0
ORD502486,2026-06-06,Saturday,15:20,Bursa,Nilüfer,CUST10666,New,Male,47.0,Kitap,Finans,1,459,15,Bank Transfer,EMP_18,Mobile,390.15
ORD502487,2026-06-05,Friday,21:25,İstanbul,Kadıköy,CUST10457,New,Female,22.0,Kozmetik,Serum,1,899,0,Bank Transfer,EMP_19,Web,899.0
ORD502488,2026-06-08,Monday,19:20,Eskişehir,Odunpazarı,CUST10844,New,Male,29.0,Kitap,Bilim,2,429,20,Wallet,EMP_20,Web,686.4
ORD502489,2026-06-03,Wednesday,16:30,Kocaeli,İzmit,CUST10874,Returning,Female,31.0,Spor,Dambıl Seti,1,1899,0,PayPal,EMP_04,Web,1899.0
ORD502490,2026-06-06,Saturday,12:15,Eskişehir,Odunpazarı,CUST10792,New,Female,46.0,Spor,Pilates Bandı,1,349,0,Card,EMP_09,Web,349.0
ORD502491,2026-06-19,Friday,20:45,Eskişehir,Odunpazarı,CUST10929,Returning,Female,38.0,Kozmetik,Serum,1,899,5,PayPal,EMP_23,Mobile,854.05
ORD502492,2026-06-13,Saturday,10:50,Adana,Seyhan,CUST10663,Returning,Male,44.0,Spor,Pilates Bandı,2,349,0,Bank Transfer,EMP_15,Mobile,698.0
ORD502493,2026-06-24,Wednesday,16:55,Eskişehir,Odunpazarı,CUST11518,Returning,Female,,Elektronik,Laptop Standı,1,999,0,Card,EMP_03,Mobile,999.0
ORD502494,2026-06-08,Monday,19:15,Ankara,Çankaya,CUST10827,New,Male,19.0,Kitap,Roman,1,299,0,PayPal,EMP_06,Mobile,299.0
ORD502495,2026-06-23,Tuesday,12:45,Gaziantep,Şehitkamil,CUST10522,New,Male,60.0,Ofis,Ajanda,2,319,0,Card,EMP_04,Mobile,638.0
ORD502496,2026-06-19,Friday,17:05,Kocaeli,İzmit,CUST10487,Returning,Female,18.0,Elektronik,Akıllı Saat,2,3499,0,Bank Transfer,EMP_19,Web,6998.0
ORD502497,2026-06-24,Wednesday,19:55,Adana,Seyhan,CUST11730,Returning,Female,32.0,Kitap,Bilim,2,429,5,PayPal,EMP_09,Web,815.1
ORD502498,2026-06-08,Monday,17:05,İzmir,Bornova,CUST11802,New,Male,38.0,Kozmetik,Serum,1,899,15,Bank Transfer,EMP_07,Web,764.15
ORD502499,2026-06-17,Wednesday,18:05,İzmir,Bornova,CUST11138,Returning,Male,23.0,Spor,Yoga Matı,1,699,0,Bank Transfer,EMP_10,Mobile,699.0
ORD502500,2026-06-28,Sunday,20:40,İstanbul,Kadıköy,CUST10838,New,Male,45.0,Spor,Suluk,2,249,0,Card,EMP_27,Mobile,498.0
ORD502501,2026-06-26,Friday,18:45,Eskişehir,Odunpazarı,CUST10134,Returning,Female,58.0,Kozmetik,Yüz Temizleyici,1,429,10,Bank Transfer,EMP_16,Mobile,386.1
ORD502502,2026-06-30,Tuesday,18:45,İzmir,Bornova,CUST10800,New,Female,23.0,Elektronik,Akıllı Saat,2,3499,15,Card,EMP_02,Mobile,5948.3
ORD502503,2026-06-12,Friday,16:00,Gaziantep,Şehitkamil,CUST10352,New,Male,28.0,Kozmetik,Şampuan,1,319,0,PayPal,EMP_16,Mobile,319.0
ORD502504,2026-06-01,Monday,19:30,Kocaeli,İzmit,CUST11181,Returning,Female,34.0,Ev,Masa Lambası,4,899,15,Bank Transfer,EMP_26,Web,3056.6
ORD502505,2026-06-22,Monday,20:00,Eskişehir,Odunpazarı,CUST10724,New,Female,54.0,Kitap,Finans,2,459,0,Card,EMP_12,Mobile,918.0
ORD502506,2026-06-01,Monday,21:00,Adana,Seyhan,CUST11610,Returning,Male,58.0,Ofis,Monitör Yükseltici,1,1199,10,PayPal,EMP_21,Mobile,1079.1
ORD502507,2026-06-20,Saturday,19:40,Adana,Seyhan,CUST11671,Returning,Female,36.0,Elektronik,Akıllı Saat,1,3499,15,PayPal,EMP_10,Web,2974.15
ORD502508,2026-06-15,Monday,19:50,Ankara,Çankaya,CUST11634,New,Female,47.0,Kitap,Veri Analizi 101,1,549,5,Wallet,EMP_28,Web,521.55
ORD502509,2026-06-28,Sunday,18:25,Ankara,Yenimahalle,CUST11838,New,Male,42.0,Elektronik,Bluetooth Kulaklık,3,1299,0,Bank Transfer,EMP_10,Web,3897.0
ORD502510,2026-06-02,Tuesday,19:10,Antalya,Muratpaşa,CUST11738,Returning,Male,50.0,Kozmetik,Yüz Temizleyici,1,429,5,Card,EMP_02,Mobile,407.55
ORD502511,2026-06-09,Tuesday,19:00,Ankara,Yenimahalle,CUST11399,New,Male,26.0,Kozmetik,Yüz Temizleyici,2,429,5,Bank Transfer,EMP_03,Mobile,815.1
ORD502512,2026-06-05,Friday,10:50,İstanbul,Şişli,CUST10542,New,Female,62.0,Ev,Blender,2,2199,0,Bank Transfer,EMP_18,Mobile,4398.0
ORD502513,2026-06-06,Saturday,14:10,Kocaeli,İzmit,CUST11664,Returning,Female,50.0,Spor,Suluk,1,249,0,PayPal,EMP_22,Mobile,249.0
ORD502514,2026-06-16,Tuesday,18:50,Bursa,Nilüfer,CUST11623,New,Female,24.0,Ev,Masa Lambası,5,899,5,Wallet,EMP_27,Web,4270.25
ORD502515,2026-06-24,Wednesday,16:25,Bursa,Nilüfer,CUST10524,New,Female,61.0,Ofis,Monitör Yükseltici,3,1199,5,Wallet,EMP_08,Mobile,3417.15
ORD502516,2026-06-08,Monday,11:20,Ankara,Çankaya,CUST11094,New,Male,30.0,Kitap,Roman,1,299,0,Bank Transfer,EMP_28,Web,299.0
ORD502517,2026-06-24,Wednesday,10:35,Bursa,Nilüfer,CUST11064,Returning,Male,24.0,Elektronik,Powerbank,5,899,10,Bank Transfer,EMP_17,Web,4045.5
ORD502518,2026-06-20,Saturday,18:45,Kocaeli,İzmit,CUST11758,New,Male,43.0,Ev,Masa Lambası,2,899,0,Bank Transfer,EMP_14,Mobile,1798.0
ORD502519,2026-06-16,Tuesday,19:15,İstanbul,Kadıköy,CUST10253,New,Male,43.0,Kozmetik,Şampuan,2,319,5,PayPal,EMP_01,Mobile,606.1
ORD502520,2026-06-11,Thursday,15:55,İstanbul,Şişli,CUST11729,Returning,Male,52.0,Kitap,Roman,1,299,0,Card,EMP_24,Web,299.0
ORD502521,2026-06-18,Thursday,11:00,İstanbul,Kadıköy,CUST11280,Returning,Male,25.0,Ofis,Monitör Yükseltici,1,1199,10,PayPal,EMP_07,Mobile,1079.1
ORD502522,2026-06-26,Friday,09:35,Kocaeli,İzmit,CUST11748,New,Female,44.0,Elektronik,Kablosuz Mouse,1,499,15,Bank Transfer,EMP_22,Mobile,424.15
ORD502523,2026-06-21,Sunday,15:05,Ankara,Yenimahalle,CUST11448,Returning,Female,65.0,Spor,Yoga Matı,2,699,0,Wallet,EMP_18,Mobile,1398.0
ORD502524,2026-06-04,Thursday,15:00,Bursa,Nilüfer,CUST10827,New,Male,19.0,Kozmetik,Serum,1,899,10,Bank Transfer,EMP_21,Mobile,809.1
ORD502525,2026-06-03,Wednesday,19:10,Ankara,Yenimahalle,CUST11852,New,Female,64.0,Kozmetik,Serum,2,899,10,Card,EMP_06,Mobile,1618.2
ORD502526,2026-06-28,Sunday,21:30,Gaziantep,Şehitkamil,CUST10643,Returning,Male,38.0,Elektronik,Kablosuz Mouse,2,499,15,Unknown,EMP_25,Web,848.3
ORD502527,2026-06-26,Friday,15:05,Konya,Selçuklu,CUST11680,New,Male,33.0,Kozmetik,Şampuan,2,319,10,Bank Transfer,EMP_10,Mobile,574.2
ORD502528,2026-06-19,Friday,16:40,Bursa,Nilüfer,CUST11666,New,Male,42.0,Elektronik,Akıllı Saat,3,3499,20,Bank Transfer,EMP_07,Web,8397.6
ORD502529,2026-06-21,Sunday,20:45,Ankara,Yenimahalle,CUST10239,Returning,Male,38.0,Kozmetik,Serum,2,899,10,Card,EMP_11,Mobile,1618.2
ORD502530,2026-06-12,Friday,11:20,Adana,Seyhan,CUST11412,New,Female,65.0,Spor,Suluk,2,249,20,PayPal,EMP_17,Mobile,398.4
ORD502531,2026-06-14,Sunday,13:15,İstanbul,Bakırköy,CUST11416,New,Male,57.0,Kozmetik,Parfüm,2,1799,0,Wallet,EMP_03,Mobile,3598.0
ORD502532,2026-06-18,Thursday,19:10,İzmir,Bornova,CUST11778,Returning,Male,,Ev,Blender,1,2199,10,Card,EMP_30,Web,1979.1
ORD502533,2026-06-05,Friday,20:45,Antalya,Muratpaşa,CUST11992,New,Female,53.0,Kitap,Bilim,3,429,5,PayPal,EMP_07,Mobile,1222.65
ORD502534,2026-06-17,Wednesday,09:25,Antalya,Muratpaşa,CUST11930,New,Female,45.0,Elektronik,Akıllı Saat,1,3499,0,PayPal,EMP_23,Mobile,3499.0
ORD502535,2026-06-06,Saturday,12:25,İstanbul,Şişli,CUST11152,Returning,Male,35.0,Kitap,Roman,1,299,10,Bank Transfer,EMP_03,Web,269.1
ORD502536,2026-06-28,Sunday,16:35,Ankara,Yenimahalle,CUST10826,Returning,Male,51.0,Spor,Dambıl Seti,2,1899,0,Card,EMP_01,Mobile,3798.0
ORD502537,2026-06-24,Wednesday,09:35,Ankara,Çankaya,CUST11483,New,Male,23.0,Elektronik,Akıllı Saat,1,3499,5,Bank Transfer,EMP_25,Mobile,3324.05
ORD502538,2026-06-20,Saturday,12:20,Adana,Seyhan,CUST10084,New,Female,37.0,Kozmetik,Serum,2,899,0,Wallet,EMP_15,Mobile,1798.0
ORD502539,2026-06-11,Thursday,19:45,İzmir,Karşıyaka,CUST10582,Returning,Male,46.0,Spor,Pilates Bandı,2,349,0,PayPal,EMP_23,Web,698.0
ORD502540,2026-06-28,Sunday,16:10,İstanbul,Kadıköy,CUST11845,New,Male,,Elektronik,Akıllı Saat,1,3499,0,Bank Transfer,EMP_20,Mobile,3499.0
ORD502541,2026-06-18,Thursday,18:40,İstanbul,Kadıköy,CUST11726,Returning,Male,41.0,Ofis,Ajanda,3,319,0,Card,EMP_23,Mobile,957.0
ORD502542,2026-06-19,Friday,19:30,Ankara,Yenimahalle,CUST11610,New,Male,52.0,Ofis,Kalem Seti,5,229,0,Bank Transfer,EMP_01,Mobile,1145.0
ORD502543,2026-06-14,Sunday,20:05,Adana,Seyhan,CUST10222,New,Male,33.0,Kozmetik,Güneş Kremi,1,599,0,Wallet,EMP_22,Mobile,599.0
ORD502544,2026-06-11,Thursday,18:00,Bursa,Nilüfer,CUST11567,Returning,Male,35.0,Ofis,Ajanda,2,319,0,Bank Transfer,EMP_30,Mobile,638.0
ORD502545,2026-06-19,Friday,18:20,Ankara,Yenimahalle,CUST11087,Returning,Male,28.0,Spor,Koşu Çantası,1,499,0,PayPal,EMP_16,Mobile,499.0
ORD502546,2026-06-25,Thursday,18:00,Adana,Seyhan,CUST11614,New,Female,20.0,Elektronik,Powerbank,2,899,15,Card,EMP_13,Web,1528.3
ORD502547,2026-06-20,Saturday,16:55,Bursa,Nilüfer,CUST11629,Returning,Female,52.0,Elektronik,Bluetooth Kulaklık,2,1299,5,Wallet,EMP_29,Mobile,2468.1
ORD502548,2026-06-03,Wednesday,19:15,Bursa,Nilüfer,CUST11975,New,Female,58.0,Ev,Masa Lambası,1,899,0,Card,EMP_30,Web,899.0
ORD502549,2026-06-14,Sunday,20:00,Gaziantep,Şehitkamil,CUST11306,Returning,Male,18.0,Spor,Suluk,3,249,5,Wallet,EMP_21,Mobile,709.65
ORD502550,2026-06-17,Wednesday,18:30,Gaziantep,Şehitkamil,CUST10914,New,Male,32.0,Elektronik,Kablosuz Mouse,1,499,0,Wallet,EMP_12,Web,499.0
ORD502551,2026-06-14,Sunday,19:30,Ankara,Çankaya,CUST11260,New,Male,46.0,Elektronik,Laptop Standı,3,999,10,Bank Transfer,EMP_20,Web,2697.3
ORD502552,2026-06-29,Monday,19:40,Adana,Seyhan,CUST10281,New,Female,25.0,Ofis,Defter,2,179,5,Bank Transfer,EMP_27,Web,340.1
ORD502553,2026-06-06,Saturday,18:50,İstanbul,Kadıköy,CUST11416,Returning,Female,,Kitap,Kişisel Gelişim,2,349,15,PayPal,EMP_24,Mobile,593.3
ORD502554,2026-06-20,Saturday,20:35,İstanbul,Kadıköy,CUST10291,Returning,Female,39.0,Elektronik,Laptop Standı,1,999,0,PayPal,EMP_01,Web,999.0
ORD502555,2026-06-03,Wednesday,21:10,Antalya,Muratpaşa,CUST10230,Returning,Female,56.0,Elektronik,Bluetooth Kulaklık,1,1299,0,Card,EMP_04,Mobile,1299.0
ORD502556,2026-06-29,Monday,12:50,Ankara,Çankaya,CUST11377,Returning,Female,23.0,Elektronik,Bluetooth Kulaklık,5,1299,10,PayPal,EMP_19,Mobile,5845.5
ORD502557,2026-06-17,Wednesday,19:55,Eskişehir,Odunpazarı,CUST11897,Returning,Female,20.0,Kozmetik,Yüz Temizleyici,4,429,0,Bank Transfer,EMP_20,Web,1716.0
ORD502558,2026-06-16,Tuesday,19:10,İzmir,Karşıyaka,CUST10097,Returning,Male,33.0,Ofis,Ajanda,2,319,5,Wallet,EMP_06,Mobile,606.1
ORD502559,2026-06-25,Thursday,17:05,Gaziantep,Şehitkamil,CUST10812,New,Female,24.0,Ev,French Press,2,649,5,Card,EMP_05,Mobile,1233.1
ORD502560,2026-06-30,Tuesday,12:15,Konya,Selçuklu,CUST11720,New,Female,58.0,Kitap,Bilim,1,429,0,Wallet,EMP_21,Mobile,429.0
ORD502561,2026-06-28,Sunday,17:05,İstanbul,Kadıköy,CUST10218,New,Male,61.0,Ev,Masa Lambası,5,899,0,Wallet,EMP_28,Mobile,4495.0
ORD502562,2026-06-23,Tuesday,15:30,İstanbul,Kadıköy,CUST11857,New,Female,34.0,Elektronik,Akıllı Saat,1,3499,10,Bank Transfer,EMP_30,Web,3149.1
ORD502563,2026-06-21,Sunday,19:35,İzmir,Karşıyaka,CUST10710,New,Female,,Spor,Yoga Matı,1,699,0,Card,EMP_06,Web,699.0
ORD502564,2026-06-12,Friday,17:30,Ankara,Çankaya,CUST10501,Returning,Female,49.0,Elektronik,Laptop Standı,1,999,15,Bank Transfer,EMP_06,Mobile,849.15
ORD502565,2026-06-03,Wednesday,17:05,Konya,Selçuklu,CUST11997,New,Male,21.0,Ofis,Defter,3,179,5,Card,EMP_22,Web,510.15
ORD502566,2026-06-16,Tuesday,14:30,Antalya,Muratpaşa,CUST10794,New,Female,58.0,Ev,French Press,1,649,10,Wallet,EMP_07,Web,584.1
ORD502567,2026-06-20,Saturday,20:35,Bursa,Nilüfer,CUST11299,Returning,Male,64.0,Ev,Termos,1,549,0,Wallet,EMP_02,Mobile,549.0
ORD502568,2026-06-08,Monday,19:55,Ankara,Yenimahalle,CUST11623,Returning,Female,35.0,Ofis,Monitör Yükseltici,2,1199,5,Wallet,EMP_06,Mobile,2278.1
ORD502569,2026-06-16,Tuesday,18:40,Ankara,Çankaya,CUST11983,Returning,Male,59.0,Ofis,Masa Düzenleyici,1,399,10,Wallet,EMP_04,Web,359.1
ORD502570,2026-06-15,Monday,20:45,İstanbul,Kadıköy,CUST11746,Returning,Female,52.0,Ev,Masa Lambası,2,899,0,Bank Transfer,EMP_22,Mobile,1798.0
ORD502571,2026-06-29,Monday,19:00,İstanbul,Şişli,CUST11783,Returning,Female,54.0,Ev,Termos,1,549,5,PayPal,EMP_21,Mobile,521.55
ORD502572,2026-06-26,Friday,12:45,Konya,Selçuklu,CUST10529,New,Male,39.0,Ev,Masa Lambası,3,899,10,Wallet,EMP_04,Web,2427.3
ORD502573,2026-06-13,Saturday,20:05,İstanbul,Bakırköy,CUST10735,New,Male,51.0,Spor,Suluk,2,249,15,PayPal,EMP_17,Mobile,423.3
ORD502574,2026-06-25,Thursday,14:40,İzmir,Bornova,CUST11381,New,Male,45.0,Elektronik,Akıllı Saat,2,3499,0,PayPal,EMP_20,Mobile,6998.0
ORD502575,2026-06-01,Monday,20:45,Eskişehir,Odunpazarı,CUST10624,New,Male,62.0,Kozmetik,Güneş Kremi,1,599,0,PayPal,EMP_03,Web,599.0
ORD502576,2026-06-30,Tuesday,14:40,Eskişehir,Odunpazarı,CUST11242,New,Male,51.0,Elektronik,Akıllı Saat,1,3499,15,Bank Transfer,EMP_18,Mobile,2974.15
ORD502577,2026-06-15,Monday,20:20,Bursa,Nilüfer,CUST10158,Returning,Male,39.0,Kitap,Veri Analizi 101,2,549,5,Wallet,EMP_06,Web,1043.1
ORD502578,2026-06-21,Sunday,14:05,İstanbul,Bakırköy,CUST11113,Returning,Female,35.0,Elektronik,Akıllı Saat,2,3499,10,PayPal,EMP_26,Web,6298.2
ORD502579,2026-06-12,Friday,17:00,Ankara,Yenimahalle,CUST10210,Returning,Male,44.0,Ev,Termos,1,549,10,Wallet,EMP_10,Mobile,494.1
ORD502580,2026-06-24,Wednesday,21:55,İstanbul,Bakırköy,CUST11230,Returning,Male,43.0,Ev,Masa Lambası,1,899,0,Bank Transfer,EMP_18,Mobile,899.0
ORD502581,2026-06-25,Thursday,17:05,İzmir,Karşıyaka,CUST11308,Returning,Female,34.0,Elektronik,Bluetooth Kulaklık,1,1299,0,Wallet,EMP_13,Mobile,1299.0
ORD502582,2026-06-29,Monday,12:15,Eskişehir,Odunpazarı,CUST10007,New,Female,39.0,Ofis,Kalem Seti,1,229,15,Card,EMP_21,Mobile,194.65
ORD502583,2026-06-19,Friday,10:40,Eskişehir,Odunpazarı,CUST11842,Returning,Female,54.0,Spor,Yoga Matı,2,699,0,PayPal,EMP_11,Web,1398.0
ORD502584,2026-06-14,Sunday,20:50,Antalya,Muratpaşa,CUST11256,Returning,Female,27.0,Elektronik,Bluetooth Kulaklık,2,1299,0,PayPal,EMP_08,Mobile,2598.0
ORD502585,2026-06-10,Wednesday,20:20,İstanbul,Şişli,CUST11877,Returning,Female,55.0,Elektronik,Laptop Standı,3,999,10,Card,EMP_17,Web,2697.3
ORD502586,2026-06-22,Monday,19:40,İzmir,Bornova,CUST10830,Returning,Female,30.0,Elektronik,Powerbank,3,899,10,Card,EMP_21,Mobile,2427.3
ORD502587,2026-06-06,Saturday,13:40,Adana,Seyhan,CUST11164,New,Female,20.0,Spor,Yoga Matı,4,699,0,Bank Transfer,EMP_15,Mobile,2796.0
ORD502588,2026-06-25,Thursday,21:15,Adana,Seyhan,CUST10801,New,Female,29.0,Kitap,Bilim,1,429,0,Bank Transfer,EMP_03,Mobile,429.0
ORD502589,2026-06-13,Saturday,14:45,Bursa,Nilüfer,CUST10884,New,Male,42.0,Ev,Blender,1,2199,5,Bank Transfer,EMP_30,Web,2089.05
ORD502590,2026-06-19,Friday,17:45,Adana,Seyhan,CUST10160,Returning,Male,31.0,Ev,Saklama Kabı,2,299,10,Bank Transfer,EMP_14,Web,538.2
ORD502591,2026-06-08,Monday,21:00,İstanbul,Bakırköy,CUST10665,Returning,Female,33.0,Ofis,Masa Düzenleyici,2,399,0,Wallet,EMP_04,Mobile,798.0
ORD502592,2026-06-16,Tuesday,13:10,Adana,Seyhan,CUST10544,Returning,Female,22.0,Ofis,Defter,2,179,10,Bank Transfer,EMP_18,Mobile,322.2
ORD502593,2026-06-28,Sunday,20:45,İstanbul,Kadıköy,CUST10087,Returning,Female,52.0,Ev,Termos,5,549,5,Card,EMP_13,Web,2607.75
ORD502594,2026-06-22,Monday,20:50,Gaziantep,Şehitkamil,CUST11415,New,Female,53.0,Elektronik,Akıllı Saat,1,3499,5,Wallet,EMP_18,Mobile,3324.05
ORD502595,2026-06-09,Tuesday,21:20,İzmir,Bornova,CUST11846,Returning,Female,28.0,Elektronik,Powerbank,3,899,0,Wallet,EMP_07,Mobile,2697.0
ORD502596,2026-06-21,Sunday,14:00,Ankara,Çankaya,CUST11441,Returning,Female,44.0,Kozmetik,Şampuan,2,319,0,Wallet,EMP_05,Web,638.0
ORD502597,2026-06-02,Tuesday,14:15,Eskişehir,Odunpazarı,CUST11491,Returning,Male,62.0,Ev,Masa Lambası,3,899,0,Bank Transfer,EMP_18,Web,2697.0
ORD502598,2026-06-09,Tuesday,20:10,Eskişehir,Odunpazarı,CUST10485,New,Female,65.0,Kitap,Kişisel Gelişim,1,349,5,Card,EMP_26,Web,331.55
ORD502599,2026-06-10,Wednesday,17:50,Bursa,Nilüfer,CUST10787,Returning,Female,47.0,Spor,Suluk,1,249,10,Wallet,EMP_21,Mobile,224.1
ORD502600,2026-06-10,Wednesday,16:00,Kocaeli,İzmit,CUST10858,New,Female,50.0,Ofis,Masa Düzenleyici,1,399,0,Bank Transfer,EMP_14,Mobile,399.0
ORD502601,2026-06-20,Saturday,15:15,İstanbul,Kadıköy,CUST11077,New,Female,62.0,Elektronik,Laptop Standı,4,999,15,Wallet,EMP_18,Mobile,3396.6
ORD502602,2026-06-23,Tuesday,21:10,İstanbul,Kadıköy,CUST11700,New,Female,47.0,Kozmetik,Güneş Kremi,2,599,10,Bank Transfer,EMP_19,Mobile,1078.2
ORD502603,2026-06-28,Sunday,17:50,İstanbul,Bakırköy,CUST10983,New,Female,46.0,Spor,Suluk,2,249,0,Bank Transfer,EMP_26,Mobile,498.0
ORD502604,2026-06-24,Wednesday,20:40,İstanbul,Kadıköy,CUST11856,Returning,Female,24.0,Ofis,Monitör Yükseltici,1,1199,10,PayPal,EMP_22,Mobile,1079.1
ORD502605,2026-06-20,Saturday,19:30,Konya,Selçuklu,CUST11906,New,Female,46.0,Ev,Termos,5,549,0,Wallet,EMP_19,Mobile,2745.0
ORD502606,2026-06-28,Sunday,19:35,İstanbul,Şişli,CUST10406,New,Male,,Elektronik,Bluetooth Kulaklık,1,1299,5,Wallet,EMP_26,Mobile,1234.05
ORD502607,2026-06-04,Thursday,20:20,Gaziantep,Şehitkamil,CUST11555,New,Female,54.0,Ofis,Defter,2,179,0,PayPal,EMP_30,Mobile,358.0
ORD502608,2026-06-23,Tuesday,11:00,Ankara,Çankaya,CUST10681,New,Female,36.0,Ofis,Monitör Yükseltici,2,1199,0,Bank Transfer,EMP_22,Web,2398.0
ORD502609,2026-06-03,Wednesday,14:00,Eskişehir,Odunpazarı,CUST11300,New,Male,52.0,Elektronik,Akıllı Saat,2,3499,5,Wallet,EMP_26,Mobile,6648.1
ORD502610,2026-06-22,Monday,15:00,Bursa,Nilüfer,CUST10250,New,Female,37.0,Ofis,Monitör Yükseltici,3,1199,0,PayPal,EMP_20,Mobile,3597.0
ORD502611,2026-06-12,Friday,19:10,İzmir,Bornova,CUST10003,New,Female,45.0,Elektronik,Bluetooth Kulaklık,3,1299,20,Card,EMP_11,Web,3117.6
ORD502612,2026-06-10,Wednesday,09:25,İstanbul,Kadıköy,CUST11617,New,Male,29.0,Kitap,Roman,3,299,0,Bank Transfer,EMP_02,Mobile,897.0
ORD502613,2026-06-09,Tuesday,18:55,İstanbul,Şişli,CUST11102,Returning,Male,35.0,Kozmetik,Yüz Temizleyici,1,429,15,Card,EMP_06,Web,364.65
ORD502614,2026-06-04,Thursday,13:50,Bursa,Nilüfer,CUST10781,Returning,Female,39.0,Ev,French Press,4,649,5,Wallet,EMP_07,Mobile,2466.2
ORD502615,2026-06-09,Tuesday,19:45,Gaziantep,Şehitkamil,CUST11266,Returning,Male,27.0,Ev,Blender,1,2199,20,Bank Transfer,EMP_03,Mobile,1759.2
ORD502616,2026-06-04,Thursday,20:50,İstanbul,Bakırköy,CUST11471,Returning,Male,55.0,Elektronik,Laptop Standı,1,999,0,Card,EMP_01,Web,999.0
ORD502617,2026-06-24,Wednesday,19:05,Bursa,Nilüfer,CUST11433,New,Male,42.0,Ev,Termos,1,549,5,Card,EMP_18,Web,521.55
ORD502618,2026-06-07,Sunday,14:50,Bursa,Nilüfer,CUST11613,New,Female,47.0,Kitap,Roman,2,299,0,Bank Transfer,EMP_03,Mobile,598.0
ORD502619,2026-06-26,Friday,15:20,İzmir,Bornova,CUST11169,Returning,Male,,Ev,Masa Lambası,1,899,0,PayPal,EMP_08,Mobile,899.0
ORD502620,2026-06-17,Wednesday,13:25,Gaziantep,Şehitkamil,CUST11548,New,Male,63.0,Ofis,Defter,1,179,10,PayPal,EMP_12,Mobile,161.1
ORD502621,2026-06-28,Sunday,12:55,Konya,Selçuklu,CUST11247,Returning,Female,42.0,Kozmetik,Güneş Kremi,2,599,15,Wallet,EMP_10,Mobile,1018.3
ORD502622,2026-06-14,Sunday,18:15,İstanbul,Bakırköy,CUST10934,New,Male,22.0,Kozmetik,Güneş Kremi,2,599,15,PayPal,EMP_26,Web,1018.3
ORD502623,2026-06-13,Saturday,15:40,İstanbul,Kadıköy,CUST11436,New,Female,32.0,Elektronik,Laptop Standı,2,999,0,Card,EMP_30,Mobile,1998.0
ORD502624,2026-06-04,Thursday,17:35,Eskişehir,Odunpazarı,CUST11936,Returning,Female,18.0,Ev,Blender,1,2199,5,Card,EMP_19,Mobile,2089.05
ORD502625,2026-06-09,Tuesday,20:05,İstanbul,Şişli,CUST10126,New,Male,43.0,Spor,Yoga Matı,2,699,15,PayPal,EMP_19,Mobile,1188.3
ORD502626,2026-06-09,Tuesday,12:50,İzmir,Bornova,CUST11241,Returning,Male,53.0,Elektronik,Kablosuz Mouse,2,499,0,PayPal,EMP_07,Web,998.0
ORD502627,2026-06-10,Wednesday,16:00,İstanbul,Kadıköy,CUST11100,New,Female,37.0,Elektronik,Bluetooth Kulaklık,1,1299,10,Wallet,EMP_11,Mobile,1169.1
ORD502628,2026-06-10,Wednesday,18:50,Bursa,Nilüfer,CUST10231,Returning,Male,43.0,Ofis,Masa Düzenleyici,1,399,0,Wallet,EMP_17,Mobile,399.0
ORD502629,2026-06-13,Saturday,18:50,Eskişehir,Odunpazarı,CUST11747,New,Male,25.0,Ofis,Kalem Seti,1,229,5,PayPal,EMP_24,Mobile,217.55
ORD502630,2026-06-21,Sunday,17:10,Ankara,Yenimahalle,CUST10549,New,Female,56.0,Elektronik,Kablosuz Mouse,4,499,5,Bank Transfer,EMP_04,Mobile,1896.2
ORD502631,2026-06-22,Monday,12:20,İstanbul,Bakırköy,CUST11924,Returning,Female,55.0,Ofis,Ajanda,3,319,5,PayPal,EMP_03,Mobile,909.15
ORD502632,2026-06-18,Thursday,19:45,İstanbul,Bakırköy,CUST10682,Returning,Male,23.0,Spor,Pilates Bandı,2,349,0,PayPal,EMP_12,Mobile,698.0
ORD502633,2026-06-17,Wednesday,16:40,Antalya,Muratpaşa,CUST11558,Returning,Male,26.0,Kozmetik,Güneş Kremi,1,599,15,Bank Transfer,EMP_02,Mobile,509.15
ORD502634,2026-06-30,Tuesday,20:45,İzmir,Karşıyaka,CUST10010,Returning,Male,26.0,Elektronik,Bluetooth Kulaklık,4,1299,0,Bank Transfer,EMP_28,Mobile,5196.0
ORD502635,2026-06-22,Monday,12:50,Ankara,Yenimahalle,CUST10229,Returning,Female,48.0,Kozmetik,Yüz Temizleyici,1,429,0,Bank Transfer,EMP_01,Web,429.0
ORD502636,2026-06-07,Sunday,13:50,Antalya,Muratpaşa,CUST11024,New,Male,58.0,Elektronik,Kablosuz Mouse,2,499,0,Wallet,EMP_12,Web,998.0
ORD502637,2026-06-26,Friday,13:50,Gaziantep,Şehitkamil,CUST10532,Returning,Female,28.0,Ev,Termos,1,549,0,Card,EMP_30,Mobile,549.0
ORD502638,2026-06-18,Thursday,20:30,Konya,Selçuklu,CUST11455,Returning,Female,28.0,Kozmetik,Şampuan,3,319,20,PayPal,EMP_20,Web,765.6
ORD502639,2026-06-23,Tuesday,16:45,Eskişehir,Odunpazarı,CUST10688,Returning,Female,42.0,Elektronik,Kablosuz Mouse,1,499,10,Wallet,EMP_11,Web,449.1
ORD502640,2026-06-11,Thursday,16:30,Antalya,Muratpaşa,CUST10903,New,Male,48.0,Ev,Blender,2,2199,0,PayPal,EMP_09,Web,4398.0
ORD502641,2026-06-12,Friday,15:30,Adana,Seyhan,CUST11881,New,Male,47.0,Elektronik,Kablosuz Mouse,2,499,20,Card,EMP_16,Mobile,798.4
ORD502642,2026-06-29,Monday,18:20,Antalya,Muratpaşa,CUST11846,Returning,Male,55.0,Kitap,Bilim,2,429,0,Wallet,EMP_09,Mobile,858.0
ORD502643,2026-06-18,Thursday,17:20,Adana,Seyhan,CUST11741,Returning,Male,18.0,Elektronik,Kablosuz Mouse,1,499,5,Card,EMP_02,Mobile,474.05
ORD502644,2026-06-16,Tuesday,19:20,İstanbul,Kadıköy,CUST10937,New,Male,32.0,Spor,Yoga Matı,3,699,5,Wallet,EMP_30,Mobile,1992.15
ORD502645,2026-06-06,Saturday,11:00,Bursa,Nilüfer,CUST11590,New,Female,39.0,Ev,French Press,2,649,0,Bank Transfer,EMP_28,Web,1298.0
ORD502646,2026-06-22,Monday,18:45,Ankara,Yenimahalle,CUST10337,Returning,Female,23.0,Ofis,Defter,1,179,5,Wallet,EMP_07,Mobile,170.05
ORD502647,2026-06-06,Saturday,13:00,Adana,Seyhan,CUST11085,Returning,Female,19.0,Ev,Termos,2,549,10,PayPal,EMP_17,Web,988.2
ORD502648,2026-06-07,Sunday,17:05,Adana,Seyhan,CUST10939,Returning,Male,22.0,Ev,Termos,2,549,5,PayPal,EMP_01,Mobile,1043.1
ORD502649,2026-06-25,Thursday,15:35,Adana,Seyhan,CUST11144,Returning,Female,54.0,Elektronik,Bluetooth Kulaklık,1,1299,0,Card,EMP_25,Mobile,1299.0
ORD502650,2026-06-28,Sunday,16:05,Kocaeli,İzmit,CUST10967,Returning,Female,43.0,Ev,Blender,4,2199,0,Wallet,EMP_03,Web,8796.0
ORD502651,2026-06-01,Monday,09:35,Bursa,Nilüfer,CUST11916,New,Female,60.0,Ev,Termos,3,549,10,Card,EMP_23,Web,1482.3
ORD502652,2026-06-30,Tuesday,20:30,İstanbul,Bakırköy,CUST11287,New,Female,38.0,Ofis,Ajanda,1,319,0,Wallet,EMP_03,Mobile,319.0
ORD502653,2026-06-05,Friday,13:10,Eskişehir,Odunpazarı,CUST11626,Returning,Female,44.0,Spor,Yoga Matı,1,699,0,Wallet,EMP_30,Web,699.0
ORD502654,2026-06-06,Saturday,20:20,Bursa,Nilüfer,CUST10216,New,Female,41.0,Kozmetik,Serum,2,899,0,Bank Transfer,EMP_19,Web,1798.0
ORD502655,2026-06-01,Monday,15:35,Kocaeli,İzmit,CUST11261,Returning,Female,31.0,Ev,Masa Lambası,1,899,0,PayPal,EMP_07,Mobile,899.0
ORD502656,2026-06-29,Monday,18:05,İstanbul,Bakırköy,CUST10208,Returning,Male,64.0,Elektronik,Powerbank,5,899,0,PayPal,EMP_25,Mobile,4495.0
ORD502657,2026-06-17,Wednesday,11:50,Konya,Selçuklu,CUST11001,New,Female,34.0,Ofis,Masa Düzenleyici,1,399,10,Bank Transfer,EMP_24,Web,359.1
ORD502658,2026-06-22,Monday,15:55,İzmir,Bornova,CUST11443,Returning,Female,60.0,Elektronik,Powerbank,2,899,0,Wallet,EMP_27,Web,1798.0
ORD502659,2026-06-01,Monday,19:35,Ankara,Yenimahalle,CUST10488,New,Male,44.0,Kozmetik,Parfüm,2,1799,5,PayPal,EMP_15,Mobile,3418.1
ORD502660,2026-06-14,Sunday,20:15,Konya,Selçuklu,CUST10031,Returning,Male,55.0,Elektronik,Kablosuz Mouse,2,499,0,Bank Transfer,EMP_08,Mobile,998.0
ORD502661,2026-06-08,Monday,21:15,İzmir,Bornova,CUST10663,New,Female,61.0,Elektronik,Bluetooth Kulaklık,1,1299,10,Bank Transfer,EMP_08,Web,1169.1
ORD502662,2026-06-29,Monday,21:45,Adana,Seyhan,CUST11402,New,Female,57.0,Ev,Saklama Kabı,1,299,5,Card,EMP_10,Mobile,284.05
ORD502663,2026-06-22,Monday,20:00,Kocaeli,İzmit,CUST10584,New,Male,22.0,Kozmetik,Güneş Kremi,2,599,0,Card,EMP_12,Mobile,1198.0
ORD502664,2026-06-16,Tuesday,16:45,Kocaeli,İzmit,CUST10849,New,Female,55.0,Spor,Pilates Bandı,3,349,0,Wallet,EMP_02,Mobile,1047.0
ORD502665,2026-06-24,Wednesday,13:45,Bursa,Nilüfer,CUST11021,New,Female,25.0,Ofis,Defter,4,179,0,PayPal,EMP_24,Web,716.0
ORD502666,2026-06-28,Sunday,13:50,Ankara,Yenimahalle,CUST10635,Returning,Male,54.0,Elektronik,Bluetooth Kulaklık,5,1299,10,PayPal,EMP_02,Mobile,5845.5
ORD502667,2026-06-05,Friday,17:25,İstanbul,Kadıköy,CUST10096,New,Female,64.0,Kozmetik,Parfüm,2,1799,0,Wallet,EMP_23,Mobile,3598.0
ORD502668,2026-06-05,Friday,15:45,Antalya,Muratpaşa,CUST11618,New,Male,44.0,Spor,Pilates Bandı,1,349,0,Bank Transfer,EMP_05,Mobile,349.0
ORD502669,2026-06-20,Saturday,15:40,Bursa,Nilüfer,CUST10135,Returning,Female,24.0,Elektronik,Laptop Standı,2,999,0,Wallet,EMP_22,Web,1998.0
ORD502670,2026-06-12,Friday,18:15,Bursa,Nilüfer,CUST10809,Returning,Male,48.0,Kozmetik,Yüz Temizleyici,3,429,0,Card,EMP_15,Mobile,1287.0
ORD502671,2026-06-05,Friday,21:35,İstanbul,Kadıköy,CUST10619,Returning,Male,36.0,Kitap,Kişisel Gelişim,2,349,5,Bank Transfer,EMP_24,Mobile,663.1
ORD502672,2026-06-13,Saturday,10:10,İzmir,Karşıyaka,CUST10608,New,Female,34.0,Elektronik,Kablosuz Mouse,3,499,10,Unknown,EMP_09,Web,1347.3
ORD502673,2026-06-17,Wednesday,13:25,Adana,Seyhan,CUST11385,Returning,Male,44.0,Spor,Koşu Çantası,2,499,15,PayPal,EMP_06,Mobile,848.3
ORD502674,2026-06-10,Wednesday,18:05,Eskişehir,Odunpazarı,CUST11379,Returning,Female,39.0,Spor,Pilates Bandı,1,349,5,PayPal,EMP_11,Web,331.55
ORD502675,2026-06-02,Tuesday,14:05,İstanbul,Bakırköy,CUST10777,Returning,Female,31.0,Elektronik,Akıllı Saat,1,3499,0,Card,EMP_09,Mobile,3499.0
ORD502676,2026-06-20,Saturday,16:20,Antalya,Muratpaşa,CUST11128,New,Female,32.0,Ev,Termos,2,549,0,Bank Transfer,EMP_18,Mobile,1098.0
ORD502677,2026-06-04,Thursday,21:00,İzmir,Karşıyaka,CUST10373,Returning,Female,,Ofis,Kalem Seti,1,229,0,Wallet,EMP_26,Mobile,229.0
ORD502678,2026-06-29,Monday,21:50,İstanbul,Bakırköy,CUST10773,Returning,Female,40.0,Elektronik,Bluetooth Kulaklık,1,1299,0,PayPal,EMP_17,Mobile,1299.0
ORD502679,2026-06-08,Monday,10:35,Konya,Selçuklu,CUST10356,Returning,Male,18.0,Ofis,Ajanda,1,319,5,Bank Transfer,EMP_09,Mobile,303.05
ORD502680,2026-06-30,Tuesday,17:35,Ankara,Çankaya,CUST10858,New,Male,25.0,Elektronik,Bluetooth Kulaklık,1,1299,0,Wallet,EMP_27,Mobile,1299.0
ORD502681,2026-06-05,Friday,20:20,İzmir,Karşıyaka,CUST11504,New,Female,41.0,Ev,Blender,1,2199,10,Wallet,EMP_27,Mobile,1979.1
ORD502682,2026-06-04,Thursday,16:55,Gaziantep,Şehitkamil,CUST11814,Returning,Female,36.0,Ev,Blender,3,2199,0,Unknown,EMP_04,Web,6597.0
ORD502683,2026-06-29,Monday,20:30,Kocaeli,İzmit,CUST11076,New,Male,56.0,Spor,Yoga Matı,2,699,10,Bank Transfer,EMP_17,Web,1258.2
ORD502684,2026-06-10,Wednesday,19:45,Eskişehir,Odunpazarı,CUST10536,New,Male,21.0,Spor,Dambıl Seti,4,1899,0,PayPal,EMP_15,Web,7596.0
ORD502685,2026-06-05,Friday,17:00,Antalya,Muratpaşa,CUST10163,Returning,Female,29.0,Kitap,Roman,1,299,0,Wallet,EMP_08,Web,299.0
ORD502686,2026-06-06,Saturday,19:45,Ankara,Yenimahalle,CUST11004,Returning,Female,30.0,Kitap,Roman,2,299,0,Bank Transfer,EMP_22,Mobile,598.0
ORD502687,2026-06-09,Tuesday,17:15,İzmir,Bornova,CUST11910,New,Male,33.0,Kitap,Finans,1,459,0,Unknown,EMP_25,Mobile,459.0
ORD502688,2026-06-25,Thursday,18:40,Antalya,Muratpaşa,CUST10906,New,Male,59.0,Kozmetik,Güneş Kremi,1,599,0,Card,EMP_23,Mobile,599.0
ORD502689,2026-06-12,Friday,20:50,İstanbul,Bakırköy,CUST10228,Returning,Female,38.0,Kozmetik,Güneş Kremi,2,599,0,Card,EMP_07,Mobile,1198.0
ORD502690,2026-06-30,Tuesday,15:20,Kocaeli,İzmit,CUST10277,New,Female,34.0,Spor,Yoga Matı,3,699,5,Bank Transfer,EMP_29,Mobile,1992.15
ORD502691,2026-06-14,Sunday,16:00,İstanbul,Kadıköy,CUST10036,New,Female,43.0,Ofis,Kalem Seti,4,229,5,Bank Transfer,EMP_19,Mobile,870.2
ORD502692,2026-06-19,Friday,20:45,İstanbul,Bakırköy,CUST11190,New,Male,50.0,Elektronik,Bluetooth Kulaklık,1,1299,10,Card,EMP_30,Mobile,1169.1
ORD502693,2026-06-17,Wednesday,09:15,İstanbul,Şişli,CUST11087,Returning,Male,,Elektronik,Laptop Standı,4,999,5,Wallet,EMP_07,Web,3796.2
ORD502694,2026-06-23,Tuesday,13:20,İzmir,Bornova,CUST11179,Returning,Male,25.0,Spor,Yoga Matı,1,699,0,Bank Transfer,EMP_07,Web,699.0
ORD502695,2026-06-14,Sunday,12:10,Eskişehir,Odunpazarı,CUST10165,New,Female,24.0,Ofis,Kalem Seti,3,229,0,PayPal,EMP_17,Mobile,687.0
ORD502696,2026-06-18,Thursday,13:15,İzmir,Karşıyaka,CUST10631,New,Male,40.0,Kitap,Kişisel Gelişim,1,349,0,Wallet,EMP_01,Mobile,349.0
ORD502697,2026-06-12,Friday,18:45,Ankara,Yenimahalle,CUST10981,New,Male,30.0,Kitap,Finans,4,459,0,PayPal,EMP_27,Web,1836.0
ORD502698,2026-06-25,Thursday,11:15,Adana,Seyhan,CUST10847,New,Female,36.0,Ofis,Masa Düzenleyici,5,399,5,Card,EMP_28,Mobile,1895.25
ORD502699,2026-06-24,Wednesday,17:40,İstanbul,Bakırköy,CUST10818,Returning,Female,19.0,Kitap,Roman,3,299,10,Card,EMP_23,Web,807.3
ORD502700,2026-06-13,Saturday,20:50,Ankara,Yenimahalle,CUST11526,New,Female,20.0,Ev,Masa Lambası,2,899,5,PayPal,EMP_21,Web,1708.1
ORD502701,2026-06-22,Monday,19:55,İstanbul,Şişli,CUST10576,New,Male,36.0,Spor,Suluk,1,249,0,Bank Transfer,EMP_05,Mobile,249.0
ORD502702,2026-06-04,Thursday,11:50,Bursa,Nilüfer,CUST11679,Returning,Female,43.0,Elektronik,Bluetooth Kulaklık,1,1299,5,Card,EMP_17,Mobile,1234.05
ORD502703,2026-06-01,Monday,17:15,Bursa,Nilüfer,CUST11627,New,Female,45.0,Kitap,Finans,1,459,0,Wallet,EMP_30,Web,459.0
ORD502704,2026-06-19,Friday,21:35,İstanbul,Bakırköy,CUST11438,Returning,Male,53.0,Ofis,Kalem Seti,1,229,10,Bank Transfer,EMP_05,Mobile,206.1
ORD502705,2026-06-01,Monday,16:15,Ankara,Yenimahalle,CUST10710,New,Female,59.0,Kozmetik,Yüz Temizleyici,1,429,10,Bank Transfer,EMP_09,Mobile,386.1
ORD502706,2026-06-19,Friday,16:50,İstanbul,Kadıköy,CUST10174,New,Male,53.0,Kozmetik,Serum,3,899,0,Bank Transfer,EMP_11,Web,2697.0
ORD502707,2026-06-13,Saturday,16:30,Eskişehir,Odunpazarı,CUST10281,New,Female,24.0,Elektronik,Powerbank,1,899,0,Wallet,EMP_17,Web,899.0
ORD502708,2026-06-24,Wednesday,15:15,Eskişehir,Odunpazarı,CUST11838,New,Male,23.0,Ev,French Press,3,649,0,PayPal,EMP_01,Web,1947.0
ORD502709,2026-06-12,Friday,20:20,Kocaeli,İzmit,CUST10630,Returning,Male,27.0,Kozmetik,Parfüm,1,1799,0,PayPal,EMP_12,Web,1799.0
ORD502710,2026-06-14,Sunday,15:15,Antalya,Muratpaşa,CUST10269,Returning,Male,65.0,Ev,Saklama Kabı,2,299,5,Wallet,EMP_18,Web,568.1
ORD502711,2026-06-24,Wednesday,11:20,Bursa,Nilüfer,CUST10845,Returning,Male,48.0,Ofis,Masa Düzenleyici,1,399,0,Wallet,EMP_21,Web,399.0
ORD502712,2026-06-08,Monday,12:30,Antalya,Muratpaşa,CUST11477,New,Male,,Kozmetik,Parfüm,1,1799,0,Card,EMP_03,Web,1799.0
ORD502713,2026-06-23,Tuesday,13:45,Konya,Selçuklu,CUST10516,Returning,Female,60.0,Ev,Termos,2,549,15,Wallet,EMP_07,Mobile,933.3
ORD502714,2026-06-01,Monday,11:25,İzmir,Karşıyaka,CUST10973,New,Female,48.0,Elektronik,Laptop Standı,1,999,0,Bank Transfer,EMP_26,Web,999.0
ORD502715,2026-06-09,Tuesday,19:25,Kocaeli,İzmit,CUST11491,New,Female,24.0,Elektronik,Powerbank,1,899,0,Bank Transfer,EMP_29,Web,899.0
ORD502716,2026-06-15,Monday,19:20,İstanbul,Kadıköy,CUST10990,New,Female,64.0,Kitap,Bilim,1,429,0,Wallet,EMP_01,Web,429.0
ORD502717,2026-06-16,Tuesday,20:10,Kocaeli,İzmit,CUST11491,New,Female,42.0,Ofis,Masa Düzenleyici,3,399,15,Bank Transfer,EMP_11,Mobile,1017.45
ORD502718,2026-06-24,Wednesday,18:00,Kocaeli,İzmit,CUST10115,New,Male,56.0,Kitap,Kişisel Gelişim,1,349,0,Wallet,EMP_22,Mobile,349.0
ORD502719,2026-06-29,Monday,18:25,İstanbul,Bakırköy,CUST11336,Returning,Male,31.0,Ev,French Press,3,649,0,Bank Transfer,EMP_25,Mobile,1947.0
ORD502720,2026-06-01,Monday,12:00,Kocaeli,İzmit,CUST10515,New,Male,60.0,Kitap,Finans,1,459,15,PayPal,EMP_02,Mobile,390.15
ORD502721,2026-06-08,Monday,19:15,Bursa,Nilüfer,CUST11853,Returning,Male,38.0,Ev,Termos,2,549,15,Bank Transfer,EMP_16,Web,933.3
ORD502722,2026-06-06,Saturday,20:00,İzmir,Karşıyaka,CUST11045,New,Male,25.0,Spor,Koşu Çantası,1,499,15,Wallet,EMP_27,Mobile,424.15
ORD502723,2026-06-18,Thursday,17:35,Adana,Seyhan,CUST10988,Returning,Female,57.0,Ofis,Defter,1,179,0,PayPal,EMP_08,Web,179.0
ORD502724,2026-06-08,Monday,15:05,İstanbul,Şişli,CUST10712,New,Female,45.0,Ev,Saklama Kabı,2,299,0,PayPal,EMP_26,Web,598.0
ORD502725,2026-06-18,Thursday,19:45,Ankara,Yenimahalle,CUST10218,Returning,Male,30.0,Spor,Yoga Matı,2,699,5,Wallet,EMP_24,Mobile,1328.1
ORD502726,2026-06-11,Thursday,09:50,İzmir,Bornova,CUST11460,Returning,Male,23.0,Kitap,Bilim,2,429,15,PayPal,EMP_24,Web,729.3
ORD502727,2026-06-05,Friday,17:25,İstanbul,Şişli,CUST10100,New,Female,29.0,Ev,Saklama Kabı,3,299,0,Card,EMP_09,Mobile,897.0
ORD502728,2026-06-05,Friday,16:25,Konya,Selçuklu,CUST10997,Returning,Male,62.0,Ofis,Kalem Seti,1,229,15,Bank Transfer,EMP_06,Mobile,194.65
ORD502729,2026-06-20,Saturday,20:35,Gaziantep,Şehitkamil,CUST11952,New,Male,60.0,Elektronik,Bluetooth Kulaklık,1,1299,0,Wallet,EMP_02,Web,1299.0
ORD502730,2026-06-23,Tuesday,15:20,Kocaeli,İzmit,CUST11174,New,Female,45.0,Elektronik,Akıllı Saat,2,3499,0,PayPal,EMP_05,Web,6998.0
ORD502731,2026-06-18,Thursday,20:45,Eskişehir,Odunpazarı,CUST11771,New,Male,36.0,Ev,Saklama Kabı,2,299,5,Card,EMP_01,Mobile,568.1
ORD502732,2026-06-29,Monday,16:20,Ankara,Çankaya,CUST11033,New,Female,42.0,Spor,Suluk,1,249,0,Card,EMP_17,Mobile,249.0
ORD502733,2026-06-25,Thursday,20:10,Konya,Selçuklu,CUST10460,Returning,Female,35.0,Elektronik,Bluetooth Kulaklık,2,1299,0,PayPal,EMP_03,Web,2598.0
ORD502734,2026-06-30,Tuesday,16:40,İstanbul,Kadıköy,CUST10215,New,Male,31.0,Kitap,Bilim,1,429,0,Card,EMP_01,Mobile,429.0
ORD502735,2026-06-06,Saturday,18:50,Kocaeli,İzmit,CUST11802,New,Male,62.0,Kitap,Kişisel Gelişim,3,349,10,Wallet,EMP_09,Mobile,942.3
ORD502736,2026-06-28,Sunday,21:15,Adana,Seyhan,CUST11379,New,Female,65.0,Elektronik,Kablosuz Mouse,3,499,10,PayPal,EMP_15,Mobile,1347.3
ORD502737,2026-06-09,Tuesday,20:35,Bursa,Nilüfer,CUST11914,New,Female,20.0,Ev,French Press,1,649,0,Bank Transfer,EMP_20,Web,649.0
ORD502738,2026-06-21,Sunday,17:20,Kocaeli,İzmit,CUST11181,Returning,Female,23.0,Kozmetik,Yüz Temizleyici,1,429,15,Card,EMP_06,Mobile,364.65
ORD502739,2026-06-14,Sunday,21:20,Gaziantep,Şehitkamil,CUST11647,New,Female,36.0,Elektronik,Powerbank,3,899,0,PayPal,EMP_13,Mobile,2697.0
ORD502740,2026-06-12,Friday,11:15,Gaziantep,Şehitkamil,CUST10778,Returning,Male,26.0,Kozmetik,Şampuan,1,319,20,Card,EMP_22,Mobile,255.2
ORD502741,2026-06-15,Monday,16:35,İstanbul,Kadıköy,CUST11875,Returning,Male,24.0,Kitap,Veri Analizi 101,2,549,10,Wallet,EMP_07,Mobile,988.2
ORD502742,2026-06-05,Friday,19:45,Bursa,Nilüfer,CUST10046,New,Female,58.0,Elektronik,Laptop Standı,1,999,0,Wallet,EMP_02,Mobile,999.0
ORD502743,2026-06-09,Tuesday,19:05,İzmir,Bornova,CUST10888,Returning,Female,54.0,Ev,French Press,1,649,10,Bank Transfer,EMP_25,Web,584.1
ORD502744,2026-06-05,Friday,15:00,Ankara,Çankaya,CUST10135,Returning,Male,48.0,Elektronik,Laptop Standı,4,999,0,Card,EMP_27,Web,3996.0
ORD502745,2026-06-13,Saturday,17:30,Konya,Selçuklu,CUST10929,New,Male,45.0,Kozmetik,Serum,3,899,0,Wallet,EMP_04,Mobile,2697.0
ORD502746,2026-06-29,Monday,17:10,Antalya,Muratpaşa,CUST11103,New,Female,23.0,Elektronik,Akıllı Saat,2,3499,0,Card,EMP_25,Mobile,6998.0
ORD502747,2026-06-08,Monday,17:55,İstanbul,Şişli,CUST11880,Returning,Female,30.0,Kitap,Roman,1,299,0,PayPal,EMP_29,Web,299.0
ORD502748,2026-06-15,Monday,19:35,İstanbul,Kadıköy,CUST10510,New,Male,18.0,Elektronik,Bluetooth Kulaklık,1,1299,0,Wallet,EMP_09,Mobile,1299.0
ORD502749,2026-06-11,Thursday,19:40,Ankara,Yenimahalle,CUST10800,Returning,Female,37.0,Spor,Suluk,2,249,0,PayPal,EMP_24,Web,498.0
ORD502750,2026-06-24,Wednesday,13:40,Bursa,Nilüfer,CUST11198,New,Male,53.0,Elektronik,Powerbank,2,899,10,Bank Transfer,EMP_28,Mobile,1618.2
ORD502751,2026-06-05,Friday,18:00,İzmir,Bornova,CUST11535,New,Male,51.0,Ofis,Monitör Yükseltici,2,1199,0,PayPal,EMP_26,Mobile,2398.0
ORD502752,2026-06-03,Wednesday,17:20,Gaziantep,Şehitkamil,CUST11556,Returning,Female,36.0,Kozmetik,Şampuan,2,319,10,Wallet,EMP_12,Web,574.2
ORD502753,2026-06-03,Wednesday,14:35,İzmir,Bornova,CUST10907,Returning,Female,38.0,Ofis,Masa Düzenleyici,1,399,0,Bank Transfer,EMP_06,Mobile,399.0
ORD502754,2026-06-13,Saturday,11:45,Bursa,Nilüfer,CUST11412,Returning,Female,31.0,Elektronik,Powerbank,2,899,0,PayPal,EMP_13,Web,1798.0
ORD502755,2026-06-23,Tuesday,14:10,Konya,Selçuklu,CUST10509,New,Male,38.0,Kozmetik,Serum,2,899,10,Bank Transfer,EMP_06,Mobile,1618.2
ORD502756,2026-06-24,Wednesday,19:20,İstanbul,Kadıköy,CUST11594,Returning,Female,29.0,Ofis,Defter,4,179,0,Wallet,EMP_06,Web,716.0
ORD502757,2026-06-26,Friday,18:40,Bursa,Nilüfer,CUST11189,New,Male,26.0,Ofis,Masa Düzenleyici,4,399,10,Card,EMP_27,Mobile,1436.4
ORD502758,2026-06-06,Saturday,13:40,Bursa,Nilüfer,CUST11627,New,Female,41.0,Ev,Saklama Kabı,2,299,0,Wallet,EMP_13,Web,598.0
ORD502759,2026-06-23,Tuesday,20:40,İzmir,Karşıyaka,CUST10144,New,Male,62.0,Ev,Saklama Kabı,1,299,0,Wallet,EMP_26,Mobile,299.0
ORD502760,2026-06-16,Tuesday,19:20,Kocaeli,İzmit,CUST10177,New,Female,24.0,Ev,Blender,4,2199,0,Card,EMP_21,Mobile,8796.0
ORD502761,2026-06-27,Saturday,17:35,Kocaeli,İzmit,CUST10373,New,Female,19.0,Kitap,Bilim,1,429,0,PayPal,EMP_25,Mobile,429.0
ORD502762,2026-06-16,Tuesday,18:50,Antalya,Muratpaşa,CUST11992,Returning,Male,50.0,Elektronik,Bluetooth Kulaklık,1,1299,0,PayPal,EMP_07,Web,1299.0
ORD502763,2026-06-04,Thursday,12:55,Bursa,Nilüfer,CUST10976,New,Female,19.0,Ev,Termos,2,549,0,Bank Transfer,EMP_16,Web,1098.0
ORD502764,2026-06-25,Thursday,19:20,Adana,Seyhan,CUST10795,New,Male,52.0,Ev,Masa Lambası,1,899,10,Wallet,EMP_06,Web,809.1
ORD502765,2026-06-21,Sunday,18:00,Gaziantep,Şehitkamil,CUST11888,Returning,Male,45.0,Ev,Masa Lambası,1,899,5,Bank Transfer,EMP_21,Web,854.05
ORD502766,2026-06-15,Monday,19:20,Adana,Seyhan,CUST11064,New,Female,,Spor,Koşu Çantası,1,499,10,PayPal,EMP_23,Mobile,449.1
ORD502767,2026-06-27,Saturday,19:40,İstanbul,Bakırköy,CUST10633,New,Male,39.0,Ev,Termos,1,549,0,Wallet,EMP_23,Web,549.0
ORD502768,2026-06-23,Tuesday,17:15,İstanbul,Kadıköy,CUST11661,Returning,Male,57.0,Kozmetik,Şampuan,2,319,0,Card,EMP_02,Mobile,638.0
ORD502769,2026-06-27,Saturday,20:00,İstanbul,Şişli,CUST10404,Returning,Male,46.0,Kozmetik,Güneş Kremi,3,599,5,Card,EMP_23,Mobile,1707.15
ORD502770,2026-06-20,Saturday,20:45,İstanbul,Kadıköy,CUST10443,Returning,Male,43.0,Spor,Koşu Çantası,3,499,0,PayPal,EMP_02,Mobile,1497.0
ORD502771,2026-06-24,Wednesday,16:45,Antalya,Muratpaşa,CUST10324,New,Female,42.0,Elektronik,Kablosuz Mouse,2,499,5,Card,EMP_06,Web,948.1
ORD502772,2026-06-22,Monday,19:50,İstanbul,Bakırköy,CUST11729,New,Male,31.0,Kozmetik,Güneş Kremi,2,599,0,PayPal,EMP_21,Web,1198.0
ORD502773,2026-06-28,Sunday,11:45,Ankara,Çankaya,CUST11291,New,Male,45.0,Ofis,Defter,5,179,0,Card,EMP_02,Web,895.0
ORD502774,2026-06-27,Saturday,12:20,İzmir,Karşıyaka,CUST10241,New,Female,38.0,Kozmetik,Parfüm,1,1799,20,Bank Transfer,EMP_19,Web,1439.2
ORD502775,2026-06-21,Sunday,21:15,İstanbul,Şişli,CUST10825,Returning,Female,63.0,Kozmetik,Güneş Kremi,2,599,10,PayPal,EMP_19,Mobile,1078.2
ORD502776,2026-06-04,Thursday,17:55,Ankara,Çankaya,CUST10140,Returning,Female,36.0,Elektronik,Akıllı Saat,1,3499,0,Wallet,EMP_05,Web,3499.0
ORD502777,2026-06-24,Wednesday,18:05,İstanbul,Şişli,CUST10648,New,Male,44.0,Ofis,Monitör Yükseltici,2,1199,10,Wallet,EMP_13,Web,2158.2
ORD502778,2026-06-01,Monday,20:20,Kocaeli,İzmit,CUST10295,New,Female,26.0,Ofis,Ajanda,3,319,0,Wallet,EMP_12,Web,957.0
ORD502779,2026-06-15,Monday,20:55,Adana,Seyhan,CUST10087,New,Female,44.0,Ofis,Kalem Seti,4,229,10,Card,EMP_10,Web,824.4
ORD502780,2026-06-16,Tuesday,09:20,İstanbul,Şişli,CUST11988,Returning,Male,20.0,Elektronik,Kablosuz Mouse,1,499,5,PayPal,EMP_07,Web,474.05
ORD502781,2026-06-25,Thursday,19:20,İstanbul,Bakırköy,CUST11528,Returning,Female,26.0,Ev,French Press,2,649,0,Wallet,EMP_20,Mobile,1298.0
ORD502782,2026-06-25,Thursday,17:35,İstanbul,Kadıköy,CUST11534,Returning,Male,37.0,Kitap,Bilim,2,429,10,PayPal,EMP_21,Mobile,772.2
ORD502783,2026-06-23,Tuesday,17:10,Kocaeli,İzmit,CUST10644,New,Female,18.0,Kitap,Finans,1,459,15,PayPal,EMP_15,Mobile,390.15
ORD502784,2026-06-01,Monday,17:50,Gaziantep,Şehitkamil,CUST11049,New,Male,59.0,Ofis,Kalem Seti,2,229,10,Bank Transfer,EMP_24,Web,412.2
ORD502785,2026-06-17,Wednesday,19:45,Bursa,Nilüfer,CUST11492,New,Male,45.0,Kitap,Veri Analizi 101,1,549,10,Card,EMP_04,Mobile,494.1
ORD502786,2026-06-16,Tuesday,10:30,Adana,Seyhan,CUST10997,New,Male,60.0,Ev,Saklama Kabı,4,299,15,Card,EMP_27,Mobile,1016.6
ORD502787,2026-06-13,Saturday,17:05,İstanbul,Şişli,CUST11233,Returning,Male,49.0,Ofis,Monitör Yükseltici,3,1199,10,Bank Transfer,EMP_03,Web,3237.3
ORD502788,2026-06-18,Thursday,18:55,İstanbul,Kadıköy,CUST11171,Returning,Male,31.0,Ofis,Defter,2,179,0,Bank Transfer,EMP_06,Web,358.0
ORD502789,2026-06-27,Saturday,20:05,Gaziantep,Şehitkamil,CUST11004,New,Female,49.0,Kitap,Veri Analizi 101,2,549,0,PayPal,EMP_02,Web,1098.0
ORD502790,2026-06-18,Thursday,21:35,İstanbul,Şişli,CUST11426,Returning,Male,21.0,Elektronik,Laptop Standı,1,999,5,Wallet,EMP_05,Mobile,949.05
ORD502791,2026-06-02,Tuesday,18:00,Ankara,Yenimahalle,CUST11626,Returning,Male,29.0,Kozmetik,Güneş Kremi,4,599,5,PayPal,EMP_09,Mobile,2276.2
ORD502792,2026-06-11,Thursday,18:50,Bursa,Nilüfer,CUST10102,New,Female,57.0,Kozmetik,Parfüm,2,1799,5,Wallet,EMP_17,Web,3418.1
ORD502793,2026-06-28,Sunday,19:50,İzmir,Karşıyaka,CUST10481,New,Female,51.0,Ofis,Kalem Seti,2,229,15,Wallet,EMP_08,Mobile,389.3
ORD502794,2026-06-04,Thursday,19:45,İstanbul,Bakırköy,CUST11845,New,Male,50.0,Spor,Koşu Çantası,3,499,5,PayPal,EMP_26,Web,1422.15
ORD502795,2026-06-24,Wednesday,18:30,İzmir,Bornova,CUST11643,Returning,Male,26.0,Elektronik,Kablosuz Mouse,1,499,0,Bank Transfer,EMP_29,Web,499.0
ORD502796,2026-06-10,Wednesday,17:55,Adana,Seyhan,CUST10398,New,Male,52.0,Kozmetik,Güneş Kremi,1,599,0,Wallet,EMP_26,Mobile,599.0
ORD502797,2026-06-24,Wednesday,17:50,İstanbul,Şişli,CUST11850,New,Female,33.0,Ev,Blender,1,2199,10,Bank Transfer,EMP_13,Web,1979.1
ORD502798,2026-06-03,Wednesday,15:45,İstanbul,Bakırköy,CUST11239,Returning,Female,25.0,Elektronik,Laptop Standı,2,999,5,Wallet,EMP_29,Mobile,1898.1
ORD502799,2026-06-25,Thursday,11:20,Gaziantep,Şehitkamil,CUST11460,Returning,Male,30.0,Spor,Yoga Matı,2,699,0,PayPal,EMP_11,Mobile,1398.0
ORD502800,2026-06-14,Sunday,20:05,Ankara,Yenimahalle,CUST10029,Returning,Female,27.0,Spor,Yoga Matı,3,699,10,Wallet,EMP_18,Web,1887.3
ORD502801,2026-06-19,Friday,16:45,Kocaeli,İzmit,CUST10015,Returning,Male,56.0,Ev,Saklama Kabı,4,299,0,Wallet,EMP_26,Web,1196.0
ORD502802,2026-06-09,Tuesday,21:05,İzmir,Bornova,CUST10233,New,Female,,Elektronik,Bluetooth Kulaklık,1,1299,0,Wallet,EMP_23,Mobile,1299.0
ORD502803,2026-06-08,Monday,14:20,Gaziantep,Şehitkamil,CUST10550,New,Male,58.0,Elektronik,Bluetooth Kulaklık,1,1299,0,Card,EMP_09,Mobile,1299.0
ORD502804,2026-06-30,Tuesday,16:40,Eskişehir,Odunpazarı,CUST11558,Returning,Male,58.0,Kozmetik,Yüz Temizleyici,1,429,20,Card,EMP_11,Web,343.2
ORD502805,2026-06-17,Wednesday,09:20,İstanbul,Bakırköy,CUST10658,Returning,Male,41.0,Kitap,Kişisel Gelişim,1,349,0,Bank Transfer,EMP_21,Mobile,349.0
ORD502806,2026-06-21,Sunday,13:35,Konya,Selçuklu,CUST10058,New,Male,32.0,Elektronik,Powerbank,2,899,15,Wallet,EMP_18,Mobile,1528.3
ORD502807,2026-06-04,Thursday,16:35,Ankara,Çankaya,CUST10645,New,Male,26.0,Spor,Yoga Matı,2,699,5,PayPal,EMP_23,Mobile,1328.1
ORD502808,2026-06-23,Tuesday,13:05,İstanbul,Bakırköy,CUST10702,New,Female,38.0,Spor,Dambıl Seti,1,1899,10,PayPal,EMP_14,Mobile,1709.1
ORD502809,2026-06-07,Sunday,21:35,İstanbul,Şişli,CUST10295,Returning,Female,65.0,Ofis,Ajanda,2,319,5,PayPal,EMP_30,Mobile,606.1
ORD502810,2026-06-23,Tuesday,20:30,Adana,Seyhan,CUST10217,Returning,Male,49.0,Elektronik,Akıllı Saat,2,3499,0,PayPal,EMP_03,Web,6998.0
ORD502811,2026-06-20,Saturday,20:00,Bursa,Nilüfer,CUST11342,Returning,Female,53.0,Elektronik,Bluetooth Kulaklık,2,1299,0,Card,EMP_18,Mobile,2598.0
ORD502812,2026-06-08,Monday,11:00,Bursa,Nilüfer,CUST10578,New,Female,22.0,Ofis,Kalem Seti,1,229,0,Card,EMP_29,Web,229.0
ORD502813,2026-06-28,Sunday,20:55,Antalya,Muratpaşa,CUST10549,New,Male,34.0,Kitap,Roman,1,299,0,Card,EMP_28,Mobile,299.0
ORD502814,2026-06-12,Friday,14:00,İstanbul,Kadıköy,CUST10122,Returning,Male,32.0,Ofis,Monitör Yükseltici,2,1199,0,PayPal,EMP_30,Web,2398.0
ORD502815,2026-06-07,Sunday,19:05,İzmir,Bornova,CUST11868,New,Female,50.0,Kozmetik,Güneş Kremi,3,599,0,Card,EMP_08,Mobile,1797.0
ORD502816,2026-06-20,Saturday,19:15,İstanbul,Bakırköy,CUST10822,New,Male,30.0,Ev,Termos,2,549,0,Card,EMP_14,Mobile,1098.0
ORD502817,2026-06-20,Saturday,14:50,Ankara,Yenimahalle,CUST10835,New,Female,60.0,Kitap,Roman,2,299,0,Wallet,EMP_03,Web,598.0
ORD502818,2026-06-27,Saturday,21:35,Gaziantep,Şehitkamil,CUST11455,New,Female,63.0,Ofis,Ajanda,2,319,5,PayPal,EMP_03,Mobile,606.1
ORD502819,2026-06-15,Monday,17:45,Ankara,Yenimahalle,CUST10458,Returning,Female,24.0,Ev,Termos,1,549,15,PayPal,EMP_16,Web,466.65
ORD502820,2026-06-07,Sunday,19:45,İzmir,Karşıyaka,CUST11559,Returning,Male,64.0,Kozmetik,Güneş Kremi,3,599,0,Bank Transfer,EMP_14,Mobile,1797.0
ORD502821,2026-06-14,Sunday,21:25,Gaziantep,Şehitkamil,CUST11084,Returning,Female,35.0,Elektronik,Akıllı Saat,2,3499,0,Card,EMP_30,Mobile,6998.0
ORD502822,2026-06-06,Saturday,20:50,İzmir,Karşıyaka,CUST10868,Returning,Male,35.0,Spor,Dambıl Seti,1,1899,0,PayPal,EMP_24,Mobile,1899.0
ORD502823,2026-06-09,Tuesday,19:10,Adana,Seyhan,CUST11018,New,Male,29.0,Kitap,Kişisel Gelişim,1,349,20,PayPal,EMP_26,Web,279.2
ORD502824,2026-06-16,Tuesday,13:55,İstanbul,Şişli,CUST11654,New,Male,36.0,Ev,Saklama Kabı,2,299,0,PayPal,EMP_12,Mobile,598.0
ORD502825,2026-06-18,Thursday,14:20,İstanbul,Bakırköy,CUST11714,New,Female,36.0,Ofis,Kalem Seti,2,229,5,Card,EMP_09,Web,435.1
ORD502826,2026-06-20,Saturday,11:20,Ankara,Çankaya,CUST11427,Returning,Female,52.0,Ev,Saklama Kabı,2,299,10,Wallet,EMP_28,Web,538.2
ORD502827,2026-06-17,Wednesday,18:25,Antalya,Muratpaşa,CUST11652,New,Male,20.0,Kitap,Finans,2,459,0,Card,EMP_17,Mobile,918.0
ORD502828,2026-06-15,Monday,11:40,Konya,Selçuklu,CUST10078,New,Male,31.0,Spor,Yoga Matı,1,699,15,Bank Transfer,EMP_29,Mobile,594.15
ORD502829,2026-06-20,Saturday,19:25,Antalya,Muratpaşa,CUST10855,New,Male,41.0,Spor,Suluk,2,249,0,PayPal,EMP_24,Mobile,498.0
ORD502830,2026-06-11,Thursday,14:50,Ankara,Yenimahalle,CUST10067,New,Male,49.0,Ofis,Ajanda,1,319,0,PayPal,EMP_27,Web,319.0
ORD502831,2026-06-29,Monday,17:00,Bursa,Nilüfer,CUST11626,Returning,Female,31.0,Spor,Dambıl Seti,1,1899,5,Wallet,EMP_07,Web,1804.05
ORD502832,2026-06-19,Friday,21:55,İzmir,Karşıyaka,CUST10817,New,Female,41.0,Elektronik,Bluetooth Kulaklık,1,1299,0,Wallet,EMP_26,Mobile,1299.0
ORD502833,2026-06-23,Tuesday,17:40,İzmir,Bornova,CUST11992,Returning,Male,60.0,Elektronik,Laptop Standı,1,999,0,Card,EMP_18,Web,999.0
ORD502834,2026-06-29,Monday,21:20,Bursa,Nilüfer,CUST11542,Returning,Female,22.0,Kozmetik,Serum,1,899,20,Card,EMP_25,Mobile,719.2
ORD502835,2026-06-09,Tuesday,10:40,İzmir,Bornova,CUST11960,Returning,Female,45.0,Ofis,Kalem Seti,3,229,15,PayPal,EMP_08,Mobile,583.95
ORD502836,2026-06-18,Thursday,15:00,Adana,Seyhan,CUST10217,New,Female,51.0,Elektronik,Bluetooth Kulaklık,1,1299,0,Card,EMP_23,Web,1299.0
ORD502837,2026-06-14,Sunday,18:50,Antalya,Muratpaşa,CUST11156,New,Male,42.0,Kitap,Finans,1,459,5,Wallet,EMP_19,Mobile,436.05
ORD502838,2026-06-15,Monday,18:55,Eskişehir,Odunpazarı,CUST10030,New,Female,30.0,Kozmetik,Şampuan,1,319,0,PayPal,EMP_17,Web,319.0
ORD502839,2026-06-15,Monday,11:30,Bursa,Nilüfer,CUST10090,Returning,Female,57.0,Ofis,Monitör Yükseltici,1,1199,5,Bank Transfer,EMP_19,Mobile,1139.05
ORD502840,2026-06-09,Tuesday,15:45,İstanbul,Kadıköy,CUST10546,Returning,Male,47.0,Ofis,Kalem Seti,2,229,0,Bank Transfer,EMP_16,Mobile,458.0
ORD502841,2026-06-17,Wednesday,19:05,İstanbul,Kadıköy,CUST11923,New,Female,33.0,Elektronik,Powerbank,3,899,0,Bank Transfer,EMP_06,Mobile,2697.0
ORD502842,2026-06-07,Sunday,20:30,Antalya,Muratpaşa,CUST10385,New,Female,18.0,Kitap,Roman,1,299,5,Wallet,EMP_04,Web,284.05
ORD502843,2026-06-24,Wednesday,20:05,Konya,Selçuklu,CUST10529,New,Male,58.0,Kitap,Roman,1,299,0,PayPal,EMP_21,Mobile,299.0
ORD502844,2026-06-30,Tuesday,15:15,Adana,Seyhan,CUST10792,New,Female,46.0,Kozmetik,Parfüm,1,1799,0,Wallet,EMP_05,Mobile,1799.0
ORD502845,2026-06-08,Monday,12:05,Adana,Seyhan,CUST11644,New,Female,56.0,Kozmetik,Yüz Temizleyici,1,429,0,Wallet,EMP_08,Mobile,429.0
ORD502846,2026-06-30,Tuesday,18:00,Antalya,Muratpaşa,CUST11380,New,Female,29.0,Kozmetik,Güneş Kremi,2,599,5,PayPal,EMP_17,Mobile,1138.1
ORD502847,2026-06-16,Tuesday,13:05,İstanbul,Şişli,CUST10154,New,Female,24.0,Spor,Pilates Bandı,2,349,0,Bank Transfer,EMP_28,Mobile,698.0
ORD502848,2026-06-19,Friday,18:40,Konya,Selçuklu,CUST11904,Returning,Male,55.0,Elektronik,Akıllı Saat,1,3499,10,PayPal,EMP_18,Web,3149.1
ORD502849,2026-06-22,Monday,21:30,İzmir,Bornova,CUST10419,Returning,Male,47.0,Elektronik,Laptop Standı,2,999,0,PayPal,EMP_11,Web,1998.0
ORD502850,2026-06-01,Monday,19:40,Ankara,Yenimahalle,CUST10233,New,Male,32.0,Spor,Koşu Çantası,1,499,10,Bank Transfer,EMP_07,Mobile,449.1
ORD502851,2026-06-13,Saturday,19:35,İstanbul,Şişli,CUST11279,New,Female,42.0,Elektronik,Akıllı Saat,1,3499,0,Bank Transfer,EMP_30,Web,3499.0
ORD502852,2026-06-07,Sunday,15:00,Ankara,Yenimahalle,CUST10836,Returning,Female,32.0,Kitap,Bilim,3,429,5,Bank Transfer,EMP_23,Mobile,1222.65
ORD502853,2026-06-09,Tuesday,17:45,İstanbul,Bakırköy,CUST11019,New,Male,27.0,Kozmetik,Parfüm,5,1799,15,Bank Transfer,EMP_13,Mobile,7645.75
ORD502854,2026-06-05,Friday,10:35,Bursa,Nilüfer,CUST10168,Returning,Female,40.0,Elektronik,Kablosuz Mouse,2,499,15,Bank Transfer,EMP_15,Mobile,848.3
ORD502855,2026-06-28,Sunday,20:25,İzmir,Karşıyaka,CUST10504,Returning,Female,48.0,Ev,French Press,5,649,0,Bank Transfer,EMP_14,Mobile,3245.0
ORD502856,2026-06-24,Wednesday,18:30,İstanbul,Bakırköy,CUST10752,New,Female,33.0,Kozmetik,Yüz Temizleyici,1,429,5,Bank Transfer,EMP_20,Web,407.55
ORD502857,2026-06-21,Sunday,13:20,İstanbul,Şişli,CUST10297,New,Female,33.0,Ev,Termos,2,549,0,Wallet,EMP_26,Mobile,1098.0
ORD502858,2026-06-16,Tuesday,20:15,Kocaeli,İzmit,CUST11187,New,Male,56.0,Ev,Masa Lambası,2,899,10,Card,EMP_15,Web,1618.2
ORD502859,2026-06-29,Monday,16:20,İstanbul,Şişli,CUST11364,Returning,Male,62.0,Elektronik,Akıllı Saat,1,3499,0,Wallet,EMP_10,Web,3499.0
ORD502860,2026-06-28,Sunday,18:00,Eskişehir,Odunpazarı,CUST10007,New,Female,51.0,Kozmetik,Şampuan,4,319,15,Card,EMP_14,Mobile,1084.6
ORD502861,2026-06-25,Thursday,21:40,Adana,Seyhan,CUST11929,New,Male,64.0,Kozmetik,Parfüm,1,1799,5,Bank Transfer,EMP_26,Web,1709.05
ORD502862,2026-06-02,Tuesday,18:20,İstanbul,Kadıköy,CUST10197,New,Male,61.0,Spor,Yoga Matı,1,699,5,PayPal,EMP_07,Mobile,664.05
ORD502863,2026-06-12,Friday,18:50,Antalya,Muratpaşa,CUST11982,Returning,Female,58.0,Kitap,Veri Analizi 101,1,549,5,Bank Transfer,EMP_07,Web,521.55
ORD502864,2026-06-17,Wednesday,18:30,Gaziantep,Şehitkamil,CUST10495,Returning,Male,52.0,Elektronik,Kablosuz Mouse,1,499,0,Wallet,EMP_08,Web,499.0
ORD502865,2026-06-01,Monday,18:30,İstanbul,Kadıköy,CUST10916,Returning,Male,65.0,Spor,Dambıl Seti,1,1899,20,Wallet,EMP_22,Mobile,1519.2
ORD502866,2026-06-26,Friday,19:40,İzmir,Karşıyaka,CUST11205,Returning,Female,50.0,Ev,French Press,1,649,15,Wallet,EMP_23,Web,551.65
ORD502867,2026-06-13,Saturday,17:10,İstanbul,Şişli,CUST11227,Returning,Female,49.0,Elektronik,Akıllı Saat,1,3499,10,PayPal,EMP_12,Web,3149.1
ORD502868,2026-06-15,Monday,19:25,İstanbul,Bakırköy,CUST10343,Returning,Female,18.0,Ofis,Masa Düzenleyici,1,399,0,Card,EMP_26,Web,399.0
ORD502869,2026-06-24,Wednesday,17:35,İzmir,Karşıyaka,CUST10212,Returning,Male,23.0,Elektronik,Laptop Standı,3,999,0,PayPal,EMP_25,Web,2997.0
ORD502870,2026-06-20,Saturday,13:15,İstanbul,Kadıköy,CUST10642,Returning,Female,48.0,Ev,Masa Lambası,4,899,5,Bank Transfer,EMP_15,Web,3416.2
ORD502871,2026-06-28,Sunday,19:25,İstanbul,Bakırköy,CUST11168,Returning,Male,20.0,Kozmetik,Serum,2,899,0,Card,EMP_22,Web,1798.0
ORD502872,2026-06-10,Wednesday,20:15,Konya,Selçuklu,CUST10770,Returning,Male,48.0,Ev,Termos,2,549,0,Card,EMP_23,Mobile,1098.0
ORD502873,2026-06-30,Tuesday,19:20,Antalya,Muratpaşa,CUST10345,New,Female,37.0,Spor,Dambıl Seti,4,1899,10,Bank Transfer,EMP_15,Mobile,6836.4
ORD502874,2026-06-07,Sunday,18:55,Bursa,Nilüfer,CUST10102,New,Male,33.0,Ev,Termos,2,549,0,Wallet,EMP_28,Mobile,1098.0
ORD502875,2026-06-15,Monday,12:45,Gaziantep,Şehitkamil,CUST10968,Returning,Male,65.0,Elektronik,Powerbank,1,899,0,PayPal,EMP_08,Mobile,899.0
ORD502876,2026-06-23,Tuesday,20:25,Ankara,Yenimahalle,CUST10583,New,Male,46.0,Elektronik,Bluetooth Kulaklık,1,1299,0,Card,EMP_12,Web,1299.0
ORD502877,2026-06-06,Saturday,15:15,Antalya,Muratpaşa,CUST10652,New,Female,32.0,Elektronik,Akıllı Saat,2,3499,0,Card,EMP_19,Mobile,6998.0
ORD502878,2026-06-19,Friday,13:00,Ankara,Yenimahalle,CUST11564,New,Female,58.0,Ofis,Defter,1,179,15,PayPal,EMP_18,Web,152.15
ORD502879,2026-06-04,Thursday,20:00,Ankara,Çankaya,CUST10140,Returning,Male,34.0,Spor,Yoga Matı,1,699,15,Bank Transfer,EMP_10,Mobile,594.15
ORD502880,2026-06-19,Friday,16:35,Gaziantep,Şehitkamil,CUST10240,Returning,Male,37.0,Elektronik,Laptop Standı,1,999,0,PayPal,EMP_18,Mobile,999.0
ORD502881,2026-06-11,Thursday,20:30,Ankara,Çankaya,CUST11623,Returning,Female,28.0,Kozmetik,Parfüm,1,1799,0,PayPal,EMP_07,Mobile,1799.0
ORD502882,2026-06-06,Saturday,17:40,Ankara,Yenimahalle,CUST10713,Returning,Female,20.0,Spor,Yoga Matı,5,699,0,PayPal,EMP_30,Mobile,3495.0
ORD502883,2026-06-25,Thursday,17:05,Eskişehir,Odunpazarı,CUST11735,New,Male,37.0,Elektronik,Laptop Standı,2,999,0,Wallet,EMP_01,Mobile,1998.0
ORD502884,2026-06-27,Saturday,17:45,Konya,Selçuklu,CUST11167,Returning,Male,31.0,Ev,Saklama Kabı,2,299,10,Card,EMP_08,Web,538.2
ORD502885,2026-06-11,Thursday,17:05,Antalya,Muratpaşa,CUST10261,Returning,Male,49.0,Elektronik,Laptop Standı,2,999,15,Wallet,EMP_23,Mobile,1698.3
ORD502886,2026-06-10,Wednesday,17:45,Konya,Selçuklu,CUST11868,New,Female,56.0,Elektronik,Akıllı Saat,1,3499,15,Card,EMP_05,Web,2974.15
ORD502887,2026-06-07,Sunday,20:05,Gaziantep,Şehitkamil,CUST10448,New,Male,59.0,Ev,Termos,2,549,5,PayPal,EMP_21,Mobile,1043.1
ORD502888,2026-06-20,Saturday,14:30,Kocaeli,İzmit,CUST11592,New,Male,61.0,Elektronik,Laptop Standı,1,999,15,Card,EMP_03,Mobile,849.15
ORD502889,2026-06-17,Wednesday,21:20,Ankara,Yenimahalle,CUST10772,New,Female,44.0,Spor,Dambıl Seti,2,1899,10,Card,EMP_11,Web,3418.2
ORD502890,2026-06-20,Saturday,16:55,Gaziantep,Şehitkamil,CUST10367,Returning,Male,49.0,Elektronik,Akıllı Saat,1,3499,20,PayPal,EMP_09,Web,2799.2
ORD502891,2026-06-09,Tuesday,18:40,İstanbul,Kadıköy,CUST10871,New,Female,62.0,Kitap,Roman,1,299,0,Bank Transfer,EMP_29,Mobile,299.0
ORD502892,2026-06-19,Friday,19:05,Bursa,Nilüfer,CUST10624,New,Male,39.0,Kozmetik,Güneş Kremi,4,599,0,Card,EMP_25,Mobile,2396.0
ORD502893,2026-06-23,Tuesday,20:15,İzmir,Karşıyaka,CUST11157,New,Female,41.0,Spor,Koşu Çantası,2,499,0,Card,EMP_09,Web,998.0
ORD502894,2026-06-19,Friday,14:25,Bursa,Nilüfer,CUST11253,New,Male,44.0,Spor,Dambıl Seti,1,1899,5,PayPal,EMP_20,Web,1804.05
ORD502895,2026-06-27,Saturday,17:30,İstanbul,Bakırköy,CUST11243,Returning,Male,30.0,Ofis,Monitör Yükseltici,2,1199,0,Card,EMP_05,Mobile,2398.0
ORD502896,2026-06-14,Sunday,15:55,Eskişehir,Odunpazarı,CUST11265,New,Male,42.0,Kozmetik,Yüz Temizleyici,2,429,15,Bank Transfer,EMP_17,Mobile,729.3
ORD502897,2026-06-23,Tuesday,11:15,İstanbul,Kadıköy,CUST11173,New,Female,,Elektronik,Akıllı Saat,1,3499,0,Wallet,EMP_11,Web,3499.0
ORD502898,2026-06-20,Saturday,15:15,İstanbul,Bakırköy,CUST10261,New,Male,25.0,Elektronik,Laptop Standı,2,999,0,PayPal,EMP_28,Mobile,1998.0
ORD502899,2026-06-09,Tuesday,14:30,İstanbul,Şişli,CUST11083,New,Female,18.0,Ofis,Kalem Seti,4,229,5,PayPal,EMP_02,Web,870.2
ORD502900,2026-06-20,Saturday,20:55,İzmir,Karşıyaka,CUST11447,New,Female,60.0,Elektronik,Kablosuz Mouse,3,499,20,Wallet,EMP_16,Mobile,1197.6
ORD502901,2026-06-15,Monday,11:05,İstanbul,Kadıköy,CUST11510,New,Male,42.0,Ev,French Press,3,649,5,Card,EMP_23,Web,1849.65
ORD502902,2026-06-29,Monday,20:25,Kocaeli,İzmit,CUST10246,New,Male,58.0,Spor,Suluk,2,249,0,Card,EMP_30,Mobile,498.0
ORD502903,2026-06-28,Sunday,20:30,İstanbul,Şişli,CUST11235,Returning,Male,20.0,Kitap,Kişisel Gelişim,1,349,0,Card,EMP_18,Web,349.0
ORD502904,2026-06-16,Tuesday,18:15,İstanbul,Şişli,CUST11154,New,Female,47.0,Ofis,Masa Düzenleyici,1,399,0,Bank Transfer,EMP_26,Mobile,399.0
ORD502905,2026-06-10,Wednesday,19:00,Kocaeli,İzmit,CUST11011,New,Male,38.0,Elektronik,Bluetooth Kulaklık,1,1299,0,PayPal,EMP_14,Mobile,1299.0
ORD502906,2026-06-07,Sunday,18:05,İstanbul,Şişli,CUST10791,New,Female,44.0,Elektronik,Kablosuz Mouse,3,499,0,Card,EMP_27,Mobile,1497.0
ORD502907,2026-06-09,Tuesday,19:20,Adana,Seyhan,CUST11676,Returning,Female,55.0,Ofis,Monitör Yükseltici,4,1199,5,Card,EMP_09,Mobile,4556.2
ORD502908,2026-06-14,Sunday,18:25,İzmir,Bornova,CUST10262,Returning,Male,59.0,Ofis,Ajanda,1,319,20,Card,EMP_23,Web,255.2
ORD502909,2026-06-29,Monday,15:35,İstanbul,Kadıköy,CUST11984,Returning,Male,24.0,Ofis,Monitör Yükseltici,2,1199,0,PayPal,EMP_17,Mobile,2398.0
ORD502910,2026-06-29,Monday,18:05,Bursa,Nilüfer,CUST10379,Returning,Male,18.0,Kozmetik,Şampuan,1,319,5,Card,EMP_26,Mobile,303.05
ORD502911,2026-06-15,Monday,16:25,İzmir,Karşıyaka,CUST10963,Returning,Female,53.0,Ofis,Defter,1,179,0,Wallet,EMP_05,Mobile,179.0
ORD502912,2026-06-12,Friday,18:20,Gaziantep,Şehitkamil,CUST10081,Returning,Male,26.0,Elektronik,Powerbank,1,899,15,PayPal,EMP_30,Web,764.15
ORD502913,2026-06-28,Sunday,20:50,İstanbul,Kadıköy,CUST10200,Returning,Male,21.0,Spor,Pilates Bandı,3,349,5,PayPal,EMP_29,Web,994.65
ORD502914,2026-06-11,Thursday,21:15,İstanbul,Şişli,CUST11564,New,Female,59.0,Ofis,Ajanda,5,319,5,Card,EMP_30,Mobile,1515.25
ORD502915,2026-06-24,Wednesday,20:55,Konya,Selçuklu,CUST11890,Returning,Female,51.0,Kozmetik,Serum,2,899,0,PayPal,EMP_30,Web,1798.0
ORD502916,2026-06-17,Wednesday,17:55,Bursa,Nilüfer,CUST10746,Returning,Female,23.0,Kitap,Finans,5,459,10,Card,EMP_17,Web,2065.5
ORD502917,2026-06-30,Tuesday,15:20,Kocaeli,İzmit,CUST11032,Returning,Female,29.0,Elektronik,Powerbank,2,899,10,Wallet,EMP_27,Mobile,1618.2
ORD502918,2026-06-19,Friday,20:15,İzmir,Bornova,CUST11941,New,Male,24.0,Kozmetik,Parfüm,1,1799,0,PayPal,EMP_06,Web,1799.0
ORD502919,2026-06-06,Saturday,19:25,Gaziantep,Şehitkamil,CUST11575,New,Female,27.0,Kitap,Bilim,2,429,15,Card,EMP_07,Mobile,729.3
ORD502920,2026-06-22,Monday,18:00,Antalya,Muratpaşa,CUST11687,New,Male,65.0,Elektronik,Laptop Standı,5,999,5,Bank Transfer,EMP_05,Web,4745.25
ORD502921,2026-06-03,Wednesday,11:10,Antalya,Muratpaşa,CUST11688,Returning,Male,50.0,Elektronik,Bluetooth Kulaklık,1,1299,0,Card,EMP_28,Mobile,1299.0
ORD502922,2026-06-04,Thursday,17:45,İzmir,Karşıyaka,CUST11172,Returning,Female,27.0,Elektronik,Powerbank,1,899,15,PayPal,EMP_05,Mobile,764.15
ORD502923,2026-06-11,Thursday,11:00,Adana,Seyhan,CUST11189,Returning,Male,44.0,Ofis,Defter,1,179,0,Wallet,EMP_23,Mobile,179.0
ORD502924,2026-06-16,Tuesday,18:10,İstanbul,Şişli,CUST10220,New,Female,30.0,Ev,Masa Lambası,2,899,0,Card,EMP_12,Web,1798.0
ORD502925,2026-06-02,Tuesday,16:00,Adana,Seyhan,CUST11605,New,Male,42.0,Elektronik,Kablosuz Mouse,2,499,5,Wallet,EMP_07,Mobile,948.1
ORD502926,2026-06-04,Thursday,21:15,İstanbul,Bakırköy,CUST10682,Returning,Male,22.0,Ofis,Defter,1,179,15,Wallet,EMP_08,Web,152.15
ORD502927,2026-06-04,Thursday,21:10,İstanbul,Kadıköy,CUST11657,Returning,Female,58.0,Ev,Saklama Kabı,4,299,0,Bank Transfer,EMP_09,Mobile,1196.0
ORD502928,2026-06-11,Thursday,17:35,Adana,Seyhan,CUST11936,New,Female,46.0,Kitap,Kişisel Gelişim,4,349,5,Wallet,EMP_30,Web,1326.2
ORD502929,2026-06-18,Thursday,19:35,Ankara,Çankaya,CUST10910,New,Male,50.0,Elektronik,Kablosuz Mouse,2,499,0,Card,EMP_30,Web,998.0
ORD502930,2026-06-06,Saturday,16:55,İstanbul,Şişli,CUST10006,Returning,Male,49.0,Ofis,Defter,3,179,0,Card,EMP_26,Mobile,537.0
ORD502931,2026-06-03,Wednesday,18:55,Kocaeli,İzmit,CUST10178,New,Male,50.0,Ofis,Masa Düzenleyici,1,399,0,Card,EMP_14,Web,399.0
ORD502932,2026-06-19,Friday,16:50,İzmir,Bornova,CUST11158,New,Male,30.0,Kitap,Finans,4,459,5,Bank Transfer,EMP_11,Web,1744.2
ORD502933,2026-06-18,Thursday,17:20,Ankara,Yenimahalle,CUST10151,New,Female,46.0,Ofis,Defter,1,179,15,Wallet,EMP_13,Web,152.15
ORD502934,2026-06-27,Saturday,19:15,Bursa,Nilüfer,CUST10022,New,Female,50.0,Kitap,Kişisel Gelişim,2,349,0,Bank Transfer,EMP_12,Mobile,698.0
ORD502935,2026-06-30,Tuesday,14:05,İstanbul,Kadıköy,CUST11275,Returning,Male,30.0,Ev,Masa Lambası,1,899,5,Bank Transfer,EMP_08,Web,854.05
ORD502936,2026-06-03,Wednesday,19:20,Konya,Selçuklu,CUST10672,Returning,Male,63.0,Elektronik,Bluetooth Kulaklık,1,1299,10,PayPal,EMP_05,Mobile,1169.1
ORD502937,2026-06-14,Sunday,17:00,İstanbul,Kadıköy,CUST11758,Returning,Male,43.0,Kitap,Kişisel Gelişim,3,349,20,Card,EMP_21,Web,837.6
ORD502938,2026-06-04,Thursday,10:10,Gaziantep,Şehitkamil,CUST10251,Returning,Male,49.0,Spor,Koşu Çantası,5,499,10,Bank Transfer,EMP_13,Mobile,2245.5
ORD502939,2026-06-05,Friday,14:15,İstanbul,Bakırköy,CUST11200,New,Male,34.0,Spor,Dambıl Seti,4,1899,10,Wallet,EMP_11,Mobile,6836.4
ORD502940,2026-06-29,Monday,20:50,Bursa,Nilüfer,CUST11407,New,Male,60.0,Elektronik,Akıllı Saat,2,3499,0,Wallet,EMP_21,Mobile,6998.0
ORD502941,2026-06-22,Monday,15:40,Adana,Seyhan,CUST11723,Returning,Female,23.0,Kozmetik,Parfüm,4,1799,20,PayPal,EMP_17,Web,5756.8
ORD502942,2026-06-05,Friday,20:15,Ankara,Yenimahalle,CUST11079,Returning,Male,40.0,Kozmetik,Güneş Kremi,2,599,20,Bank Transfer,EMP_27,Mobile,958.4
ORD502943,2026-06-02,Tuesday,14:55,Antalya,Muratpaşa,CUST11210,Returning,Female,41.0,Kozmetik,Şampuan,1,319,10,Card,EMP_07,Web,287.1
ORD502944,2026-06-12,Friday,21:15,Antalya,Muratpaşa,CUST10805,Returning,Male,32.0,Spor,Suluk,1,249,0,Card,EMP_27,Mobile,249.0
ORD502945,2026-06-25,Thursday,18:45,İzmir,Karşıyaka,CUST10079,New,Male,50.0,Ev,Blender,1,2199,10,PayPal,EMP_16,Mobile,1979.1
ORD502946,2026-06-23,Tuesday,21:35,Ankara,Çankaya,CUST10535,New,Female,20.0,Spor,Yoga Matı,4,699,10,PayPal,EMP_01,Mobile,2516.4
ORD502947,2026-06-17,Wednesday,17:35,Eskişehir,Odunpazarı,CUST11596,Returning,Female,20.0,Elektronik,Laptop Standı,1,999,0,Wallet,EMP_15,Mobile,999.0
ORD502948,2026-06-30,Tuesday,17:40,Bursa,Nilüfer,CUST11814,New,Male,58.0,Kitap,Veri Analizi 101,2,549,0,Bank Transfer,EMP_17,Mobile,1098.0
ORD502949,2026-06-10,Wednesday,17:50,Ankara,Yenimahalle,CUST11268,Returning,Female,51.0,Ev,Blender,3,2199,0,Card,EMP_03,Mobile,6597.0
ORD502950,2026-06-20,Saturday,14:55,Kocaeli,İzmit,CUST10592,New,Male,60.0,Spor,Koşu Çantası,3,499,5,PayPal,EMP_30,Mobile,1422.15
ORD502951,2026-06-02,Tuesday,14:30,İstanbul,Bakırköy,CUST11925,New,Female,38.0,Ofis,Monitör Yükseltici,1,1199,5,Card,EMP_22,Web,1139.05
ORD502952,2026-06-21,Sunday,19:50,İstanbul,Kadıköy,CUST10425,Returning,Female,65.0,Elektronik,Kablosuz Mouse,2,499,15,Card,EMP_01,Mobile,848.3
ORD502953,2026-06-06,Saturday,13:15,Antalya,Muratpaşa,CUST11200,Returning,Male,,Kozmetik,Yüz Temizleyici,2,429,0,Bank Transfer,EMP_03,Mobile,858.0
ORD502954,2026-06-22,Monday,09:50,Gaziantep,Şehitkamil,CUST11457,Returning,Male,20.0,Ofis,Ajanda,1,319,0,Bank Transfer,EMP_23,Mobile,319.0
ORD502955,2026-06-26,Friday,21:10,İstanbul,Şişli,CUST11808,Returning,Male,54.0,Ev,Termos,2,549,10,Wallet,EMP_30,Web,988.2
ORD502956,2026-06-17,Wednesday,14:55,Ankara,Çankaya,CUST10879,Returning,Female,40.0,Ev,Saklama Kabı,1,299,10,Wallet,EMP_21,Mobile,269.1
ORD502957,2026-06-29,Monday,14:50,İstanbul,Kadıköy,CUST10472,New,Female,55.0,Spor,Yoga Matı,1,699,20,PayPal,EMP_06,Web,559.2
ORD502958,2026-06-18,Thursday,13:45,İstanbul,Bakırköy,CUST10442,New,Female,26.0,Ofis,Kalem Seti,1,229,5,Bank Transfer,EMP_24,Mobile,217.55
ORD502959,2026-06-27,Saturday,16:05,İstanbul,Şişli,CUST11306,Returning,Female,56.0,Elektronik,Kablosuz Mouse,2,499,0,PayPal,EMP_30,Web,998.0
ORD502960,2026-06-21,Sunday,14:00,Bursa,Nilüfer,CUST11524,New,Male,28.0,Ofis,Defter,2,179,5,PayPal,EMP_02,Web,340.1
ORD502961,2026-06-29,Monday,13:10,Kocaeli,İzmit,CUST11276,New,Male,32.0,Kozmetik,Şampuan,1,319,10,Wallet,EMP_02,Mobile,287.1
ORD502962,2026-06-30,Tuesday,11:15,Ankara,Çankaya,CUST11472,New,Male,58.0,Kozmetik,Güneş Kremi,1,599,10,Bank Transfer,EMP_30,Web,539.1
ORD502963,2026-06-19,Friday,11:00,İzmir,Bornova,CUST11426,Returning,Male,30.0,Ev,Blender,3,2199,0,PayPal,EMP_25,Mobile,6597.0
ORD502964,2026-06-03,Wednesday,15:45,İstanbul,Kadıköy,CUST10398,Returning,Female,38.0,Kozmetik,Güneş Kremi,1,599,0,PayPal,EMP_18,Web,599.0
ORD502965,2026-06-13,Saturday,12:05,İstanbul,Şişli,CUST10104,Returning,Male,,Ofis,Monitör Yükseltici,2,1199,0,Wallet,EMP_14,Mobile,2398.0
ORD502966,2026-06-04,Thursday,17:30,İzmir,Karşıyaka,CUST11048,New,Male,41.0,Elektronik,Akıllı Saat,1,3499,0,PayPal,EMP_14,Mobile,3499.0
ORD502967,2026-06-06,Saturday,13:35,İstanbul,Bakırköy,CUST11829,New,Female,50.0,Kozmetik,Yüz Temizleyici,3,429,0,Wallet,EMP_12,Mobile,1287.0
ORD502968,2026-06-06,Saturday,20:20,Adana,Seyhan,CUST10097,New,Male,51.0,Spor,Dambıl Seti,3,1899,0,Bank Transfer,EMP_15,Mobile,5697.0
ORD502969,2026-06-07,Sunday,18:05,Adana,Seyhan,CUST11586,Returning,Male,41.0,Ev,Saklama Kabı,2,299,5,Bank Transfer,EMP_07,Web,568.1
ORD502970,2026-06-12,Friday,18:45,İzmir,Bornova,CUST11132,New,Female,24.0,Elektronik,Kablosuz Mouse,1,499,15,Wallet,EMP_19,Mobile,424.15
ORD502971,2026-06-21,Sunday,14:10,İzmir,Bornova,CUST11546,New,Male,64.0,Spor,Yoga Matı,2,699,15,Card,EMP_08,Mobile,1188.3
ORD502972,2026-06-14,Sunday,19:35,İstanbul,Kadıköy,CUST10639,Returning,Female,63.0,Elektronik,Laptop Standı,2,999,0,PayPal,EMP_09,Web,1998.0
ORD502973,2026-06-30,Tuesday,21:45,Bursa,Nilüfer,CUST11868,Returning,Female,63.0,Elektronik,Bluetooth Kulaklık,1,1299,10,Card,EMP_08,Web,1169.1
ORD502974,2026-06-19,Friday,20:40,Bursa,Nilüfer,CUST11872,New,Female,29.0,Ofis,Kalem Seti,3,229,5,PayPal,EMP_12,Mobile,652.65
ORD502975,2026-06-27,Saturday,15:10,İstanbul,Kadıköy,CUST10590,Returning,Female,50.0,Ofis,Defter,2,179,0,Card,EMP_13,Mobile,358.0
ORD502976,2026-06-09,Tuesday,20:50,Eskişehir,Odunpazarı,CUST10629,New,Female,41.0,Kitap,Kişisel Gelişim,1,349,5,Wallet,EMP_23,Mobile,331.55
ORD502977,2026-06-07,Sunday,18:30,Eskişehir,Odunpazarı,CUST11831,New,Female,62.0,Elektronik,Powerbank,1,899,10,PayPal,EMP_11,Mobile,809.1
ORD502978,2026-06-07,Sunday,20:05,İstanbul,Şişli,CUST11465,Returning,Female,21.0,Spor,Dambıl Seti,3,1899,20,Wallet,EMP_23,Web,4557.6
ORD502979,2026-06-06,Saturday,20:40,Eskişehir,Odunpazarı,CUST11065,Returning,Female,65.0,Kitap,Finans,4,459,0,Card,EMP_23,Web,1836.0
ORD502980,2026-06-07,Sunday,17:40,İzmir,Bornova,CUST11025,Returning,Male,45.0,Ofis,Monitör Yükseltici,2,1199,20,Wallet,EMP_04,Mobile,1918.4
ORD502981,2026-06-18,Thursday,19:25,İzmir,Karşıyaka,CUST11110,Returning,Male,37.0,Kozmetik,Şampuan,2,319,0,Wallet,EMP_08,Mobile,638.0
ORD502982,2026-06-22,Monday,20:40,İstanbul,Bakırköy,CUST10725,Returning,Male,30.0,Ev,Termos,3,549,5,PayPal,EMP_29,Mobile,1564.65
ORD502983,2026-06-03,Wednesday,19:10,İstanbul,Şişli,CUST11625,New,Male,53.0,Elektronik,Bluetooth Kulaklık,2,1299,0,PayPal,EMP_17,Mobile,2598.0
ORD502984,2026-06-19,Friday,16:30,Adana,Seyhan,CUST11913,Returning,Male,44.0,Elektronik,Kablosuz Mouse,1,499,0,Wallet,EMP_12,Web,499.0
ORD502985,2026-06-26,Friday,15:25,Antalya,Muratpaşa,CUST10132,New,Male,64.0,Spor,Pilates Bandı,1,349,0,Wallet,EMP_09,Mobile,349.0
ORD502986,2026-06-24,Wednesday,20:40,Kocaeli,İzmit,CUST10550,New,Male,44.0,Kozmetik,Güneş Kremi,3,599,0,Wallet,EMP_28,Mobile,1797.0
ORD502987,2026-06-17,Wednesday,19:15,Ankara,Çankaya,CUST11097,Returning,Female,55.0,Kitap,Bilim,1,429,5,Bank Transfer,EMP_21,Mobile,407.55
ORD502988,2026-06-30,Tuesday,16:10,İzmir,Bornova,CUST11857,New,Male,38.0,Spor,Pilates Bandı,1,349,5,Bank Transfer,EMP_16,Web,331.55
ORD502989,2026-06-25,Thursday,20:40,İstanbul,Şişli,CUST10241,New,Male,25.0,Ofis,Ajanda,1,319,0,PayPal,EMP_02,Mobile,319.0
ORD502990,2026-06-16,Tuesday,17:40,Bursa,Nilüfer,CUST10042,New,Female,33.0,Spor,Koşu Çantası,3,499,0,Bank Transfer,EMP_23,Web,1497.0
ORD502991,2026-06-17,Wednesday,19:50,Ankara,Çankaya,CUST11393,New,Male,41.0,Ev,Masa Lambası,1,899,10,Wallet,EMP_02,Web,809.1
ORD502992,2026-06-29,Monday,10:35,İstanbul,Kadıköy,CUST11167,New,Female,18.0,Ofis,Masa Düzenleyici,1,399,0,Wallet,EMP_22,Web,399.0
ORD502993,2026-06-09,Tuesday,17:25,Adana,Seyhan,CUST11776,Returning,Female,23.0,Kitap,Finans,1,459,0,Card,EMP_23,Mobile,459.0
ORD502994,2026-06-01,Monday,19:20,İzmir,Karşıyaka,CUST11465,New,Female,52.0,Ofis,Masa Düzenleyici,1,399,5,Wallet,EMP_23,Web,379.05
ORD502995,2026-06-28,Sunday,14:00,Bursa,Nilüfer,CUST10829,Returning,Female,19.0,Elektronik,Kablosuz Mouse,3,499,5,Bank Transfer,EMP_06,Web,1422.15
ORD502996,2026-06-07,Sunday,19:20,Kocaeli,İzmit,CUST11403,New,Male,18.0,Ofis,Ajanda,3,319,10,Card,EMP_20,Mobile,861.3
ORD502997,2026-06-16,Tuesday,17:20,Ankara,Çankaya,CUST11756,Returning,Male,60.0,Spor,Pilates Bandı,2,349,0,Bank Transfer,EMP_27,Mobile,698.0
ORD502998,2026-06-25,Thursday,12:20,İstanbul,Şişli,CUST11155,New,Male,29.0,Spor,Koşu Çantası,1,499,5,Bank Transfer,EMP_12,Web,474.05
ORD502999,2026-06-18,Thursday,21:15,Bursa,Nilüfer,CUST10069,New,Male,61.0,Spor,Dambıl Seti,1,1899,0,PayPal,EMP_02,Mobile,1899.0
ORD503000,2026-06-18,Thursday,19:20,İstanbul,Bakırköy,CUST10276,New,Female,31.0,Elektronik,Laptop Standı,4,999,20,Card,EMP_11,Web,3196.8
ORD503001,2026-06-30,Tuesday,17:35,Adana,Seyhan,CUST11226,Returning,Male,43.0,Ofis,Kalem Seti,1,229,10,Card,EMP_17,Mobile,206.1
ORD503002,2026-06-10,Wednesday,12:50,Bursa,Nilüfer,CUST10808,Returning,Male,31.0,Elektronik,Bluetooth Kulaklık,4,1299,0,Wallet,EMP_17,Web,5196.0
ORD503003,2026-06-16,Tuesday,21:55,İstanbul,Bakırköy,CUST11764,New,Female,43.0,Ev,Masa Lambası,1,899,15,Card,EMP_26,Mobile,764.15
ORD503004,2026-06-05,Friday,18:40,İstanbul,Kadıköy,CUST10762,New,Female,56.0,Ev,Saklama Kabı,1,299,20,Wallet,EMP_26,Web,239.2
ORD503005,2026-06-25,Thursday,17:45,Eskişehir,Odunpazarı,CUST10381,Returning,Female,38.0,Ev,Blender,4,2199,0,Bank Transfer,EMP_28,Mobile,8796.0
ORD503006,2026-06-03,Wednesday,18:25,Bursa,Nilüfer,CUST10669,Returning,Female,20.0,Elektronik,Powerbank,1,899,10,PayPal,EMP_04,Mobile,809.1
ORD503007,2026-06-01,Monday,19:10,Adana,Seyhan,CUST11912,Returning,Male,54.0,Ofis,Masa Düzenleyici,1,399,0,Bank Transfer,EMP_25,Web,399.0
ORD503008,2026-06-28,Sunday,11:00,Konya,Selçuklu,CUST11050,New,Female,21.0,Kozmetik,Güneş Kremi,2,599,0,Card,EMP_07,Web,1198.0
ORD503009,2026-06-11,Thursday,21:45,İstanbul,Kadıköy,CUST10478,New,Male,54.0,Ofis,Defter,2,179,15,Card,EMP_01,Mobile,304.3
ORD503010,2026-06-27,Saturday,20:15,Eskişehir,Odunpazarı,CUST11215,Returning,Male,58.0,Ev,Saklama Kabı,2,299,10,Bank Transfer,EMP_28,Mobile,538.2
ORD503011,2026-06-29,Monday,17:40,Antalya,Muratpaşa,CUST11492,Returning,Female,48.0,Elektronik,Powerbank,1,899,5,Bank Transfer,EMP_12,Mobile,854.05
ORD503012,2026-06-19,Friday,10:55,Gaziantep,Şehitkamil,CUST11463,New,Female,31.0,Ofis,Monitör Yükseltici,4,1199,5,Bank Transfer,EMP_13,Mobile,4556.2
ORD503013,2026-06-14,Sunday,18:30,İstanbul,Bakırköy,CUST10189,Returning,Male,29.0,Kozmetik,Güneş Kremi,2,599,0,Card,EMP_19,Mobile,1198.0
ORD503014,2026-06-17,Wednesday,17:25,Gaziantep,Şehitkamil,CUST11832,New,Female,41.0,Spor,Dambıl Seti,2,1899,20,Wallet,EMP_12,Mobile,3038.4
ORD503015,2026-06-23,Tuesday,10:55,Eskişehir,Odunpazarı,CUST11722,New,Female,45.0,Elektronik,Bluetooth Kulaklık,1,1299,0,Wallet,EMP_04,Mobile,1299.0
ORD503016,2026-06-23,Tuesday,11:15,İzmir,Bornova,CUST11163,New,Male,42.0,Elektronik,Akıllı Saat,1,3499,10,PayPal,EMP_25,Mobile,3149.1
ORD503017,2026-06-25,Thursday,16:15,Konya,Selçuklu,CUST11753,New,Male,34.0,Elektronik,Bluetooth Kulaklık,1,1299,5,Wallet,EMP_16,Mobile,1234.05
ORD503018,2026-06-13,Saturday,13:00,İstanbul,Bakırköy,CUST11466,New,Female,27.0,Ev,French Press,2,649,15,Bank Transfer,EMP_12,Mobile,1103.3
ORD503019,2026-06-05,Friday,20:40,Konya,Selçuklu,CUST10747,New,Female,28.0,Kozmetik,Parfüm,2,1799,0,Bank Transfer,EMP_15,Mobile,3598.0
ORD503020,2026-06-21,Sunday,14:55,İstanbul,Bakırköy,CUST10444,New,Male,31.0,Elektronik,Kablosuz Mouse,3,499,0,Card,EMP_18,Mobile,1497.0
ORD503021,2026-06-02,Tuesday,16:30,İzmir,Karşıyaka,CUST10727,New,Male,46.0,Ofis,Monitör Yükseltici,3,1199,0,PayPal,EMP_19,Web,3597.0
ORD503022,2026-06-04,Thursday,15:40,Ankara,Çankaya,CUST11874,Returning,Female,65.0,Kitap,Bilim,2,429,0,Card,EMP_06,Mobile,858.0
ORD503023,2026-06-27,Saturday,17:45,Bursa,Nilüfer,CUST11141,New,Female,34.0,Kozmetik,Yüz Temizleyici,3,429,10,Card,EMP_22,Web,1158.3
ORD503024,2026-06-12,Friday,20:40,İzmir,Karşıyaka,CUST10002,New,Male,59.0,Elektronik,Kablosuz Mouse,1,499,0,PayPal,EMP_02,Web,499.0
ORD503025,2026-06-03,Wednesday,16:55,İstanbul,Kadıköy,CUST11491,Returning,Female,50.0,Elektronik,Bluetooth Kulaklık,1,1299,0,Bank Transfer,EMP_19,Web,1299.0
ORD503026,2026-06-28,Sunday,09:50,Antalya,Muratpaşa,CUST11166,Returning,Male,30.0,Ofis,Monitör Yükseltici,5,1199,10,Wallet,EMP_20,Mobile,5395.5
ORD503027,2026-06-09,Tuesday,18:50,İstanbul,Şişli,CUST10850,New,Female,26.0,Kozmetik,Güneş Kremi,1,599,0,PayPal,EMP_03,Mobile,599.0
ORD503028,2026-06-02,Tuesday,19:50,Kocaeli,İzmit,CUST11362,Returning,Female,22.0,Elektronik,Laptop Standı,1,999,5,PayPal,EMP_17,Mobile,949.05
ORD503029,2026-06-11,Thursday,12:15,İstanbul,Bakırköy,CUST10284,New,Male,64.0,Kitap,Bilim,3,429,0,Bank Transfer,EMP_07,Mobile,1287.0
ORD503030,2026-06-20,Saturday,18:10,İstanbul,Bakırköy,CUST10658,Returning,Female,27.0,Spor,Pilates Bandı,1,349,5,Card,EMP_30,Mobile,331.55
ORD503031,2026-06-19,Friday,11:00,İstanbul,Kadıköy,CUST11480,New,Female,52.0,Elektronik,Powerbank,1,899,0,Card,EMP_26,Mobile,899.0
ORD503032,2026-06-14,Sunday,13:10,Konya,Selçuklu,CUST10107,New,Male,50.0,Ofis,Masa Düzenleyici,1,399,0,Wallet,EMP_24,Web,399.0
ORD503033,2026-06-26,Friday,20:30,Ankara,Çankaya,CUST10229,Returning,Male,59.0,Kitap,Roman,1,299,0,Card,EMP_30,Mobile,299.0
ORD503034,2026-06-18,Thursday,15:40,Antalya,Muratpaşa,CUST11875,Returning,Male,65.0,Elektronik,Powerbank,1,899,0,PayPal,EMP_22,Web,899.0
ORD503035,2026-06-25,Thursday,09:10,Bursa,Nilüfer,CUST10213,New,Male,56.0,Kozmetik,Güneş Kremi,1,599,10,Wallet,EMP_30,Web,539.1
ORD503036,2026-06-08,Monday,12:15,Adana,Seyhan,CUST11305,Returning,Female,52.0,Ev,Masa Lambası,1,899,0,Card,EMP_28,Web,899.0
ORD503037,2026-06-18,Thursday,17:15,İzmir,Bornova,CUST10865,New,Male,60.0,Elektronik,Kablosuz Mouse,1,499,5,Card,EMP_18,Mobile,474.05
ORD503038,2026-06-26,Friday,14:00,Kocaeli,İzmit,CUST11691,Returning,Female,51.0,Kozmetik,Serum,2,899,5,Bank Transfer,EMP_05,Web,1708.1
ORD503039,2026-06-11,Thursday,14:10,Kocaeli,İzmit,CUST10031,Returning,Female,19.0,Spor,Yoga Matı,3,699,0,Bank Transfer,EMP_04,Mobile,2097.0
ORD503040,2026-06-05,Friday,11:00,İstanbul,Kadıköy,CUST10953,New,Male,22.0,Kozmetik,Yüz Temizleyici,3,429,15,Bank Transfer,EMP_11,Web,1093.95
ORD503041,2026-06-11,Thursday,17:45,Konya,Selçuklu,CUST11483,New,Male,58.0,Elektronik,Laptop Standı,1,999,0,Wallet,EMP_17,Mobile,999.0
ORD503042,2026-06-20,Saturday,21:30,İstanbul,Bakırköy,CUST11991,Returning,Female,60.0,Elektronik,Kablosuz Mouse,2,499,10,Card,EMP_14,Web,898.2
ORD503043,2026-06-29,Monday,20:40,İstanbul,Kadıköy,CUST10450,New,Female,44.0,Elektronik,Kablosuz Mouse,1,499,0,PayPal,EMP_05,Mobile,499.0
ORD503044,2026-06-11,Thursday,21:50,Gaziantep,Şehitkamil,CUST11933,Returning,Female,42.0,Kitap,Roman,2,299,0,Unknown,EMP_08,Mobile,598.0
ORD503045,2026-06-20,Saturday,21:55,İzmir,Bornova,CUST11901,New,Female,49.0,Kitap,Roman,2,299,15,PayPal,EMP_15,Web,508.3
ORD503046,2026-06-29,Monday,18:45,Konya,Selçuklu,CUST10739,Returning,Female,46.0,Elektronik,Powerbank,1,899,0,Bank Transfer,EMP_02,Mobile,899.0
ORD503047,2026-06-22,Monday,20:05,İstanbul,Kadıköy,CUST10165,New,Female,38.0,Kozmetik,Yüz Temizleyici,1,429,5,Wallet,EMP_02,Web,407.55
ORD503048,2026-06-30,Tuesday,12:20,Bursa,Nilüfer,CUST10722,New,Female,39.0,Elektronik,Kablosuz Mouse,1,499,5,Bank Transfer,EMP_20,Web,474.05
ORD503049,2026-06-24,Wednesday,16:45,Konya,Selçuklu,CUST11653,Returning,Female,39.0,Kitap,Roman,1,299,5,Wallet,EMP_14,Mobile,284.05
ORD503050,2026-06-02,Tuesday,10:05,Eskişehir,Odunpazarı,CUST11574,Returning,Female,48.0,Spor,Koşu Çantası,2,499,10,PayPal,EMP_26,Mobile,898.2
ORD503051,2026-06-08,Monday,19:00,Gaziantep,Şehitkamil,CUST11748,New,Male,42.0,Ev,Saklama Kabı,3,299,0,Bank Transfer,EMP_07,Mobile,897.0
ORD503052,2026-06-10,Wednesday,09:05,Konya,Selçuklu,CUST10817,Returning,Male,49.0,Spor,Koşu Çantası,1,499,0,Card,EMP_07,Mobile,499.0
ORD503053,2026-06-11,Thursday,19:45,İstanbul,Kadıköy,CUST10063,Returning,Female,32.0,Ev,Termos,4,549,0,Wallet,EMP_24,Web,2196.0
ORD503054,2026-06-07,Sunday,18:00,İstanbul,Kadıköy,CUST11589,New,Male,55.0,Ev,Termos,1,549,10,Bank Transfer,EMP_12,Mobile,494.1
ORD503055,2026-06-18,Thursday,13:35,Konya,Selçuklu,CUST11521,New,Female,59.0,Ev,Masa Lambası,1,899,5,PayPal,EMP_21,Web,854.05
ORD503056,2026-06-08,Monday,16:00,Konya,Selçuklu,CUST10990,New,Female,61.0,Elektronik,Kablosuz Mouse,1,499,5,Card,EMP_01,Web,474.05
ORD503057,2026-06-22,Monday,20:40,İzmir,Bornova,CUST11975,New,Male,20.0,Kitap,Veri Analizi 101,2,549,5,PayPal,EMP_21,Mobile,1043.1
ORD503058,2026-06-01,Monday,15:50,Eskişehir,Odunpazarı,CUST10315,Returning,Female,34.0,Spor,Suluk,1,249,10,PayPal,EMP_13,Mobile,224.1
ORD503059,2026-06-11,Thursday,18:50,İstanbul,Şişli,CUST11327,New,Male,48.0,Kitap,Kişisel Gelişim,1,349,5,Bank Transfer,EMP_09,Mobile,331.55
ORD503060,2026-06-28,Sunday,19:35,İstanbul,Bakırköy,CUST10506,Returning,Female,28.0,Kozmetik,Serum,1,899,5,Card,EMP_01,Mobile,854.05
ORD503061,2026-06-08,Monday,20:25,Antalya,Muratpaşa,CUST10585,Returning,Male,26.0,Ev,Saklama Kabı,3,299,5,Bank Transfer,EMP_30,Web,852.15
ORD503062,2026-06-04,Thursday,09:40,İstanbul,Kadıköy,CUST11053,New,Female,34.0,Ofis,Monitör Yükseltici,1,1199,0,Card,EMP_13,Mobile,1199.0
ORD503063,2026-06-08,Monday,18:55,Adana,Seyhan,CUST10383,New,Female,22.0,Elektronik,Akıllı Saat,1,3499,15,Wallet,EMP_23,Mobile,2974.15
ORD503064,2026-06-26,Friday,18:55,Konya,Selçuklu,CUST11860,Returning,Female,37.0,Ev,Termos,1,549,0,Card,EMP_08,Web,549.0
ORD503065,2026-06-25,Thursday,14:10,İstanbul,Bakırköy,CUST11242,Returning,Male,45.0,Elektronik,Kablosuz Mouse,2,499,0,Wallet,EMP_04,Mobile,998.0
ORD503066,2026-06-02,Tuesday,10:35,Bursa,Nilüfer,CUST11556,New,Female,52.0,Kitap,Bilim,1,429,5,Wallet,EMP_16,Web,407.55
ORD503067,2026-06-08,Monday,11:50,Kocaeli,İzmit,CUST10891,Returning,Male,48.0,Spor,Dambıl Seti,1,1899,0,PayPal,EMP_24,Mobile,1899.0
ORD503068,2026-06-16,Tuesday,09:25,İstanbul,Bakırköy,CUST10327,New,Male,29.0,Kitap,Roman,4,299,0,Card,EMP_10,Mobile,1196.0
ORD503069,2026-06-19,Friday,15:50,Kocaeli,İzmit,CUST11472,Returning,Female,38.0,Elektronik,Bluetooth Kulaklık,1,1299,5,PayPal,EMP_30,Mobile,1234.05
ORD503070,2026-06-23,Tuesday,09:40,Ankara,Yenimahalle,CUST11928,Returning,Female,47.0,Elektronik,Bluetooth Kulaklık,1,1299,0,Wallet,EMP_14,Web,1299.0
ORD503071,2026-06-12,Friday,20:05,İstanbul,Bakırköy,CUST10632,Returning,Male,57.0,Ofis,Defter,1,179,0,Wallet,EMP_19,Web,179.0
ORD503072,2026-06-01,Monday,19:15,Bursa,Nilüfer,CUST11234,New,Male,44.0,Elektronik,Kablosuz Mouse,1,499,0,Bank Transfer,EMP_30,Mobile,499.0
ORD503073,2026-06-03,Wednesday,21:25,Eskişehir,Odunpazarı,CUST11150,Returning,Female,43.0,Spor,Suluk,1,249,0,PayPal,EMP_06,Web,249.0
ORD503074,2026-06-29,Monday,19:55,Eskişehir,Odunpazarı,CUST10503,New,Male,29.0,Spor,Koşu Çantası,1,499,0,PayPal,EMP_25,Mobile,499.0
ORD503075,2026-06-08,Monday,12:35,İzmir,Karşıyaka,CUST10581,New,Male,26.0,Spor,Dambıl Seti,1,1899,0,Wallet,EMP_03,Mobile,1899.0
ORD503076,2026-06-26,Friday,19:40,Kocaeli,İzmit,CUST11771,New,Female,57.0,Kitap,Veri Analizi 101,1,549,10,PayPal,EMP_02,Web,494.1
ORD503077,2026-06-09,Tuesday,15:30,İstanbul,Kadıköy,CUST11140,Returning,Male,36.0,Elektronik,Akıllı Saat,3,3499,0,Wallet,EMP_25,Web,10497.0
ORD503078,2026-06-17,Wednesday,19:45,Konya,Selçuklu,CUST11836,Returning,Male,39.0,Ofis,Ajanda,1,319,10,Card,EMP_19,Mobile,287.1
ORD503079,2026-06-18,Thursday,12:00,İstanbul,Kadıköy,CUST12000,Returning,Female,48.0,Spor,Koşu Çantası,4,499,0,Bank Transfer,EMP_08,Mobile,1996.0
ORD503080,2026-06-12,Friday,21:30,Eskişehir,Odunpazarı,CUST11267,Returning,Female,39.0,Elektronik,Kablosuz Mouse,1,499,0,PayPal,EMP_11,Mobile,499.0
ORD503081,2026-06-13,Saturday,10:20,Eskişehir,Odunpazarı,CUST11013,New,Male,59.0,Kitap,Roman,2,299,5,Wallet,EMP_17,Mobile,568.1
ORD503082,2026-06-26,Friday,19:50,İstanbul,Bakırköy,CUST10950,New,Male,58.0,Ofis,Defter,2,179,10,Wallet,EMP_09,Web,322.2
ORD503083,2026-06-09,Tuesday,18:25,Adana,Seyhan,CUST10425,Returning,Female,,Elektronik,Laptop Standı,2,999,0,PayPal,EMP_24,Mobile,1998.0
ORD503084,2026-06-15,Monday,20:05,Kocaeli,İzmit,CUST10476,New,Male,22.0,Ev,Masa Lambası,2,899,10,PayPal,EMP_21,Mobile,1618.2
ORD503085,2026-06-21,Sunday,21:30,Bursa,Nilüfer,CUST11625,Returning,Female,43.0,Elektronik,Bluetooth Kulaklık,2,1299,0,Card,EMP_20,Mobile,2598.0
ORD503086,2026-06-30,Tuesday,20:45,Konya,Selçuklu,CUST10299,New,Male,24.0,Spor,Dambıl Seti,1,1899,0,Card,EMP_28,Mobile,1899.0
ORD503087,2026-06-10,Wednesday,16:00,Ankara,Çankaya,CUST11643,New,Male,65.0,Ofis,Defter,1,179,10,Bank Transfer,EMP_09,Web,161.1
ORD503088,2026-06-06,Saturday,18:40,Ankara,Yenimahalle,CUST10184,Returning,Female,63.0,Elektronik,Bluetooth Kulaklık,3,1299,0,Wallet,EMP_16,Web,3897.0
ORD503089,2026-06-23,Tuesday,12:40,Bursa,Nilüfer,CUST11720,Returning,Female,23.0,Ofis,Masa Düzenleyici,2,399,0,Card,EMP_27,Mobile,798.0
ORD503090,2026-06-30,Tuesday,19:20,İstanbul,Kadıköy,CUST11508,Returning,Female,60.0,Kitap,Kişisel Gelişim,3,349,0,PayPal,EMP_08,Web,1047.0
ORD503091,2026-06-23,Tuesday,18:50,Gaziantep,Şehitkamil,CUST11545,Returning,Female,54.0,Spor,Yoga Matı,1,699,10,Wallet,EMP_22,Mobile,629.1
ORD503092,2026-06-28,Sunday,17:55,Ankara,Yenimahalle,CUST11923,New,Male,64.0,Kozmetik,Yüz Temizleyici,3,429,5,Card,EMP_29,Mobile,1222.65
ORD503093,2026-06-15,Monday,17:30,Kocaeli,İzmit,CUST11651,Returning,Male,29.0,Kozmetik,Serum,4,899,5,Card,EMP_26,Mobile,3416.2
ORD503094,2026-06-30,Tuesday,17:00,Antalya,Muratpaşa,CUST10162,New,Female,23.0,Elektronik,Akıllı Saat,4,3499,15,PayPal,EMP_16,Mobile,11896.6
ORD503095,2026-06-18,Thursday,17:15,Konya,Selçuklu,CUST10211,Returning,Female,54.0,Kozmetik,Serum,3,899,0,Unknown,EMP_30,Web,2697.0
ORD503096,2026-06-21,Sunday,21:05,Bursa,Nilüfer,CUST11973,New,Female,40.0,Ofis,Defter,1,179,5,Unknown,EMP_06,Mobile,170.05
ORD503097,2026-06-10,Wednesday,17:35,İstanbul,Bakırköy,CUST10592,New,Male,53.0,Ofis,Monitör Yükseltici,1,1199,5,Unknown,EMP_21,Web,1139.05
ORD503098,2026-06-16,Tuesday,14:40,İstanbul,Şişli,CUST10973,New,Male,23.0,Ev,Blender,2,2199,5,Bank Transfer,EMP_22,Web,4178.1
ORD503099,2026-06-06,Saturday,12:15,İstanbul,Bakırköy,CUST10111,Returning,Female,65.0,Kozmetik,Şampuan,5,319,0,Card,EMP_25,Mobile,1595.0
ORD503100,2026-06-30,Tuesday,19:35,İstanbul,Şişli,CUST10319,New,Female,53.0,Ofis,Ajanda,4,319,0,Card,EMP_14,Mobile,1276.0
ORD503101,2026-06-18,Thursday,17:50,Konya,Selçuklu,CUST10358,Returning,Male,23.0,Kozmetik,Şampuan,3,319,0,Wallet,EMP_18,Mobile,957.0
ORD503102,2026-06-09,Tuesday,15:00,Konya,Selçuklu,CUST10875,Returning,Male,52.0,Kitap,Finans,1,459,10,Wallet,EMP_18,Mobile,413.1
ORD503103,2026-06-21,Sunday,18:20,İzmir,Bornova,CUST11552,New,Male,50.0,Kitap,Kişisel Gelişim,4,349,0,Card,EMP_20,Web,1396.0
ORD503104,2026-06-10,Wednesday,14:25,İzmir,Bornova,CUST10152,Returning,Female,19.0,Elektronik,Laptop Standı,2,999,10,Wallet,EMP_10,Web,1798.2
ORD503105,2026-06-15,Monday,09:35,Adana,Seyhan,CUST11303,New,Female,49.0,Elektronik,Powerbank,3,899,20,Bank Transfer,EMP_15,Web,2157.6
ORD503106,2026-06-09,Tuesday,16:20,Bursa,Nilüfer,CUST10303,Returning,Male,55.0,Ev,Saklama Kabı,1,299,15,PayPal,EMP_22,Mobile,254.15
ORD503107,2026-06-01,Monday,18:20,İzmir,Karşıyaka,CUST11809,New,Female,31.0,Ev,Blender,4,2199,0,Card,EMP_30,Mobile,8796.0
ORD503108,2026-06-24,Wednesday,10:00,İzmir,Bornova,CUST11833,Returning,Female,48.0,Ev,Masa Lambası,1,899,10,Wallet,EMP_07,Mobile,809.1
ORD503109,2026-06-20,Saturday,15:15,Antalya,Muratpaşa,CUST11585,Returning,Female,33.0,Elektronik,Kablosuz Mouse,2,499,0,Bank Transfer,EMP_13,Mobile,998.0
ORD503110,2026-06-21,Sunday,20:40,Konya,Selçuklu,CUST10680,Returning,Male,48.0,Ev,Termos,3,549,10,Bank Transfer,EMP_26,Mobile,1482.3
ORD503111,2026-06-21,Sunday,12:45,İstanbul,Bakırköy,CUST11542,Returning,Male,64.0,Ofis,Defter,2,179,5,PayPal,EMP_26,Web,340.1
ORD503112,2026-06-05,Friday,14:20,Kocaeli,İzmit,CUST10017,Returning,Female,32.0,Spor,Suluk,2,249,15,PayPal,EMP_20,Web,423.3
ORD503113,2026-06-07,Sunday,20:30,Bursa,Nilüfer,CUST11653,Returning,Female,30.0,Elektronik,Kablosuz Mouse,2,499,5,Wallet,EMP_29,Web,948.1
ORD503114,2026-06-04,Thursday,18:35,Antalya,Muratpaşa,CUST11343,New,Female,64.0,Kitap,Veri Analizi 101,1,549,0,Bank Transfer,EMP_07,Mobile,549.0
ORD503115,2026-06-06,Saturday,21:10,Eskişehir,Odunpazarı,CUST10503,Returning,Female,54.0,Elektronik,Powerbank,2,899,5,Card,EMP_04,Mobile,1708.1
ORD503116,2026-06-13,Saturday,19:00,Antalya,Muratpaşa,CUST11230,Returning,Female,40.0,Kozmetik,Serum,2,899,0,Card,EMP_14,Web,1798.0
ORD503117,2026-06-09,Tuesday,11:55,İstanbul,Şişli,CUST10201,Returning,Female,57.0,Ev,Masa Lambası,2,899,0,Bank Transfer,EMP_03,Mobile,1798.0
ORD503118,2026-06-12,Friday,14:45,Antalya,Muratpaşa,CUST10313,New,Male,24.0,Ofis,Kalem Seti,2,229,0,Wallet,EMP_28,Mobile,458.0
ORD503119,2026-06-14,Sunday,14:50,Antalya,Muratpaşa,CUST11168,Returning,Female,58.0,Elektronik,Kablosuz Mouse,4,499,5,Wallet,EMP_03,Mobile,1896.2
ORD503120,2026-06-19,Friday,14:55,İstanbul,Bakırköy,CUST10846,New,Female,27.0,Kitap,Kişisel Gelişim,1,349,20,Bank Transfer,EMP_04,Mobile,279.2
ORD503121,2026-06-12,Friday,15:25,İstanbul,Şişli,CUST11833,Returning,Female,23.0,Spor,Yoga Matı,1,699,15,PayPal,EMP_30,Mobile,594.15
ORD503122,2026-06-12,Friday,12:35,Antalya,Muratpaşa,CUST11388,Returning,Male,55.0,Ev,Termos,1,549,5,Wallet,EMP_30,Mobile,521.55
ORD503123,2026-06-02,Tuesday,15:25,İstanbul,Şişli,CUST11707,Returning,Male,60.0,Elektronik,Bluetooth Kulaklık,1,1299,20,Bank Transfer,EMP_01,Web,1039.2
ORD503124,2026-06-18,Thursday,13:10,Antalya,Muratpaşa,CUST11914,Returning,Male,42.0,Kozmetik,Yüz Temizleyici,2,429,15,PayPal,EMP_22,Mobile,729.3
ORD503125,2026-06-03,Wednesday,19:35,İzmir,Bornova,CUST10006,New,Male,25.0,Elektronik,Kablosuz Mouse,1,499,0,Card,EMP_10,Mobile,499.0
ORD503126,2026-06-13,Saturday,16:55,İstanbul,Bakırköy,CUST10718,Returning,Female,28.0,Ev,Termos,1,549,5,Card,EMP_22,Web,521.55
ORD503127,2026-06-18,Thursday,15:35,İstanbul,Kadıköy,CUST10063,Returning,Female,33.0,Ev,Saklama Kabı,2,299,15,Bank Transfer,EMP_13,Web,508.3
ORD503128,2026-06-21,Sunday,12:55,İzmir,Karşıyaka,CUST10238,Returning,Male,65.0,Ofis,Monitör Yükseltici,2,1199,5,Card,EMP_10,Web,2278.1
ORD503129,2026-06-11,Thursday,14:50,Antalya,Muratpaşa,CUST10642,New,Female,36.0,Kitap,Bilim,2,429,5,Wallet,EMP_12,Web,815.1
ORD503130,2026-06-04,Thursday,19:55,İstanbul,Şişli,CUST11913,Returning,Female,36.0,Ofis,Ajanda,1,319,10,Wallet,EMP_14,Mobile,287.1
ORD503131,2026-06-30,Tuesday,21:10,İstanbul,Bakırköy,CUST11343,New,Female,42.0,Ofis,Monitör Yükseltici,3,1199,0,Bank Transfer,EMP_11,Mobile,3597.0
ORD503132,2026-06-17,Wednesday,14:25,Antalya,Muratpaşa,CUST10107,New,Female,54.0,Ofis,Monitör Yükseltici,2,1199,10,Bank Transfer,EMP_05,Web,2158.2
ORD503133,2026-06-07,Sunday,17:15,Ankara,Yenimahalle,CUST11206,New,Female,47.0,Kozmetik,Yüz Temizleyici,4,429,0,Wallet,EMP_21,Mobile,1716.0
ORD503134,2026-06-05,Friday,09:25,Konya,Selçuklu,CUST11186,New,Male,39.0,Ofis,Defter,2,179,0,Bank Transfer,EMP_04,Web,358.0
ORD503135,2026-06-19,Friday,19:25,İstanbul,Şişli,CUST10489,Returning,Female,26.0,Elektronik,Kablosuz Mouse,1,499,0,PayPal,EMP_16,Mobile,499.0
ORD503136,2026-06-16,Tuesday,19:30,Gaziantep,Şehitkamil,CUST11349,Returning,Male,37.0,Ev,Blender,1,2199,15,Bank Transfer,EMP_16,Mobile,1869.15
ORD503137,2026-06-14,Sunday,19:00,İstanbul,Şişli,CUST11227,New,Female,63.0,Elektronik,Bluetooth Kulaklık,3,1299,0,Card,EMP_12,Web,3897.0
ORD503138,2026-06-13,Saturday,19:35,Bursa,Nilüfer,CUST10418,New,Male,42.0,Ev,Saklama Kabı,2,299,0,Card,EMP_11,Web,598.0
ORD503139,2026-06-22,Monday,13:15,Eskişehir,Odunpazarı,CUST10879,New,Male,48.0,Ev,Termos,1,549,10,PayPal,EMP_30,Web,494.1
ORD503140,2026-06-07,Sunday,17:45,Adana,Seyhan,CUST11194,New,Female,60.0,Ev,Masa Lambası,1,899,0,Card,EMP_11,Web,899.0
ORD503141,2026-06-09,Tuesday,20:00,Ankara,Yenimahalle,CUST11076,New,Male,26.0,Elektronik,Laptop Standı,3,999,5,Bank Transfer,EMP_05,Mobile,2847.15
ORD503142,2026-06-11,Thursday,17:15,Kocaeli,İzmit,CUST11550,New,Male,21.0,Elektronik,Akıllı Saat,2,3499,0,Bank Transfer,EMP_19,Mobile,6998.0
ORD503143,2026-06-12,Friday,18:45,İzmir,Bornova,CUST11426,New,Male,26.0,Spor,Yoga Matı,2,699,5,PayPal,EMP_17,Web,1328.1
ORD503144,2026-06-03,Wednesday,18:45,İstanbul,Şişli,CUST11936,Returning,Female,56.0,Ofis,Ajanda,1,319,10,Card,EMP_12,Mobile,287.1
ORD503145,2026-06-17,Wednesday,16:20,İstanbul,Bakırköy,CUST10767,New,Female,38.0,Kitap,Veri Analizi 101,2,549,10,PayPal,EMP_01,Mobile,988.2
ORD503146,2026-06-23,Tuesday,17:05,Adana,Seyhan,CUST11586,Returning,Female,62.0,Elektronik,Laptop Standı,1,999,0,Card,EMP_09,Web,999.0
ORD503147,2026-06-22,Monday,17:35,Adana,Seyhan,CUST11877,Returning,Male,55.0,Spor,Yoga Matı,1,699,10,Bank Transfer,EMP_28,Web,629.1
ORD503148,2026-06-26,Friday,15:20,Kocaeli,İzmit,CUST11870,Returning,Female,31.0,Elektronik,Bluetooth Kulaklık,3,1299,5,Wallet,EMP_15,Web,3702.15
ORD503149,2026-06-23,Tuesday,15:10,İstanbul,Şişli,CUST11024,Returning,Female,50.0,Elektronik,Kablosuz Mouse,1,499,0,Wallet,EMP_16,Mobile,499.0
ORD503150,2026-06-06,Saturday,09:35,Eskişehir,Odunpazarı,CUST10183,New,Male,52.0,Ofis,Defter,2,179,0,Wallet,EMP_06,Mobile,358.0
ORD503151,2026-06-04,Thursday,09:15,Adana,Seyhan,CUST11127,Returning,Male,33.0,Elektronik,Kablosuz Mouse,1,499,0,Card,EMP_26,Mobile,499.0
ORD503152,2026-06-01,Monday,21:25,Adana,Seyhan,CUST10461,New,Male,62.0,Kitap,Finans,2,459,0,PayPal,EMP_08,Mobile,918.0
ORD503153,2026-06-19,Friday,14:50,Ankara,Çankaya,CUST10304,Returning,Female,53.0,Elektronik,Akıllı Saat,1,3499,10,Card,EMP_07,Mobile,3149.1
ORD503154,2026-06-18,Thursday,19:20,Kocaeli,İzmit,CUST10096,New,Male,29.0,Elektronik,Kablosuz Mouse,1,499,0,Bank Transfer,EMP_05,Mobile,499.0
ORD503155,2026-06-11,Thursday,14:10,İstanbul,Kadıköy,CUST10934,New,Female,63.0,Ev,French Press,3,649,5,Card,EMP_09,Mobile,1849.65
ORD503156,2026-06-07,Sunday,16:35,İstanbul,Kadıköy,CUST11048,Returning,Female,51.0,Elektronik,Powerbank,1,899,10,Bank Transfer,EMP_04,Web,809.1
ORD503157,2026-06-25,Thursday,11:50,İzmir,Bornova,CUST10258,Returning,Female,47.0,Spor,Dambıl Seti,3,1899,5,PayPal,EMP_14,Web,5412.15
ORD503158,2026-06-04,Thursday,13:35,Ankara,Çankaya,CUST10735,New,Male,65.0,Kozmetik,Parfüm,2,1799,0,Card,EMP_29,Web,3598.0
ORD503159,2026-06-02,Tuesday,18:05,İzmir,Bornova,CUST10931,Returning,Male,50.0,Elektronik,Laptop Standı,1,999,10,PayPal,EMP_22,Mobile,899.1
ORD503160,2026-06-07,Sunday,20:00,Eskişehir,Odunpazarı,CUST11642,Returning,Male,36.0,Ofis,Monitör Yükseltici,1,1199,5,Card,EMP_07,Web,1139.05
ORD503161,2026-06-17,Wednesday,16:20,Ankara,Çankaya,CUST10833,New,Male,32.0,Spor,Dambıl Seti,1,1899,15,Card,EMP_17,Mobile,1614.15
ORD503162,2026-06-07,Sunday,17:45,Eskişehir,Odunpazarı,CUST11307,New,Male,33.0,Ofis,Masa Düzenleyici,2,399,0,Wallet,EMP_22,Mobile,798.0
ORD503163,2026-06-01,Monday,13:25,Bursa,Nilüfer,CUST10715,Returning,Male,29.0,Kozmetik,Şampuan,1,319,0,Bank Transfer,EMP_28,Mobile,319.0
ORD503164,2026-06-27,Saturday,20:05,Bursa,Nilüfer,CUST11087,New,Male,52.0,Ofis,Masa Düzenleyici,3,399,0,Card,EMP_03,Web,1197.0
ORD503165,2026-06-26,Friday,19:25,Ankara,Çankaya,CUST11353,New,Female,39.0,Kozmetik,Şampuan,1,319,15,Card,EMP_17,Mobile,271.15
ORD503166,2026-06-27,Saturday,20:40,Adana,Seyhan,CUST10759,New,Female,54.0,Kozmetik,Güneş Kremi,2,599,5,Card,EMP_13,Web,1138.1
ORD503167,2026-06-18,Thursday,15:45,İstanbul,Bakırköy,CUST10394,Returning,Male,33.0,Kozmetik,Yüz Temizleyici,1,429,0,PayPal,EMP_25,Mobile,429.0
ORD503168,2026-06-19,Friday,20:50,İzmir,Karşıyaka,CUST11039,New,Female,65.0,Ev,Termos,1,549,10,Wallet,EMP_20,Mobile,494.1
ORD503169,2026-06-26,Friday,15:15,Ankara,Yenimahalle,CUST11379,New,Male,23.0,Kitap,Finans,1,459,0,PayPal,EMP_18,Web,459.0
ORD503170,2026-06-12,Friday,12:30,Ankara,Çankaya,CUST10974,New,Male,28.0,Kozmetik,Yüz Temizleyici,1,429,10,PayPal,EMP_30,Mobile,386.1
ORD503171,2026-06-04,Thursday,13:40,Gaziantep,Şehitkamil,CUST10727,New,Female,31.0,Kozmetik,Güneş Kremi,2,599,0,Wallet,EMP_24,Mobile,1198.0
ORD503172,2026-06-19,Friday,19:40,İstanbul,Kadıköy,CUST10445,New,Male,20.0,Ev,French Press,2,649,0,Bank Transfer,EMP_27,Mobile,1298.0
ORD503173,2026-06-21,Sunday,15:50,İstanbul,Kadıköy,CUST10527,Returning,Male,51.0,Ofis,Defter,3,179,0,PayPal,EMP_11,Mobile,537.0
ORD503174,2026-06-09,Tuesday,18:20,İstanbul,Şişli,CUST10317,New,Female,34.0,Spor,Dambıl Seti,2,1899,10,Card,EMP_26,Web,3418.2
ORD503175,2026-06-05,Friday,13:25,İstanbul,Bakırköy,CUST11474,Returning,Female,62.0,Kozmetik,Serum,1,899,0,PayPal,EMP_25,Web,899.0
ORD503176,2026-06-20,Saturday,12:05,Bursa,Nilüfer,CUST10444,Returning,Male,59.0,Ev,Termos,4,549,0,Card,EMP_13,Mobile,2196.0
ORD503177,2026-06-20,Saturday,16:00,Kocaeli,İzmit,CUST10493,New,Female,32.0,Ofis,Kalem Seti,2,229,0,Wallet,EMP_05,Web,458.0
ORD503178,2026-06-30,Tuesday,18:35,İstanbul,Bakırköy,CUST11586,New,Male,35.0,Ofis,Defter,1,179,15,Wallet,EMP_22,Web,152.15
ORD503179,2026-06-02,Tuesday,21:30,Konya,Selçuklu,CUST11879,New,Male,31.0,Spor,Pilates Bandı,1,349,10,Bank Transfer,EMP_01,Web,314.1
ORD503180,2026-06-16,Tuesday,20:20,İstanbul,Kadıköy,CUST11772,Returning,Female,44.0,Ev,Termos,2,549,10,PayPal,EMP_04,Web,988.2
ORD503181,2026-06-12,Friday,15:40,İstanbul,Bakırköy,CUST11741,New,Male,54.0,Kozmetik,Güneş Kremi,1,599,5,Card,EMP_10,Web,569.05
ORD503182,2026-06-14,Sunday,13:15,İzmir,Karşıyaka,CUST10731,Returning,Female,63.0,Ofis,Masa Düzenleyici,2,399,0,Bank Transfer,EMP_13,Mobile,798.0
ORD503183,2026-06-11,Thursday,17:25,İstanbul,Kadıköy,CUST11216,Returning,Male,,Elektronik,Bluetooth Kulaklık,1,1299,0,PayPal,EMP_26,Mobile,1299.0
ORD503184,2026-06-17,Wednesday,09:25,Kocaeli,İzmit,CUST10963,New,Male,29.0,Kozmetik,Yüz Temizleyici,1,429,0,PayPal,EMP_26,Web,429.0
ORD503185,2026-06-27,Saturday,15:45,Ankara,Yenimahalle,CUST11168,New,Female,42.0,Elektronik,Powerbank,4,899,5,Wallet,EMP_11,Mobile,3416.2
ORD503186,2026-06-15,Monday,16:40,Adana,Seyhan,CUST10358,Returning,Male,19.0,Ev,Blender,1,2199,0,Bank Transfer,EMP_15,Mobile,2199.0
ORD503187,2026-06-12,Friday,17:55,Kocaeli,İzmit,CUST10619,Returning,Male,39.0,Elektronik,Akıllı Saat,2,3499,5,Bank Transfer,EMP_08,Mobile,6648.1
ORD503188,2026-06-06,Saturday,11:50,Adana,Seyhan,CUST10010,New,Female,35.0,Elektronik,Bluetooth Kulaklık,5,1299,0,Bank Transfer,EMP_24,Web,6495.0
ORD503189,2026-06-08,Monday,12:35,Konya,Selçuklu,CUST11424,Returning,Male,63.0,Elektronik,Kablosuz Mouse,5,499,10,Wallet,EMP_11,Mobile,2245.5
ORD503190,2026-06-13,Saturday,15:15,İstanbul,Şişli,CUST10814,Returning,Male,,Ev,French Press,2,649,5,Bank Transfer,EMP_30,Web,1233.1
ORD503191,2026-06-14,Sunday,19:05,Konya,Selçuklu,CUST11014,Returning,Female,28.0,Ofis,Kalem Seti,2,229,0,Bank Transfer,EMP_15,Mobile,458.0
ORD503192,2026-06-23,Tuesday,20:50,Ankara,Yenimahalle,CUST11964,New,Male,43.0,Kitap,Kişisel Gelişim,3,349,0,Card,EMP_14,Mobile,1047.0
ORD503193,2026-06-05,Friday,20:45,İstanbul,Bakırköy,CUST10814,Returning,Male,53.0,Kitap,Veri Analizi 101,2,549,15,Unknown,EMP_03,Web,933.3
ORD503194,2026-06-21,Sunday,20:20,İstanbul,Şişli,CUST10955,New,Male,42.0,Kitap,Bilim,4,429,0,Bank Transfer,EMP_24,Mobile,1716.0
ORD503195,2026-06-05,Friday,12:00,Gaziantep,Şehitkamil,CUST10602,Returning,Female,50.0,Spor,Koşu Çantası,2,499,5,Bank Transfer,EMP_29,Mobile,948.1
ORD503196,2026-06-13,Saturday,19:15,Konya,Selçuklu,CUST11710,Returning,Male,61.0,Ofis,Kalem Seti,2,229,10,Card,EMP_19,Web,412.2
ORD503197,2026-06-28,Sunday,20:55,Eskişehir,Odunpazarı,CUST11026,Returning,Female,34.0,Ofis,Masa Düzenleyici,5,399,0,PayPal,EMP_21,Mobile,1995.0
ORD503198,2026-06-19,Friday,17:05,İstanbul,Kadıköy,CUST11964,Returning,Male,65.0,Ofis,Masa Düzenleyici,3,399,0,PayPal,EMP_25,Mobile,1197.0
ORD503199,2026-06-02,Tuesday,14:05,Gaziantep,Şehitkamil,CUST10211,Returning,Female,53.0,Elektronik,Laptop Standı,1,999,0,PayPal,EMP_09,Web,999.0
ORD503200,2026-06-10,Wednesday,15:10,İzmir,Bornova,CUST10402,Returning,Male,45.0,Ofis,Masa Düzenleyici,1,399,0,Wallet,EMP_04,Mobile,399.0
ORD503201,2026-06-11,Thursday,19:20,Bursa,Nilüfer,CUST10574,Returning,Female,63.0,Spor,Dambıl Seti,1,1899,5,PayPal,EMP_12,Mobile,1804.05
ORD503202,2026-06-05,Friday,20:30,Ankara,Yenimahalle,CUST10749,Returning,Male,42.0,Ev,Saklama Kabı,5,299,0,PayPal,EMP_08,Mobile,1495.0
ORD503203,2026-06-30,Tuesday,20:35,İstanbul,Bakırköy,CUST11432,Returning,Female,31.0,Ev,Blender,1,2199,10,Wallet,EMP_29,Mobile,1979.1
ORD503204,2026-06-28,Sunday,19:30,Ankara,Çankaya,CUST10082,Returning,Female,51.0,Ofis,Masa Düzenleyici,2,399,20,Unknown,EMP_17,Mobile,638.4
ORD503205,2026-06-15,Monday,16:05,İstanbul,Kadıköy,CUST11942,Returning,Female,36.0,Elektronik,Laptop Standı,1,999,0,Wallet,EMP_13,Mobile,999.0
ORD503206,2026-06-21,Sunday,14:05,Antalya,Muratpaşa,CUST11383,New,Female,46.0,Ev,Saklama Kabı,2,299,0,Bank Transfer,EMP_19,Mobile,598.0
ORD503207,2026-06-30,Tuesday,09:35,Bursa,Nilüfer,CUST11251,Returning,Female,29.0,Spor,Pilates Bandı,1,349,0,Wallet,EMP_10,Web,349.0
ORD503208,2026-06-17,Wednesday,20:15,Eskişehir,Odunpazarı,CUST11750,Returning,Male,22.0,Kitap,Kişisel Gelişim,2,349,15,Bank Transfer,EMP_26,Mobile,593.3
ORD503209,2026-06-24,Wednesday,17:45,İzmir,Bornova,CUST11185,Returning,Male,41.0,Elektronik,Laptop Standı,2,999,5,Wallet,EMP_07,Mobile,1898.1
ORD503210,2026-06-24,Wednesday,20:50,İstanbul,Kadıköy,CUST11572,Returning,Male,26.0,Elektronik,Bluetooth Kulaklık,2,1299,5,Card,EMP_07,Web,2468.1
ORD503211,2026-06-04,Thursday,20:25,Konya,Selçuklu,CUST11940,New,Female,52.0,Spor,Yoga Matı,1,699,0,Card,EMP_25,Web,699.0
ORD503212,2026-06-15,Monday,15:35,Ankara,Çankaya,CUST10545,Returning,Female,18.0,Kitap,Finans,1,459,5,PayPal,EMP_12,Web,436.05
ORD503213,2026-06-29,Monday,17:05,Eskişehir,Odunpazarı,CUST11219,Returning,Female,28.0,Ev,Saklama Kabı,1,299,10,Card,EMP_22,Mobile,269.1
ORD503214,2026-06-03,Wednesday,11:10,Bursa,Nilüfer,CUST10074,Returning,Male,42.0,Kozmetik,Yüz Temizleyici,1,429,0,Card,EMP_13,Web,429.0
ORD503215,2026-06-23,Tuesday,12:35,İstanbul,Bakırköy,CUST10647,Returning,Male,40.0,Elektronik,Bluetooth Kulaklık,1,1299,5,PayPal,EMP_22,Web,1234.05
ORD503216,2026-06-16,Tuesday,19:10,İstanbul,Şişli,CUST11925,Returning,Male,18.0,Spor,Koşu Çantası,1,499,15,Unknown,EMP_19,Mobile,424.15
ORD503217,2026-06-04,Thursday,14:25,Antalya,Muratpaşa,CUST10463,Returning,Female,26.0,Kitap,Bilim,4,429,20,Wallet,EMP_21,Mobile,1372.8
ORD503218,2026-06-04,Thursday,12:50,Eskişehir,Odunpazarı,CUST10603,Returning,Male,59.0,Kitap,Veri Analizi 101,2,549,5,Card,EMP_20,Mobile,1043.1
ORD503219,2026-06-05,Friday,15:35,Adana,Seyhan,CUST11028,Returning,Female,22.0,Kozmetik,Güneş Kremi,1,599,10,Wallet,EMP_10,Mobile,539.1
ORD503220,2026-06-13,Saturday,17:35,Kocaeli,İzmit,CUST11649,New,Male,51.0,Elektronik,Powerbank,1,899,0,Wallet,EMP_14,Web,899.0
ORD503221,2026-06-02,Tuesday,19:40,Ankara,Çankaya,CUST11930,New,Female,59.0,Elektronik,Bluetooth Kulaklık,1,1299,5,Wallet,EMP_20,Web,1234.05
ORD503222,2026-06-10,Wednesday,15:15,Antalya,Muratpaşa,CUST10414,Returning,Male,55.0,Ofis,Masa Düzenleyici,2,399,0,PayPal,EMP_05,Mobile,798.0
ORD503223,2026-06-29,Monday,19:10,İzmir,Karşıyaka,CUST10064,New,Female,23.0,Ev,Saklama Kabı,2,299,5,Wallet,EMP_19,Mobile,568.1
ORD503224,2026-06-26,Friday,09:45,Gaziantep,Şehitkamil,CUST11080,New,Male,41.0,Ofis,Ajanda,1,319,10,PayPal,EMP_28,Web,287.1
ORD503225,2026-06-03,Wednesday,17:55,Bursa,Nilüfer,CUST10708,New,Female,56.0,Spor,Suluk,1,249,10,Wallet,EMP_23,Mobile,224.1
ORD503226,2026-06-17,Wednesday,09:00,İstanbul,Kadıköy,CUST10746,New,Female,49.0,Kitap,Finans,1,459,0,Bank Transfer,EMP_07,Web,459.0
ORD503227,2026-06-01,Monday,14:50,İstanbul,Kadıköy,CUST10448,New,Male,49.0,Ev,French Press,1,649,0,PayPal,EMP_22,Mobile,649.0
ORD503228,2026-06-02,Tuesday,14:45,Adana,Seyhan,CUST11825,Returning,Male,28.0,Elektronik,Akıllı Saat,1,3499,0,Card,EMP_02,Web,3499.0
ORD503229,2026-06-24,Wednesday,18:25,Adana,Seyhan,CUST10585,Returning,Female,46.0,Ev,Saklama Kabı,1,299,5,Wallet,EMP_18,Mobile,284.05
ORD503230,2026-06-03,Wednesday,13:25,Ankara,Yenimahalle,CUST10245,New,Male,22.0,Elektronik,Bluetooth Kulaklık,4,1299,0,Wallet,EMP_10,Mobile,5196.0
ORD503231,2026-06-09,Tuesday,16:00,Ankara,Yenimahalle,CUST11364,Returning,Female,40.0,Ev,Termos,4,549,15,Card,EMP_18,Mobile,1866.6
ORD503232,2026-06-13,Saturday,09:35,İstanbul,Kadıköy,CUST10121,Returning,Male,61.0,Elektronik,Bluetooth Kulaklık,2,1299,10,PayPal,EMP_10,Mobile,2338.2
ORD503233,2026-06-20,Saturday,09:25,İstanbul,Kadıköy,CUST11723,Returning,Male,37.0,Kozmetik,Parfüm,5,1799,5,PayPal,EMP_04,Web,8545.25
ORD503234,2026-06-19,Friday,14:40,İstanbul,Kadıköy,CUST11315,New,Female,19.0,Spor,Koşu Çantası,3,499,5,Wallet,EMP_21,Mobile,1422.15
ORD503235,2026-06-17,Wednesday,18:15,Antalya,Muratpaşa,CUST10820,Returning,Male,60.0,Spor,Suluk,1,249,10,Wallet,EMP_09,Mobile,224.1
ORD503236,2026-06-01,Monday,11:30,İstanbul,Şişli,CUST11125,New,Female,48.0,Spor,Pilates Bandı,2,349,20,PayPal,EMP_18,Mobile,558.4
ORD503237,2026-06-28,Sunday,19:20,İzmir,Bornova,CUST10364,Returning,Female,49.0,Elektronik,Powerbank,2,899,10,Bank Transfer,EMP_11,Mobile,1618.2
ORD503238,2026-06-29,Monday,16:10,Ankara,Çankaya,CUST11170,New,Male,52.0,Kozmetik,Şampuan,3,319,0,Card,EMP_28,Web,957.0
ORD503239,2026-06-27,Saturday,19:30,Ankara,Çankaya,CUST11636,New,Female,46.0,Spor,Koşu Çantası,1,499,15,Card,EMP_20,Web,424.15
ORD503240,2026-06-15,Monday,15:15,İstanbul,Şişli,CUST10320,Returning,Male,36.0,Kozmetik,Güneş Kremi,1,599,5,Wallet,EMP_27,Mobile,569.05
ORD503241,2026-06-24,Wednesday,18:45,İstanbul,Kadıköy,CUST10949,New,Female,63.0,Ofis,Monitör Yükseltici,1,1199,10,PayPal,EMP_22,Mobile,1079.1
ORD503242,2026-06-28,Sunday,17:30,Gaziantep,Şehitkamil,CUST11639,New,Male,47.0,Ev,French Press,2,649,10,Bank Transfer,EMP_19,Mobile,1168.2
ORD503243,2026-06-08,Monday,18:05,Bursa,Nilüfer,CUST11752,Returning,Female,18.0,Ev,Blender,3,2199,0,Bank Transfer,EMP_13,Web,6597.0
ORD503244,2026-06-30,Tuesday,16:00,İstanbul,Bakırköy,CUST11089,Returning,Female,63.0,Kozmetik,Şampuan,1,319,0,PayPal,EMP_25,Mobile,319.0
ORD503245,2026-06-14,Sunday,18:15,İstanbul,Bakırköy,CUST10058,Returning,Male,35.0,Spor,Suluk,1,249,15,PayPal,EMP_28,Web,211.65
ORD503246,2026-06-30,Tuesday,20:35,İzmir,Bornova,CUST11207,Returning,Male,53.0,Spor,Suluk,1,249,20,PayPal,EMP_30,Mobile,199.2
ORD503247,2026-06-15,Monday,19:40,Ankara,Çankaya,CUST11642,New,Female,35.0,Ofis,Monitör Yükseltici,1,1199,10,Bank Transfer,EMP_20,Mobile,1079.1
ORD503248,2026-06-08,Monday,13:35,Ankara,Çankaya,CUST11061,New,Female,26.0,Kozmetik,Parfüm,3,1799,20,Card,EMP_12,Mobile,4317.6
ORD503249,2026-06-11,Thursday,20:40,Bursa,Nilüfer,CUST11123,New,Female,27.0,Elektronik,Kablosuz Mouse,1,499,0,Bank Transfer,EMP_13,Mobile,499.0
ORD503250,2026-06-21,Sunday,11:55,İstanbul,Bakırköy,CUST11621,Returning,Female,43.0,Kozmetik,Parfüm,2,1799,0,Bank Transfer,EMP_30,Web,3598.0
ORD503251,2026-06-25,Thursday,11:20,Bursa,Nilüfer,CUST10810,Returning,Male,33.0,Ev,Masa Lambası,3,899,10,Wallet,EMP_12,Mobile,2427.3
ORD503252,2026-06-17,Wednesday,14:05,Eskişehir,Odunpazarı,CUST10578,Returning,Female,57.0,Ofis,Masa Düzenleyici,1,399,10,Unknown,EMP_24,Mobile,359.1
ORD503253,2026-06-22,Monday,19:40,Bursa,Nilüfer,CUST11022,New,Female,21.0,Kitap,Roman,3,299,0,Bank Transfer,EMP_27,Mobile,897.0
ORD503254,2026-06-18,Thursday,18:50,Adana,Seyhan,CUST10640,New,Female,63.0,Ev,Blender,3,2199,0,Bank Transfer,EMP_26,Mobile,6597.0
ORD503255,2026-06-06,Saturday,16:35,İzmir,Karşıyaka,CUST11492,Returning,Female,38.0,Spor,Dambıl Seti,1,1899,0,Bank Transfer,EMP_05,Mobile,1899.0
ORD503256,2026-06-16,Tuesday,19:35,Adana,Seyhan,CUST11960,New,Female,58.0,Ofis,Defter,2,179,0,Wallet,EMP_07,Mobile,358.0
ORD503257,2026-06-18,Thursday,17:05,Adana,Seyhan,CUST10144,New,Female,26.0,Kitap,Kişisel Gelişim,2,349,20,PayPal,EMP_09,Mobile,558.4
ORD503258,2026-06-08,Monday,19:50,Ankara,Yenimahalle,CUST10105,Returning,Female,42.0,Ofis,Defter,1,179,10,PayPal,EMP_17,Web,161.1
ORD503259,2026-06-25,Thursday,20:05,Ankara,Çankaya,CUST11702,New,Male,52.0,Ev,Saklama Kabı,1,299,10,Wallet,EMP_22,Web,269.1
ORD503260,2026-06-30,Tuesday,20:10,İstanbul,Kadıköy,CUST10338,New,Male,32.0,Ev,Masa Lambası,1,899,0,PayPal,EMP_17,Mobile,899.0
ORD503261,2026-06-05,Friday,09:15,İzmir,Karşıyaka,CUST10059,Returning,Female,54.0,Elektronik,Akıllı Saat,4,3499,0,Wallet,EMP_06,Mobile,13996.0
ORD503262,2026-06-09,Tuesday,20:20,Adana,Seyhan,CUST11361,Returning,Female,18.0,Kitap,Roman,5,299,5,PayPal,EMP_25,Mobile,1420.25
ORD503263,2026-06-11,Thursday,18:10,Adana,Seyhan,CUST11647,New,Female,18.0,Ev,Saklama Kabı,1,299,5,Bank Transfer,EMP_18,Web,284.05
ORD503264,2026-06-26,Friday,20:25,İstanbul,Şişli,CUST10375,New,Male,54.0,Kozmetik,Serum,3,899,0,Wallet,EMP_03,Mobile,2697.0
ORD503265,2026-06-26,Friday,11:15,Adana,Seyhan,CUST10329,New,Male,36.0,Kozmetik,Serum,1,899,0,PayPal,EMP_04,Mobile,899.0
ORD503266,2026-06-17,Wednesday,12:45,İstanbul,Kadıköy,CUST11418,New,Female,29.0,Kitap,Kişisel Gelişim,2,349,15,Card,EMP_07,Mobile,593.3
ORD503267,2026-06-16,Tuesday,21:10,Konya,Selçuklu,CUST10672,Returning,Female,49.0,Kitap,Finans,2,459,10,Card,EMP_15,Mobile,826.2
ORD503268,2026-06-07,Sunday,15:45,Antalya,Muratpaşa,CUST10228,New,Male,50.0,Spor,Koşu Çantası,2,499,0,Bank Transfer,EMP_08,Mobile,998.0
ORD503269,2026-06-04,Thursday,11:25,İzmir,Karşıyaka,CUST10217,New,Female,31.0,Elektronik,Powerbank,1,899,20,Wallet,EMP_01,Mobile,719.2
ORD503270,2026-06-18,Thursday,12:55,İzmir,Bornova,CUST11311,Returning,Male,35.0,Ev,Termos,1,549,0,Card,EMP_21,Web,549.0
ORD503271,2026-06-15,Monday,18:20,İzmir,Bornova,CUST11866,New,Male,47.0,Kozmetik,Yüz Temizleyici,1,429,0,Wallet,EMP_13,Web,429.0
ORD503272,2026-06-26,Friday,10:55,Antalya,Muratpaşa,CUST10228,New,Male,24.0,Elektronik,Powerbank,3,899,0,Wallet,EMP_07,Mobile,2697.0
ORD503273,2026-06-28,Sunday,19:30,İstanbul,Bakırköy,CUST10996,Returning,Male,20.0,Spor,Pilates Bandı,1,349,10,Wallet,EMP_07,Mobile,314.1
ORD503274,2026-06-06,Saturday,15:00,Ankara,Yenimahalle,CUST11814,Returning,Male,44.0,Ev,Termos,2,549,5,Wallet,EMP_15,Web,1043.1
ORD503275,2026-06-16,Tuesday,19:00,Bursa,Nilüfer,CUST10446,New,Female,35.0,Spor,Pilates Bandı,1,349,5,Wallet,EMP_21,Web,331.55
ORD503276,2026-06-28,Sunday,15:00,Bursa,Nilüfer,CUST11017,New,Male,25.0,Ofis,Monitör Yükseltici,1,1199,0,Bank Transfer,EMP_19,Mobile,1199.0
ORD503277,2026-06-20,Saturday,20:05,İstanbul,Kadıköy,CUST10303,Returning,Male,29.0,Elektronik,Akıllı Saat,3,3499,5,PayPal,EMP_28,Mobile,9972.15
ORD503278,2026-06-12,Friday,17:20,Kocaeli,İzmit,CUST11831,Returning,Female,59.0,Elektronik,Bluetooth Kulaklık,2,1299,0,Wallet,EMP_20,Mobile,2598.0
ORD503279,2026-06-28,Sunday,13:05,Konya,Selçuklu,CUST10722,New,Male,42.0,Kozmetik,Serum,2,899,15,PayPal,EMP_13,Mobile,1528.3
ORD503280,2026-06-14,Sunday,21:05,İstanbul,Kadıköy,CUST10328,New,Male,59.0,Elektronik,Powerbank,1,899,5,Card,EMP_04,Mobile,854.05
ORD503281,2026-06-22,Monday,21:35,İzmir,Karşıyaka,CUST10227,Returning,Female,50.0,Ev,Blender,1,2199,0,PayPal,EMP_07,Mobile,2199.0
ORD503282,2026-06-03,Wednesday,19:05,İstanbul,Kadıköy,CUST11663,Returning,Male,19.0,Kitap,Roman,5,299,0,Card,EMP_14,Mobile,1495.0
ORD503283,2026-06-14,Sunday,18:25,Kocaeli,İzmit,CUST11501,New,Female,29.0,Spor,Koşu Çantası,2,499,0,Wallet,EMP_09,Web,998.0
ORD503284,2026-06-03,Wednesday,19:45,Bursa,Nilüfer,CUST10992,New,Male,61.0,Ofis,Masa Düzenleyici,1,399,10,Card,EMP_13,Web,359.1
ORD503285,2026-06-03,Wednesday,12:25,Adana,Seyhan,CUST10633,Returning,Male,41.0,Spor,Suluk,3,249,0,PayPal,EMP_07,Web,747.0
ORD503286,2026-06-18,Thursday,12:45,İstanbul,Kadıköy,CUST11945,New,Male,62.0,Spor,Pilates Bandı,1,349,5,PayPal,EMP_23,Web,331.55
ORD503287,2026-06-28,Sunday,19:00,Gaziantep,Şehitkamil,CUST10303,Returning,Female,,Ofis,Defter,1,179,0,Bank Transfer,EMP_13,Web,179.0
ORD503288,2026-06-01,Monday,18:00,Antalya,Muratpaşa,CUST10533,Returning,Female,64.0,Elektronik,Laptop Standı,2,999,5,Wallet,EMP_20,Web,1898.1
ORD503289,2026-06-28,Sunday,15:00,Antalya,Muratpaşa,CUST10806,New,Female,48.0,Elektronik,Powerbank,1,899,5,Wallet,EMP_13,Web,854.05
ORD503290,2026-06-20,Saturday,18:20,İstanbul,Kadıköy,CUST10466,Returning,Male,52.0,Kozmetik,Parfüm,3,1799,10,PayPal,EMP_07,Mobile,4857.3
ORD503291,2026-06-27,Saturday,17:45,Antalya,Muratpaşa,CUST11364,Returning,Male,35.0,Elektronik,Powerbank,2,899,5,Wallet,EMP_16,Web,1708.1
ORD503292,2026-06-27,Saturday,18:20,Gaziantep,Şehitkamil,CUST10632,Returning,Female,46.0,Kitap,Roman,2,299,0,Bank Transfer,EMP_06,Web,598.0
ORD503293,2026-06-28,Sunday,20:45,Konya,Selçuklu,CUST11218,New,Female,25.0,Ev,Termos,2,549,0,Wallet,EMP_28,Web,1098.0
ORD503294,2026-06-19,Friday,15:35,Ankara,Çankaya,CUST11022,Returning,Female,50.0,Kozmetik,Parfüm,2,1799,10,Bank Transfer,EMP_14,Mobile,3238.2
ORD503295,2026-06-09,Tuesday,21:50,Bursa,Nilüfer,CUST10214,New,Female,43.0,Kozmetik,Serum,1,899,5,PayPal,EMP_23,Mobile,854.05
ORD503296,2026-06-14,Sunday,21:10,Konya,Selçuklu,CUST10624,New,Male,43.0,Elektronik,Laptop Standı,1,999,15,Unknown,EMP_03,Web,849.15
ORD503297,2026-06-05,Friday,17:45,Antalya,Muratpaşa,CUST10057,New,Male,28.0,Elektronik,Bluetooth Kulaklık,2,1299,0,PayPal,EMP_06,Web,2598.0
ORD503298,2026-06-27,Saturday,19:05,İstanbul,Şişli,CUST11443,New,Female,36.0,Spor,Suluk,2,249,15,Wallet,EMP_01,Web,423.3
ORD503299,2026-06-30,Tuesday,19:20,İstanbul,Şişli,CUST11044,Returning,Male,46.0,Elektronik,Powerbank,1,899,0,PayPal,EMP_03,Web,899.0
ORD503300,2026-06-19,Friday,14:35,Konya,Selçuklu,CUST10002,Returning,Male,57.0,Ev,Masa Lambası,1,899,0,Wallet,EMP_27,Web,899.0
ORD503301,2026-06-10,Wednesday,19:50,İstanbul,Bakırköy,CUST10954,Returning,Male,26.0,Ev,Blender,3,2199,0,PayPal,EMP_07,Mobile,6597.0
ORD503302,2026-06-07,Sunday,21:45,Bursa,Nilüfer,CUST10986,New,Female,64.0,Ev,Termos,2,549,0,Bank Transfer,EMP_17,Mobile,1098.0
ORD503303,2026-06-22,Monday,17:40,Adana,Seyhan,CUST10961,Returning,Male,64.0,Elektronik,Powerbank,1,899,0,Wallet,EMP_01,Mobile,899.0
ORD503304,2026-06-15,Monday,16:30,Ankara,Yenimahalle,CUST11914,Returning,Male,52.0,Ofis,Monitör Yükseltici,1,1199,0,PayPal,EMP_13,Mobile,1199.0
ORD503305,2026-06-30,Tuesday,18:40,İzmir,Karşıyaka,CUST10252,Returning,Male,31.0,Elektronik,Powerbank,1,899,10,Card,EMP_15,Mobile,809.1
ORD503306,2026-06-30,Tuesday,16:55,İzmir,Karşıyaka,CUST10345,Returning,Female,61.0,Ev,Saklama Kabı,2,299,10,Bank Transfer,EMP_17,Mobile,538.2
ORD503307,2026-06-19,Friday,20:40,Eskişehir,Odunpazarı,CUST10788,Returning,Female,32.0,Kitap,Bilim,3,429,0,PayPal,EMP_04,Mobile,1287.0
ORD503308,2026-06-23,Tuesday,18:00,Gaziantep,Şehitkamil,CUST11374,Returning,Female,56.0,Elektronik,Bluetooth Kulaklık,1,1299,20,Bank Transfer,EMP_25,Web,1039.2
ORD503309,2026-06-26,Friday,20:20,Ankara,Çankaya,CUST10788,New,Female,36.0,Kitap,Finans,1,459,0,Wallet,EMP_23,Web,459.0
ORD503310,2026-06-10,Wednesday,12:15,Ankara,Yenimahalle,CUST10818,Returning,Female,58.0,Kozmetik,Şampuan,1,319,0,Card,EMP_01,Mobile,319.0
ORD503311,2026-06-03,Wednesday,15:00,Bursa,Nilüfer,CUST10856,New,Male,37.0,Elektronik,Laptop Standı,2,999,0,Bank Transfer,EMP_28,Mobile,1998.0
ORD503312,2026-06-14,Sunday,19:50,İstanbul,Bakırköy,CUST10993,Returning,Male,26.0,Spor,Koşu Çantası,5,499,10,Wallet,EMP_16,Web,2245.5
ORD503313,2026-06-07,Sunday,13:55,İstanbul,Bakırköy,CUST10409,Returning,Male,37.0,Ofis,Ajanda,1,319,0,Wallet,EMP_18,Mobile,319.0
ORD503314,2026-06-17,Wednesday,10:15,Gaziantep,Şehitkamil,CUST11449,New,Male,41.0,Ofis,Kalem Seti,1,229,15,Card,EMP_28,Web,194.65
ORD503315,2026-06-22,Monday,20:25,Ankara,Yenimahalle,CUST10062,New,Male,25.0,Kozmetik,Güneş Kremi,2,599,5,Wallet,EMP_21,Web,1138.1
ORD503316,2026-06-18,Thursday,18:05,İstanbul,Kadıköy,CUST11539,Returning,Male,40.0,Kitap,Roman,1,299,10,Wallet,EMP_17,Mobile,269.1
ORD503317,2026-06-15,Monday,17:55,Konya,Selçuklu,CUST11238,New,Female,29.0,Kitap,Kişisel Gelişim,3,349,0,Card,EMP_04,Mobile,1047.0
ORD503318,2026-06-19,Friday,18:30,İstanbul,Kadıköy,CUST11994,New,Female,47.0,Elektronik,Bluetooth Kulaklık,3,1299,5,Wallet,EMP_26,Mobile,3702.15
ORD503319,2026-06-20,Saturday,18:20,İstanbul,Bakırköy,CUST11022,Returning,Male,25.0,Elektronik,Bluetooth Kulaklık,3,1299,15,Card,EMP_17,Web,3312.45
ORD503320,2026-06-22,Monday,20:00,Bursa,Nilüfer,CUST11364,New,Male,,Kozmetik,Yüz Temizleyici,1,429,10,Bank Transfer,EMP_28,Mobile,386.1
ORD503321,2026-06-02,Tuesday,18:05,İstanbul,Kadıköy,CUST10995,Returning,Male,30.0,Elektronik,Kablosuz Mouse,1,499,5,PayPal,EMP_19,Mobile,474.05
ORD503322,2026-06-08,Monday,18:05,İstanbul,Şişli,CUST10119,New,Female,,Elektronik,Powerbank,2,899,0,PayPal,EMP_22,Mobile,1798.0
ORD503323,2026-06-29,Monday,09:15,Bursa,Nilüfer,CUST11436,Returning,Male,52.0,Elektronik,Laptop Standı,1,999,0,Card,EMP_26,Mobile,999.0
ORD503324,2026-06-13,Saturday,19:30,Gaziantep,Şehitkamil,CUST11344,Returning,Female,45.0,Ev,Blender,5,2199,20,Card,EMP_20,Web,8796.0
ORD503325,2026-06-19,Friday,21:05,İstanbul,Şişli,CUST10987,Returning,Female,27.0,Elektronik,Akıllı Saat,1,3499,10,Bank Transfer,EMP_20,Web,3149.1
ORD503326,2026-06-07,Sunday,16:10,İzmir,Karşıyaka,CUST11200,Returning,Male,53.0,Ofis,Ajanda,2,319,0,Card,EMP_10,Web,638.0
ORD503327,2026-06-26,Friday,20:15,Antalya,Muratpaşa,CUST10339,Returning,Male,59.0,Elektronik,Akıllı Saat,3,3499,5,Card,EMP_04,Web,9972.15
ORD503328,2026-06-11,Thursday,21:35,Ankara,Çankaya,CUST11699,New,Female,24.0,Elektronik,Bluetooth Kulaklık,3,1299,10,Wallet,EMP_08,Web,3507.3
ORD503329,2026-06-27,Saturday,18:40,Bursa,Nilüfer,CUST11905,New,Female,28.0,Spor,Dambıl Seti,3,1899,15,Wallet,EMP_23,Mobile,4842.45
ORD503330,2026-06-16,Tuesday,20:55,Bursa,Nilüfer,CUST11619,New,Male,24.0,Ev,Masa Lambası,3,899,0,Bank Transfer,EMP_16,Web,2697.0
ORD503331,2026-06-24,Wednesday,17:10,Konya,Selçuklu,CUST11681,New,Female,26.0,Ofis,Masa Düzenleyici,1,399,20,Bank Transfer,EMP_02,Web,319.2
ORD503332,2026-06-01,Monday,17:30,İzmir,Karşıyaka,CUST11187,Returning,Male,62.0,Ofis,Masa Düzenleyici,3,399,5,Card,EMP_12,Web,1137.15
ORD503333,2026-06-03,Wednesday,18:25,İstanbul,Bakırköy,CUST10825,New,Male,58.0,Ev,Blender,1,2199,0,Wallet,EMP_30,Mobile,2199.0
ORD503334,2026-06-17,Wednesday,17:30,İzmir,Bornova,CUST10596,New,Female,38.0,Elektronik,Powerbank,1,899,0,Card,EMP_19,Web,899.0
ORD503335,2026-06-09,Tuesday,18:05,Kocaeli,İzmit,CUST10329,New,Female,29.0,Elektronik,Akıllı Saat,1,3499,0,Card,EMP_18,Mobile,3499.0
ORD503336,2026-06-08,Monday,20:00,İstanbul,Şişli,CUST11747,Returning,Female,32.0,Kitap,Kişisel Gelişim,2,349,5,Wallet,EMP_25,Mobile,663.1
ORD503337,2026-06-02,Tuesday,20:20,Eskişehir,Odunpazarı,CUST10687,New,Male,41.0,Kitap,Kişisel Gelişim,2,349,0,Wallet,EMP_09,Mobile,698.0
ORD503338,2026-06-28,Sunday,13:50,İstanbul,Şişli,CUST11600,New,Female,34.0,Kitap,Bilim,3,429,10,PayPal,EMP_15,Web,1158.3
ORD503339,2026-06-11,Thursday,10:10,Bursa,Nilüfer,CUST11925,New,Male,35.0,Ev,French Press,1,649,0,Card,EMP_20,Web,649.0
ORD503340,2026-06-03,Wednesday,17:40,Konya,Selçuklu,CUST10651,Returning,Male,59.0,Elektronik,Akıllı Saat,1,3499,10,Card,EMP_02,Web,3149.1
ORD503341,2026-06-02,Tuesday,18:30,Konya,Selçuklu,CUST11643,New,Female,21.0,Elektronik,Kablosuz Mouse,2,499,15,Card,EMP_14,Web,848.3
ORD503342,2026-06-24,Wednesday,20:00,Eskişehir,Odunpazarı,CUST11244,Returning,Male,55.0,Spor,Yoga Matı,3,699,0,Wallet,EMP_22,Mobile,2097.0
ORD503343,2026-06-23,Tuesday,11:40,Bursa,Nilüfer,CUST10676,New,Male,,Spor,Pilates Bandı,2,349,10,PayPal,EMP_19,Mobile,628.2
ORD503344,2026-06-02,Tuesday,15:05,İzmir,Bornova,CUST11467,Returning,Male,51.0,Kozmetik,Şampuan,5,319,5,PayPal,EMP_19,Web,1515.25
ORD503345,2026-06-28,Sunday,19:35,Eskişehir,Odunpazarı,CUST11701,Returning,Male,19.0,Ofis,Ajanda,1,319,10,PayPal,EMP_07,Mobile,287.1
ORD503346,2026-06-20,Saturday,15:15,Ankara,Çankaya,CUST11066,Returning,Female,42.0,Kozmetik,Güneş Kremi,2,599,0,Card,EMP_15,Web,1198.0
ORD503347,2026-06-27,Saturday,19:10,İstanbul,Kadıköy,CUST10122,New,Female,21.0,Spor,Suluk,2,249,10,Bank Transfer,EMP_03,Web,448.2
ORD503348,2026-06-11,Thursday,17:15,İstanbul,Kadıköy,CUST10124,Returning,Male,60.0,Ev,Masa Lambası,1,899,0,Wallet,EMP_08,Mobile,899.0
ORD503349,2026-06-08,Monday,21:35,Konya,Selçuklu,CUST10941,New,Female,53.0,Elektronik,Kablosuz Mouse,1,499,15,PayPal,EMP_05,Mobile,424.15
ORD503350,2026-06-10,Wednesday,16:55,İzmir,Karşıyaka,CUST10847,Returning,Female,53.0,Kozmetik,Güneş Kremi,4,599,10,Card,EMP_14,Mobile,2156.4
ORD503351,2026-06-28,Sunday,12:00,Konya,Selçuklu,CUST10070,Returning,Female,29.0,Kozmetik,Şampuan,2,319,5,Wallet,EMP_25,Web,606.1
ORD503352,2026-06-08,Monday,16:00,İstanbul,Kadıköy,CUST11442,Returning,Male,60.0,Elektronik,Powerbank,4,899,0,Wallet,EMP_23,Web,3596.0
ORD503353,2026-06-09,Tuesday,14:30,Konya,Selçuklu,CUST11492,New,Female,53.0,Ev,Masa Lambası,2,899,10,Card,EMP_11,Web,1618.2
ORD503354,2026-06-16,Tuesday,15:20,İstanbul,Bakırköy,CUST11869,Returning,Male,50.0,Spor,Dambıl Seti,1,1899,0,Card,EMP_06,Web,1899.0
ORD503355,2026-06-17,Wednesday,19:50,İzmir,Karşıyaka,CUST10050,Returning,Male,62.0,Kitap,Bilim,1,429,20,Wallet,EMP_26,Mobile,343.2
ORD503356,2026-06-10,Wednesday,17:35,Eskişehir,Odunpazarı,CUST11236,New,Male,28.0,Ev,Saklama Kabı,1,299,0,PayPal,EMP_29,Mobile,299.0
ORD503357,2026-06-02,Tuesday,20:40,Kocaeli,İzmit,CUST11063,Returning,Female,58.0,Elektronik,Kablosuz Mouse,5,499,5,Bank Transfer,EMP_01,Web,2370.25
ORD503358,2026-06-02,Tuesday,20:00,Eskişehir,Odunpazarı,CUST10042,New,Male,33.0,Ev,French Press,1,649,0,Card,EMP_07,Mobile,649.0
ORD503359,2026-06-11,Thursday,21:30,Gaziantep,Şehitkamil,CUST11915,Returning,Female,64.0,Spor,Koşu Çantası,2,499,0,PayPal,EMP_26,Web,998.0
ORD503360,2026-06-19,Friday,10:20,Adana,Seyhan,CUST11122,Returning,Female,45.0,Spor,Yoga Matı,2,699,5,Wallet,EMP_04,Web,1328.1
ORD503361,2026-06-23,Tuesday,14:50,Antalya,Muratpaşa,CUST11754,New,Female,48.0,Elektronik,Laptop Standı,2,999,0,Wallet,EMP_21,Web,1998.0
ORD503362,2026-06-28,Sunday,13:45,Konya,Selçuklu,CUST10438,New,Male,62.0,Spor,Suluk,2,249,5,PayPal,EMP_25,Mobile,473.1
ORD503363,2026-06-10,Wednesday,13:30,Eskişehir,Odunpazarı,CUST11393,Returning,Female,42.0,Spor,Pilates Bandı,2,349,20,Card,EMP_02,Web,558.4
ORD503364,2026-06-01,Monday,16:40,Kocaeli,İzmit,CUST10227,New,Male,59.0,Ev,Saklama Kabı,1,299,10,Bank Transfer,EMP_17,Mobile,269.1
ORD503365,2026-06-20,Saturday,11:10,İstanbul,Kadıköy,CUST10285,Returning,Male,50.0,Spor,Dambıl Seti,2,1899,15,Bank Transfer,EMP_02,Mobile,3228.3
ORD503366,2026-06-29,Monday,16:35,Antalya,Muratpaşa,CUST10081,New,Male,31.0,Spor,Yoga Matı,1,699,0,PayPal,EMP_18,Mobile,699.0
ORD503367,2026-06-09,Tuesday,20:55,Antalya,Muratpaşa,CUST10106,Returning,Female,27.0,Ev,Saklama Kabı,3,299,0,Card,EMP_16,Mobile,897.0
ORD503368,2026-06-01,Monday,17:05,İstanbul,Şişli,CUST10952,New,Male,20.0,Spor,Koşu Çantası,1,499,15,Wallet,EMP_25,Mobile,424.15
ORD503369,2026-06-01,Monday,15:25,Konya,Selçuklu,CUST11517,Returning,Female,49.0,Spor,Dambıl Seti,1,1899,15,Bank Transfer,EMP_06,Web,1614.15
ORD503370,2026-06-15,Monday,17:25,Bursa,Nilüfer,CUST11450,Returning,Female,55.0,Elektronik,Akıllı Saat,4,3499,10,Bank Transfer,EMP_07,Mobile,12596.4
ORD503371,2026-06-22,Monday,14:40,Bursa,Nilüfer,CUST11479,New,Male,38.0,Elektronik,Kablosuz Mouse,1,499,5,Card,EMP_10,Web,474.05
ORD503372,2026-06-14,Sunday,16:40,İstanbul,Kadıköy,CUST11066,Returning,Male,40.0,Elektronik,Akıllı Saat,3,3499,0,Bank Transfer,EMP_21,Mobile,10497.0
ORD503373,2026-06-09,Tuesday,14:20,İstanbul,Bakırköy,CUST11347,New,Female,29.0,Spor,Koşu Çantası,1,499,10,Card,EMP_06,Mobile,449.1
ORD503374,2026-06-02,Tuesday,19:45,Bursa,Nilüfer,CUST11352,Returning,Female,26.0,Kozmetik,Serum,1,899,15,Bank Transfer,EMP_26,Mobile,764.15
ORD503375,2026-06-21,Sunday,17:10,İstanbul,Bakırköy,CUST11007,New,Female,21.0,Elektronik,Powerbank,3,899,15,PayPal,EMP_19,Mobile,2292.45
ORD503376,2026-06-25,Thursday,18:10,İstanbul,Kadıköy,CUST10925,Returning,Female,50.0,Spor,Suluk,2,249,10,PayPal,EMP_19,Mobile,448.2
ORD503377,2026-06-23,Tuesday,16:05,Ankara,Çankaya,CUST10376,Returning,Female,29.0,Kozmetik,Güneş Kremi,3,599,5,Bank Transfer,EMP_01,Web,1707.15
ORD503378,2026-06-04,Thursday,19:45,İstanbul,Kadıköy,CUST10125,New,Female,61.0,Kozmetik,Parfüm,2,1799,10,PayPal,EMP_06,Mobile,3238.2
ORD503379,2026-06-06,Saturday,20:30,İstanbul,Bakırköy,CUST10938,New,Female,41.0,Elektronik,Kablosuz Mouse,2,499,10,Bank Transfer,EMP_18,Mobile,898.2
ORD503380,2026-06-10,Wednesday,11:50,Antalya,Muratpaşa,CUST10731,New,Male,63.0,Elektronik,Kablosuz Mouse,2,499,10,Card,EMP_21,Mobile,898.2
ORD503381,2026-06-27,Saturday,18:10,İstanbul,Şişli,CUST10902,Returning,Male,64.0,Kitap,Finans,1,459,10,Card,EMP_05,Web,413.1
ORD503382,2026-06-27,Saturday,18:05,Bursa,Nilüfer,CUST11083,New,Female,26.0,Kitap,Finans,2,459,5,PayPal,EMP_21,Web,872.1
ORD503383,2026-06-20,Saturday,20:00,İzmir,Bornova,CUST11404,Returning,Male,40.0,Kozmetik,Güneş Kremi,2,599,0,Bank Transfer,EMP_09,Mobile,1198.0
ORD503384,2026-06-08,Monday,16:20,Antalya,Muratpaşa,CUST10185,New,Female,53.0,Spor,Dambıl Seti,5,1899,10,Card,EMP_16,Mobile,8545.5
ORD503385,2026-06-13,Saturday,18:00,Bursa,Nilüfer,CUST10199,New,Male,33.0,Kitap,Veri Analizi 101,2,549,5,PayPal,EMP_09,Mobile,1043.1
ORD503386,2026-06-29,Monday,16:35,İstanbul,Kadıköy,CUST10603,Returning,Female,,Ofis,Monitör Yükseltici,1,1199,0,Card,EMP_16,Web,1199.0
ORD503387,2026-06-12,Friday,19:35,Ankara,Yenimahalle,CUST10047,Returning,Female,63.0,Spor,Suluk,1,249,10,PayPal,EMP_23,Web,224.1
ORD503388,2026-06-05,Friday,17:10,İstanbul,Kadıköy,CUST10049,Returning,Female,59.0,Elektronik,Laptop Standı,2,999,0,Bank Transfer,EMP_28,Web,1998.0
ORD503389,2026-06-13,Saturday,12:10,İstanbul,Kadıköy,CUST11292,Returning,Male,42.0,Elektronik,Kablosuz Mouse,2,499,0,PayPal,EMP_07,Mobile,998.0
ORD503390,2026-06-20,Saturday,20:35,İstanbul,Şişli,CUST11744,New,Male,56.0,Spor,Pilates Bandı,1,349,0,PayPal,EMP_02,Web,349.0
ORD503391,2026-06-19,Friday,19:00,Bursa,Nilüfer,CUST11943,New,Male,41.0,Ev,Saklama Kabı,1,299,0,Bank Transfer,EMP_14,Mobile,299.0
ORD503392,2026-06-02,Tuesday,18:25,Kocaeli,İzmit,CUST10823,New,Female,64.0,Elektronik,Bluetooth Kulaklık,1,1299,5,Wallet,EMP_20,Web,1234.05
ORD503393,2026-06-17,Wednesday,11:20,Antalya,Muratpaşa,CUST11386,New,Male,27.0,Ev,Blender,1,2199,0,Card,EMP_18,Web,2199.0
ORD503394,2026-06-15,Monday,17:55,İstanbul,Kadıköy,CUST10626,New,Male,50.0,Spor,Pilates Bandı,1,349,5,Card,EMP_01,Web,331.55
ORD503395,2026-06-30,Tuesday,14:20,Ankara,Yenimahalle,CUST10490,New,Male,43.0,Spor,Pilates Bandı,2,349,5,PayPal,EMP_03,Mobile,663.1
ORD503396,2026-06-17,Wednesday,18:00,İzmir,Karşıyaka,CUST11439,New,Female,53.0,Kitap,Bilim,1,429,0,Bank Transfer,EMP_05,Mobile,429.0
ORD503397,2026-06-10,Wednesday,20:30,Antalya,Muratpaşa,CUST11059,New,Male,46.0,Elektronik,Powerbank,3,899,0,Wallet,EMP_14,Web,2697.0
ORD503398,2026-06-15,Monday,15:05,Bursa,Nilüfer,CUST11297,New,Male,55.0,Spor,Koşu Çantası,2,499,0,PayPal,EMP_15,Mobile,998.0
ORD503399,2026-06-06,Saturday,09:30,İzmir,Karşıyaka,CUST10787,New,Female,35.0,Kozmetik,Serum,3,899,0,PayPal,EMP_23,Web,2697.0
ORD503400,2026-06-15,Monday,17:55,İstanbul,Kadıköy,CUST10147,New,Male,63.0,Ofis,Ajanda,2,319,0,Card,EMP_22,Web,638.0
ORD503401,2026-06-13,Saturday,17:20,Ankara,Çankaya,CUST10947,Returning,Male,55.0,Spor,Suluk,4,249,5,Card,EMP_10,Mobile,946.2
ORD503402,2026-06-07,Sunday,18:20,Ankara,Yenimahalle,CUST10471,New,Male,30.0,Ev,Termos,2,549,0,Bank Transfer,EMP_18,Mobile,1098.0
ORD503403,2026-06-12,Friday,18:40,Eskişehir,Odunpazarı,CUST11157,Returning,Female,42.0,Kozmetik,Parfüm,1,1799,0,PayPal,EMP_19,Web,1799.0
ORD503404,2026-06-21,Sunday,21:15,İstanbul,Şişli,CUST10022,New,Female,45.0,Spor,Dambıl Seti,2,1899,0,Wallet,EMP_25,Web,3798.0
ORD503405,2026-06-17,Wednesday,18:55,Kocaeli,İzmit,CUST11637,New,Male,23.0,Spor,Pilates Bandı,2,349,0,PayPal,EMP_30,Web,698.0
ORD503406,2026-06-06,Saturday,16:45,Antalya,Muratpaşa,CUST10997,New,Female,41.0,Ev,Termos,2,549,0,Bank Transfer,EMP_30,Web,1098.0
ORD503407,2026-06-05,Friday,21:30,Gaziantep,Şehitkamil,CUST11787,Returning,Female,46.0,Spor,Koşu Çantası,1,499,0,PayPal,EMP_05,Mobile,499.0
ORD503408,2026-06-10,Wednesday,21:45,İstanbul,Bakırköy,CUST10203,New,Female,21.0,Spor,Dambıl Seti,2,1899,0,PayPal,EMP_30,Web,3798.0
ORD503409,2026-06-06,Saturday,17:30,İstanbul,Şişli,CUST11266,New,Male,36.0,Ev,Masa Lambası,2,899,5,PayPal,EMP_16,Mobile,1708.1
ORD503410,2026-06-20,Saturday,15:30,Ankara,Çankaya,CUST10516,Returning,Male,26.0,Kozmetik,Yüz Temizleyici,1,429,5,Card,EMP_01,Web,407.55
ORD503411,2026-06-24,Wednesday,14:40,İzmir,Karşıyaka,CUST11930,New,Male,20.0,Kozmetik,Şampuan,2,319,0,Bank Transfer,EMP_30,Mobile,638.0
ORD503412,2026-06-24,Wednesday,17:50,Konya,Selçuklu,CUST11322,New,Female,18.0,Ev,Termos,1,549,5,Bank Transfer,EMP_23,Web,521.55
ORD503413,2026-06-03,Wednesday,17:20,Kocaeli,İzmit,CUST10111,Returning,Female,25.0,Elektronik,Laptop Standı,1,999,0,Wallet,EMP_22,Web,999.0
ORD503414,2026-06-25,Thursday,15:10,İstanbul,Şişli,CUST11581,Returning,Female,64.0,Ev,Termos,4,549,0,Card,EMP_22,Mobile,2196.0
ORD503415,2026-06-22,Monday,13:35,Eskişehir,Odunpazarı,CUST11836,New,Male,27.0,Spor,Pilates Bandı,1,349,10,PayPal,EMP_03,Mobile,314.1
ORD503416,2026-06-08,Monday,10:45,Bursa,Nilüfer,CUST11282,Returning,Male,41.0,Elektronik,Bluetooth Kulaklık,2,1299,0,PayPal,EMP_28,Mobile,2598.0
ORD503417,2026-06-14,Sunday,16:50,İstanbul,Bakırköy,CUST11685,New,Male,50.0,Kitap,Kişisel Gelişim,4,349,10,PayPal,EMP_09,Mobile,1256.4
ORD503418,2026-06-13,Saturday,18:40,İzmir,Karşıyaka,CUST10924,Returning,Male,34.0,Spor,Yoga Matı,1,699,20,Card,EMP_21,Mobile,559.2
ORD503419,2026-06-22,Monday,19:20,İzmir,Karşıyaka,CUST10699,New,Male,62.0,Kozmetik,Serum,4,899,10,Wallet,EMP_04,Web,3236.4
ORD503420,2026-06-24,Wednesday,20:15,Adana,Seyhan,CUST11529,Returning,Female,62.0,Spor,Yoga Matı,2,699,10,Card,EMP_28,Web,1258.2
ORD503421,2026-06-17,Wednesday,12:20,İstanbul,Kadıköy,CUST10759,Returning,Female,62.0,Kitap,Veri Analizi 101,3,549,0,PayPal,EMP_10,Mobile,1647.0
ORD503422,2026-06-10,Wednesday,19:30,Bursa,Nilüfer,CUST11602,New,Male,25.0,Kitap,Finans,2,459,5,Bank Transfer,EMP_23,Mobile,872.1
ORD503423,2026-06-14,Sunday,20:45,Antalya,Muratpaşa,CUST11557,Returning,Male,25.0,Ofis,Kalem Seti,1,229,0,Card,EMP_26,Mobile,229.0
ORD503424,2026-06-06,Saturday,19:00,İstanbul,Şişli,CUST10864,New,Male,38.0,Elektronik,Laptop Standı,1,999,0,Card,EMP_06,Web,999.0
ORD503425,2026-06-24,Wednesday,16:10,Antalya,Muratpaşa,CUST11140,New,Male,22.0,Ev,Saklama Kabı,2,299,10,Bank Transfer,EMP_01,Mobile,538.2
ORD503426,2026-06-29,Monday,17:40,Kocaeli,İzmit,CUST10026,New,Male,20.0,Ev,Blender,1,2199,5,Card,EMP_18,Web,2089.05
ORD503427,2026-06-24,Wednesday,10:55,İstanbul,Şişli,CUST10476,New,Female,64.0,Kitap,Finans,3,459,0,PayPal,EMP_20,Mobile,1377.0
ORD503428,2026-06-20,Saturday,18:20,Adana,Seyhan,CUST11296,New,Female,54.0,Ev,French Press,2,649,0,Card,EMP_30,Mobile,1298.0
ORD503429,2026-06-06,Saturday,14:15,İstanbul,Kadıköy,CUST10355,New,Female,37.0,Kitap,Finans,2,459,15,Wallet,EMP_14,Mobile,780.3
ORD503430,2026-06-03,Wednesday,12:20,İzmir,Karşıyaka,CUST11524,New,Female,57.0,Elektronik,Akıllı Saat,1,3499,5,PayPal,EMP_30,Mobile,3324.05
ORD503431,2026-06-04,Thursday,20:50,İstanbul,Şişli,CUST11562,New,Female,32.0,Kozmetik,Parfüm,1,1799,0,Card,EMP_28,Mobile,1799.0
ORD503432,2026-06-07,Sunday,19:50,Konya,Selçuklu,CUST10644,Returning,Female,27.0,Elektronik,Kablosuz Mouse,2,499,0,Card,EMP_12,Web,998.0
ORD503433,2026-06-13,Saturday,18:30,Eskişehir,Odunpazarı,CUST10641,New,Female,43.0,Kitap,Bilim,4,429,0,Bank Transfer,EMP_26,Web,1716.0
ORD503434,2026-06-18,Thursday,19:45,İstanbul,Şişli,CUST10670,Returning,Male,60.0,Ev,Blender,1,2199,0,Bank Transfer,EMP_25,Mobile,2199.0
ORD503435,2026-06-22,Monday,19:35,Antalya,Muratpaşa,CUST10467,Returning,Female,49.0,Kitap,Roman,1,299,0,Wallet,EMP_04,Mobile,299.0
ORD503436,2026-06-12,Friday,16:05,Adana,Seyhan,CUST10069,New,Male,31.0,Kozmetik,Güneş Kremi,2,599,5,Wallet,EMP_09,Mobile,1138.1
ORD503437,2026-06-17,Wednesday,12:05,Adana,Seyhan,CUST11888,Returning,Male,59.0,Elektronik,Bluetooth Kulaklık,1,1299,5,Wallet,EMP_02,Mobile,1234.05
ORD503438,2026-06-11,Thursday,20:35,Ankara,Yenimahalle,CUST11969,Returning,Male,55.0,Elektronik,Powerbank,1,899,10,PayPal,EMP_18,Mobile,809.1
ORD503439,2026-06-11,Thursday,18:30,İstanbul,Kadıköy,CUST11550,New,Female,29.0,Elektronik,Kablosuz Mouse,1,499,5,Wallet,EMP_29,Web,474.05
ORD503440,2026-06-19,Friday,18:15,Ankara,Çankaya,CUST10385,Returning,Female,29.0,Ev,Masa Lambası,1,899,10,Wallet,EMP_01,Mobile,809.1
ORD503441,2026-06-09,Tuesday,18:55,Kocaeli,İzmit,CUST11593,Returning,Male,25.0,Kitap,Kişisel Gelişim,1,349,0,Wallet,EMP_01,Web,349.0
ORD503442,2026-06-04,Thursday,20:45,Bursa,Nilüfer,CUST11458,New,Female,65.0,Ev,French Press,2,649,5,Card,EMP_07,Mobile,1233.1
ORD503443,2026-06-21,Sunday,11:40,Ankara,Çankaya,CUST10673,New,Female,60.0,Spor,Suluk,2,249,0,Bank Transfer,EMP_09,Web,498.0
ORD503444,2026-06-27,Saturday,16:05,İstanbul,Kadıköy,CUST10417,New,Male,46.0,Elektronik,Bluetooth Kulaklık,2,1299,0,PayPal,EMP_15,Web,2598.0
ORD503445,2026-06-30,Tuesday,15:35,İstanbul,Bakırköy,CUST10508,New,Female,28.0,Elektronik,Powerbank,3,899,20,PayPal,EMP_18,Mobile,2157.6
ORD503446,2026-06-01,Monday,21:20,Adana,Seyhan,CUST11964,New,Female,40.0,Elektronik,Bluetooth Kulaklık,1,1299,0,PayPal,EMP_28,Mobile,1299.0
ORD503447,2026-06-24,Wednesday,16:55,İstanbul,Şişli,CUST11720,Returning,Male,20.0,Ofis,Defter,1,179,10,Card,EMP_06,Web,161.1
ORD503448,2026-06-15,Monday,12:35,Kocaeli,İzmit,CUST10383,New,Male,33.0,Elektronik,Bluetooth Kulaklık,1,1299,5,Wallet,EMP_01,Mobile,1234.05
ORD503449,2026-06-04,Thursday,19:10,Gaziantep,Şehitkamil,CUST11130,New,Male,54.0,Ofis,Monitör Yükseltici,1,1199,10,PayPal,EMP_23,Web,1079.1
ORD503450,2026-06-01,Monday,10:30,İstanbul,Bakırköy,CUST11643,New,Female,60.0,Ev,Saklama Kabı,1,299,15,Card,EMP_26,Mobile,254.15
ORD503451,2026-06-16,Tuesday,15:10,İstanbul,Şişli,CUST11431,New,Male,56.0,Elektronik,Akıllı Saat,1,3499,10,Wallet,EMP_03,Web,3149.1
ORD503452,2026-06-15,Monday,19:50,İstanbul,Şişli,CUST10242,Returning,Male,32.0,Elektronik,Kablosuz Mouse,3,499,0,Bank Transfer,EMP_09,Mobile,1497.0
ORD503453,2026-06-06,Saturday,19:45,Eskişehir,Odunpazarı,CUST11766,Returning,Male,61.0,Kitap,Finans,3,459,0,Bank Transfer,EMP_10,Mobile,1377.0
ORD503454,2026-06-08,Monday,12:50,Gaziantep,Şehitkamil,CUST11084,Returning,Male,59.0,Spor,Suluk,1,249,0,Wallet,EMP_28,Mobile,249.0
ORD503455,2026-06-28,Sunday,16:55,İstanbul,Bakırköy,CUST10254,Returning,Male,51.0,Kozmetik,Serum,1,899,0,PayPal,EMP_06,Mobile,899.0
ORD503456,2026-06-03,Wednesday,18:20,Adana,Seyhan,CUST10114,New,Female,62.0,Kozmetik,Serum,3,899,5,PayPal,EMP_14,Mobile,2562.15
ORD503457,2026-06-30,Tuesday,12:15,İzmir,Bornova,CUST10650,Returning,Male,22.0,Elektronik,Powerbank,1,899,0,Card,EMP_05,Web,899.0
ORD503458,2026-06-08,Monday,13:35,İstanbul,Kadıköy,CUST10971,New,Female,24.0,Elektronik,Kablosuz Mouse,1,499,5,PayPal,EMP_25,Mobile,474.05
ORD503459,2026-06-09,Tuesday,16:05,İstanbul,Şişli,CUST10753,Returning,Female,19.0,Kozmetik,Serum,1,899,10,Wallet,EMP_26,Web,809.1
ORD503460,2026-06-22,Monday,20:15,İzmir,Bornova,CUST11609,New,Female,20.0,Kozmetik,Serum,3,899,0,Bank Transfer,EMP_22,Mobile,2697.0
ORD503461,2026-06-15,Monday,13:15,İstanbul,Şişli,CUST11677,New,Male,52.0,Elektronik,Bluetooth Kulaklık,1,1299,15,Wallet,EMP_05,Mobile,1104.15
ORD503462,2026-06-12,Friday,20:35,Konya,Selçuklu,CUST11183,Returning,Female,55.0,Ofis,Masa Düzenleyici,1,399,10,PayPal,EMP_27,Mobile,359.1
ORD503463,2026-06-25,Thursday,12:40,İstanbul,Şişli,CUST11645,Returning,Female,34.0,Kitap,Veri Analizi 101,1,549,5,Card,EMP_23,Mobile,521.55
ORD503464,2026-06-16,Tuesday,16:40,İzmir,Karşıyaka,CUST11668,Returning,Male,52.0,Ev,French Press,1,649,0,Bank Transfer,EMP_30,Web,649.0
ORD503465,2026-06-07,Sunday,19:10,Eskişehir,Odunpazarı,CUST10654,Returning,Male,24.0,Kitap,Veri Analizi 101,4,549,5,Bank Transfer,EMP_08,Mobile,2086.2
ORD503466,2026-06-07,Sunday,19:05,İzmir,Bornova,CUST11289,New,Male,37.0,Elektronik,Akıllı Saat,1,3499,5,Card,EMP_11,Mobile,3324.05
ORD503467,2026-06-05,Friday,19:10,İstanbul,Bakırköy,CUST10276,Returning,Female,18.0,Elektronik,Bluetooth Kulaklık,1,1299,0,PayPal,EMP_05,Web,1299.0
ORD503468,2026-06-11,Thursday,17:15,İzmir,Bornova,CUST11913,Returning,Female,52.0,Spor,Dambıl Seti,2,1899,5,Bank Transfer,EMP_01,Mobile,3608.1
ORD503469,2026-06-19,Friday,19:25,İzmir,Karşıyaka,CUST10242,New,Male,25.0,Kozmetik,Parfüm,2,1799,0,PayPal,EMP_08,Web,3598.0
ORD503470,2026-06-29,Monday,17:00,İstanbul,Şişli,CUST11230,Returning,Male,35.0,Kitap,Veri Analizi 101,1,549,0,PayPal,EMP_20,Web,549.0
ORD503471,2026-06-30,Tuesday,20:50,Bursa,Nilüfer,CUST10201,New,Female,25.0,Elektronik,Akıllı Saat,2,3499,0,PayPal,EMP_14,Web,6998.0
ORD503472,2026-06-02,Tuesday,19:15,İstanbul,Şişli,CUST10511,New,Female,25.0,Elektronik,Powerbank,4,899,0,Wallet,EMP_27,Mobile,3596.0
ORD503473,2026-06-30,Tuesday,20:25,İzmir,Karşıyaka,CUST10723,New,Female,20.0,Spor,Suluk,1,249,0,Bank Transfer,EMP_01,Mobile,249.0
ORD503474,2026-06-06,Saturday,19:10,Ankara,Çankaya,CUST11558,New,Male,51.0,Kozmetik,Parfüm,3,1799,10,Wallet,EMP_09,Web,4857.3
ORD503475,2026-06-01,Monday,18:45,Kocaeli,İzmit,CUST10808,Returning,Male,36.0,Ofis,Ajanda,1,319,0,Wallet,EMP_05,Mobile,319.0
ORD503476,2026-06-30,Tuesday,17:35,İstanbul,Şişli,CUST10334,Returning,Female,19.0,Ofis,Kalem Seti,1,229,0,Card,EMP_28,Mobile,229.0
ORD503477,2026-06-20,Saturday,21:15,İstanbul,Bakırköy,CUST11749,Returning,Male,18.0,Elektronik,Laptop Standı,1,999,20,Card,EMP_22,Mobile,799.2
ORD503478,2026-06-09,Tuesday,18:05,Konya,Selçuklu,CUST11070,Returning,Female,61.0,Spor,Yoga Matı,3,699,10,PayPal,EMP_17,Mobile,1887.3
ORD503479,2026-06-11,Thursday,16:20,Antalya,Muratpaşa,CUST10241,New,Male,24.0,Elektronik,Kablosuz Mouse,1,499,15,Card,EMP_08,Mobile,424.15
ORD503480,2026-06-26,Friday,15:15,Eskişehir,Odunpazarı,CUST11529,New,Female,22.0,Elektronik,Kablosuz Mouse,2,499,5,PayPal,EMP_05,Mobile,948.1
ORD503481,2026-06-10,Wednesday,21:00,Ankara,Çankaya,CUST10646,Returning,Male,23.0,Kozmetik,Güneş Kremi,2,599,0,PayPal,EMP_14,Mobile,1198.0
ORD503482,2026-06-19,Friday,14:55,İstanbul,Şişli,CUST10539,Returning,Male,39.0,Elektronik,Powerbank,4,899,10,Unknown,EMP_29,Web,3236.4
ORD503483,2026-06-19,Friday,18:55,İzmir,Karşıyaka,CUST10486,Returning,Male,21.0,Kozmetik,Şampuan,2,319,15,PayPal,EMP_10,Web,542.3
ORD503484,2026-06-13,Saturday,19:50,İstanbul,Bakırköy,CUST10074,New,Female,61.0,Elektronik,Powerbank,3,899,5,Bank Transfer,EMP_30,Mobile,2562.15
ORD503485,2026-06-16,Tuesday,17:35,İzmir,Bornova,CUST10591,Returning,Male,20.0,Kozmetik,Parfüm,1,1799,0,Card,EMP_17,Web,1799.0
ORD503486,2026-06-25,Thursday,19:20,İstanbul,Kadıköy,CUST10616,Returning,Female,34.0,Ev,Blender,1,2199,0,Card,EMP_01,Mobile,2199.0
ORD503487,2026-06-12,Friday,10:55,İstanbul,Kadıköy,CUST11193,Returning,Male,62.0,Kozmetik,Yüz Temizleyici,1,429,0,Wallet,EMP_12,Mobile,429.0
ORD503488,2026-06-25,Thursday,20:35,İzmir,Karşıyaka,CUST11739,Returning,Male,64.0,Kozmetik,Parfüm,1,1799,0,Wallet,EMP_02,Web,1799.0
ORD503489,2026-06-14,Sunday,13:40,İstanbul,Kadıköy,CUST10652,Returning,Female,57.0,Elektronik,Akıllı Saat,2,3499,10,PayPal,EMP_08,Web,6298.2
ORD503490,2026-06-19,Friday,20:20,Adana,Seyhan,CUST10352,New,Male,51.0,Ev,French Press,3,649,5,Bank Transfer,EMP_02,Mobile,1849.65
ORD503491,2026-06-11,Thursday,16:15,Ankara,Çankaya,CUST11125,Returning,Female,53.0,Spor,Dambıl Seti,2,1899,10,Bank Transfer,EMP_21,Mobile,3418.2
ORD503492,2026-06-03,Wednesday,17:25,İstanbul,Kadıköy,CUST10600,New,Male,21.0,Kozmetik,Yüz Temizleyici,3,429,10,Bank Transfer,EMP_26,Web,1158.3
ORD503493,2026-06-05,Friday,09:45,Adana,Seyhan,CUST10921,Returning,Male,33.0,Elektronik,Powerbank,2,899,0,Wallet,EMP_09,Mobile,1798.0
ORD503494,2026-06-27,Saturday,18:05,Bursa,Nilüfer,CUST11397,Returning,Male,48.0,Elektronik,Laptop Standı,1,999,5,PayPal,EMP_24,Mobile,949.05
ORD503495,2026-06-18,Thursday,17:10,Kocaeli,İzmit,CUST11543,New,Male,50.0,Spor,Suluk,2,249,10,Wallet,EMP_11,Web,448.2
ORD503496,2026-06-02,Tuesday,18:35,Gaziantep,Şehitkamil,CUST10081,Returning,Male,28.0,Ofis,Ajanda,2,319,0,Bank Transfer,EMP_29,Mobile,638.0
ORD503497,2026-06-25,Thursday,12:55,İstanbul,Bakırköy,CUST10653,Returning,Female,47.0,Spor,Pilates Bandı,1,349,0,Bank Transfer,EMP_04,Mobile,349.0
ORD503498,2026-06-15,Monday,16:45,İstanbul,Bakırköy,CUST10057,Returning,Male,39.0,Kozmetik,Şampuan,1,319,0,Bank Transfer,EMP_23,Mobile,319.0
ORD503499,2026-06-02,Tuesday,16:00,Ankara,Yenimahalle,CUST10943,New,Male,49.0,Elektronik,Akıllı Saat,1,3499,0,Bank Transfer,EMP_05,Mobile,3499.0
ORD503500,2026-06-24,Wednesday,12:50,Konya,Selçuklu,CUST11883,New,Male,39.0,Ev,Termos,1,549,0,Wallet,EMP_21,Web,549.0
